customer_id,birth_year,annual_income,num_children,num_teenagers,days_since_last_purchase,has_recent_complaint,spend_wine,spend_fruits,spend_meat,spend_fish,spend_sweets,spend_gold,num_discount_purchases,num_web_purchases,num_catalog_purchases,num_store_purchases,web_visits_last_month,accepted_campaign_1,accepted_campaign_2,accepted_campaign_3,accepted_campaign_4,accepted_campaign_5,accepted_last_campaign,education_level_2n Cycle,education_level_Basic,education_level_Graduation,education_level_Master,education_level_PhD,marital_status_Absurd,marital_status_Alone,marital_status_Divorced,marital_status_Married,marital_status_Single,marital_status_Together,marital_status_Widow,marital_status_YOLO,age,total_spend,total_purchases,family_size
5524.0,1957.0,58138.0,0.0,0.0,58.0,0.0,635.0,81.0,546.0,120.5,81.0,88.0,3.0,8.0,10.0,4.0,7.0,0.0,0.0,0.0,0.0,0.0,1.0,False,False,True,False,False,False,False,False,False,True,False,False,False,68.0,1617.0,22.0,0.0
2174.0,1954.0,46344.0,1.0,1.0,38.0,0.0,11.0,1.0,6.0,2.0,1.0,6.0,2.0,1.0,1.0,2.0,5.0,0.0,0.0,0.0,0.0,0.0,0.0,False,False,True,False,False,False,False,False,False,True,False,False,False,71.0,27.0,4.0,2.0
4141.0,1965.0,71613.0,0.0,0.0,26.0,0.0,426.0,49.0,127.0,111.0,21.0,42.0,1.0,8.0,2.0,10.0,4.0,0.0,0.0,0.0,0.0,0.0,0.0,False,False,True,False,False,False,False,False,False,False,True,False,False,60.0,776.0,20.0,0.0
6182.0,1984.0,26646.0,1.0,0.0,26.0,0.0,11.0,4.0,20.0,10.0,3.0,5.0,2.0,2.0,0.0,4.0,6.0,0.0,0.0,0.0,0.0,0.0,0.0,False,False,True,False,False,False,False,False,False,False,True,False,False,41.0,53.0,6.0,1.0
5324.0,1981.0,58293.0,1.0,0.0,94.0,0.0,173.0,43.0,118.0,46.0,27.0,15.0,5.0,5.0,3.0,6.0,5.0,0.0,0.0,0.0,0.0,0.0,0.0,False,False,False,False,True,False,False,False,True,False,False,False,False,44.0,422.0,14.0,1.0
7446.0,1967.0,62513.0,0.0,1.0,16.0,0.0,520.0,42.0,98.0,0.0,42.0,14.0,2.0,6.0,4.0,10.0,6.0,0.0,0.0,0.0,0.0,0.0,0.0,False,False,False,True,False,False,False,False,False,False,True,False,False,58.0,716.0,20.0,1.0
965.0,1971.0,55635.0,0.0,1.0,34.0,0.0,235.0,65.0,164.0,50.0,49.0,27.0,4.0,7.0,3.0,7.0,6.0,0.0,0.0,0.0,0.0,0.0,0.0,False,False,True,False,False,False,False,True,False,False,False,False,False,54.0,590.0,17.0,1.0
6177.0,1985.0,33454.0,1.0,0.2706372617767627,32.0,0.0,76.0,10.0,56.0,3.0,1.0,23.0,2.0,4.0,0.0,4.0,8.0,0.0,0.0,0.0,0.0,0.0,0.0,False,False,False,False,True,False,False,False,True,False,False,False,False,40.0,169.0,8.0,1.2706372617767627
4855.0,1974.0,30351.0,1.0,0.0,19.0,0.0,14.0,0.0,24.0,3.0,3.0,2.0,1.0,3.0,0.0,2.0,9.0,0.0,0.0,0.0,0.0,0.0,1.0,False,False,False,False,True,False,False,False,False,False,True,False,False,51.0,46.0,5.0,1.0
5899.0,1950.0,5648.0,1.0,1.0,68.0,0.0,28.0,0.0,6.0,1.0,1.0,13.0,1.0,1.0,0.0,0.0,13.0,0.0,0.0,1.0,0.0,0.0,0.0,False,False,True,False,False,False,False,False,False,False,True,False,False,75.0,49.0,1.0,2.0
1994.0,1983.0,29852.725265674773,1.0,0.0,11.0,0.0,5.0,5.0,6.0,0.0,2.0,1.0,1.0,1.0,0.0,2.0,7.0,0.0,0.0,0.0,0.0,0.0,0.0,False,False,True,False,False,False,False,False,True,False,False,False,False,42.0,19.0,3.0,1.0
387.0,1976.0,7500.0,0.0,0.0,59.0,0.0,6.0,16.0,11.0,11.0,1.0,16.0,1.0,2.0,0.0,3.0,8.0,0.0,0.0,0.0,0.0,0.0,0.0,False,True,False,False,False,False,False,False,True,False,False,False,False,49.0,61.0,5.0,0.0
2125.0,1959.0,63033.0,0.0,0.0,82.0,0.0,194.0,61.0,480.0,120.5,81.0,30.0,1.0,3.0,4.0,8.0,2.0,0.0,0.0,0.0,0.0,0.0,0.0,False,False,True,False,False,False,False,True,False,False,False,False,False,66.0,1102.0,15.0,0.0
8180.0,1952.0,59354.0,1.0,1.0,53.0,0.0,233.0,2.0,53.0,3.0,5.0,14.0,3.0,6.0,1.0,5.0,6.0,0.0,0.0,0.0,0.0,0.0,0.0,False,False,False,True,False,False,False,True,False,False,False,False,False,73.0,310.0,12.0,2.0
2569.0,1987.0,17323.0,0.0,0.0,38.0,0.0,3.0,14.0,17.0,6.0,1.0,5.0,1.0,1.0,0.0,3.0,8.0,0.0,0.0,0.0,0.0,0.0,0.0,False,False,True,False,False,False,False,False,True,False,False,False,False,38.0,46.0,4.0,0.0
2114.0,1946.0,82800.0,0.0,0.0,23.0,0.0,1006.0,22.0,115.0,59.0,68.0,45.0,1.0,7.0,6.0,12.0,3.0,1.0,0.0,0.0,0.0,1.0,1.0,False,False,False,False,True,False,False,False,False,True,False,False,False,79.0,1315.0,25.0,0.0
9736.0,1980.0,41850.0,1.0,1.0,51.0,0.0,53.0,5.0,19.0,2.0,13.0,4.0,3.0,3.0,0.0,3.0,8.0,0.0,0.0,0.0,0.0,0.0,0.0,False,False,True,False,False,False,False,False,True,False,False,False,False,45.0,96.0,6.0,2.0
4939.0,1946.0,37760.0,0.0,0.0,20.0,0.0,84.0,5.0,38.0,120.5,12.0,28.0,2.0,4.0,1.0,6.0,7.0,0.0,0.0,0.0,0.0,0.0,0.0,False,False,True,False,False,False,False,False,False,False,True,False,False,79.0,317.0,11.0,0.0
6565.0,1949.0,76995.0,0.0,1.0,91.0,0.0,1012.0,80.0,498.0,0.0,16.0,126.5,2.0,11.0,4.0,9.0,5.0,1.0,0.0,0.0,0.0,0.0,0.0,False,False,False,True,False,False,False,False,True,False,False,False,False,76.0,1782.0,24.0,1.0
2278.0,1985.0,33812.0,1.0,0.0,86.0,0.0,4.0,17.0,19.0,30.0,24.0,39.0,2.0,2.0,1.0,3.0,6.0,0.0,0.0,0.0,0.0,0.0,0.0,True,False,False,False,False,False,False,False,False,True,False,False,False,40.0,133.0,6.0,1.0
9360.0,1982.0,37040.0,0.0,0.0,41.0,0.0,86.0,2.0,73.0,69.0,38.0,48.0,1.0,4.0,2.0,5.0,8.0,0.0,0.0,0.0,0.0,0.0,0.0,False,False,True,False,False,False,False,False,True,False,False,False,False,43.0,316.0,11.0,0.0
5376.0,1979.0,2447.0,1.0,0.0,42.0,0.0,1.0,1.0,556.0,1.0,1.0,1.0,6.0,0.0,10.0,0.0,1.0,0.0,0.0,0.0,0.0,0.0,0.0,False,False,True,False,False,False,False,False,True,False,False,False,False,46.0,1730.0,28.0,1.0
1993.0,1949.0,58607.0,0.0,1.0,63.0,0.0,867.0,0.0,86.0,0.0,0.0,19.0,3.0,2.0,3.0,9.0,8.0,0.0,0.0,0.0,1.0,0.0,0.0,False,False,False,False,True,False,False,False,True,False,False,False,False,76.0,972.0,14.0,1.0
4047.0,1954.0,65324.0,0.0,1.0,0.0,0.0,384.0,0.0,102.0,21.0,32.0,5.0,3.0,6.0,2.0,9.0,4.0,0.0,0.0,0.0,0.0,0.0,0.0,False,False,False,False,True,False,False,False,True,False,False,False,False,71.0,544.0,17.0,1.0
1409.0,1951.0,40689.0,0.0,1.3451586150026458,69.0,0.0,270.0,3.0,27.0,39.0,6.0,99.0,6.0,7.0,1.0,5.0,8.0,0.0,0.0,0.0,0.0,0.0,0.0,False,False,True,False,False,False,False,False,False,False,True,False,False,74.0,444.0,13.0,1.3451586150026458
7892.0,1969.0,18589.0,0.0,0.0,89.0,0.0,6.0,4.0,25.0,15.0,12.0,13.0,2.0,2.0,1.0,3.0,7.0,0.0,0.0,0.0,0.0,0.0,0.0,False,False,True,False,False,False,False,False,False,True,False,False,False,56.0,75.0,6.0,0.0
2404.0,1976.0,53359.0,1.0,1.0,4.0,0.0,173.0,4.0,30.0,3.0,6.0,41.0,4.0,5.0,1.0,4.0,7.0,0.0,0.0,0.0,0.0,0.0,0.0,False,False,True,False,False,False,False,False,True,False,False,False,False,49.0,257.0,10.0,2.0
5255.0,1986.0,79957.92872934813,1.0,0.0,19.0,0.0,5.0,1.0,3.0,3.0,81.0,126.5,0.0,12.0,0.0,0.0,1.0,0.0,0.0,0.0,0.0,0.0,0.0,False,False,True,False,False,False,False,False,False,True,False,False,False,39.0,637.0,27.0,1.0
9422.0,1989.0,38360.0,1.0,0.0,26.0,0.0,36.0,2.0,42.0,20.0,21.0,10.0,2.0,2.0,1.0,4.0,3.0,0.0,0.0,0.0,0.0,0.0,0.0,False,False,True,False,False,False,False,False,True,False,False,False,False,36.0,131.0,7.0,1.0
1966.0,1965.0,84618.0,0.0,0.0,96.0,0.0,684.0,81.0,556.0,21.0,66.0,0.0,1.0,6.0,9.0,10.0,2.0,0.0,0.0,0.0,0.0,1.0,0.0,False,False,False,False,True,False,False,False,True,False,False,False,False,60.0,1672.0,25.0,0.0
6864.0,1989.0,10979.0,0.0,0.0,34.0,0.0,8.0,4.0,10.0,2.0,2.0,4.0,2.0,3.0,0.0,3.0,5.0,0.0,0.0,0.0,0.0,0.0,0.0,False,False,False,True,False,False,False,True,False,False,False,False,False,36.0,30.0,6.0,0.0
3033.0,1963.0,38620.0,0.0,0.0,56.0,0.0,112.0,17.0,44.0,34.0,22.0,89.0,1.0,2.0,5.0,3.0,3.0,0.0,0.0,0.0,0.0,0.0,0.0,False,False,False,True,False,False,False,False,False,False,True,False,False,62.0,318.0,10.0,0.0
5710.0,1970.0,40548.0,0.0,1.0,31.0,0.0,110.0,0.0,5.0,2.0,0.0,3.0,2.0,2.0,1.0,4.0,5.0,0.0,0.0,0.0,1.0,0.0,0.0,False,False,True,False,False,False,False,False,False,False,True,False,False,55.0,120.0,7.0,1.0
7373.0,1952.0,46610.0,0.0,2.0,8.0,0.0,96.0,12.0,96.0,33.0,22.0,43.0,6.0,4.0,1.0,6.0,6.0,0.0,0.0,0.0,0.0,0.0,1.0,False,False,False,False,True,False,False,True,False,False,False,False,False,73.0,302.0,11.0,2.0
8755.0,1946.0,68657.0,0.0,0.0,4.0,0.0,482.0,34.0,471.0,119.0,68.0,22.0,1.0,3.0,5.0,9.0,7.0,0.0,0.0,0.0,0.0,0.0,0.0,False,False,False,True,False,False,False,False,True,False,False,False,False,79.0,1196.0,17.0,0.0
10738.0,1951.0,49389.0,1.0,1.0,55.0,0.0,40.0,0.0,19.0,2.0,1.0,3.0,1.0,2.0,0.0,3.0,7.0,0.0,0.0,0.0,0.0,0.0,0.0,False,False,False,True,False,False,False,False,False,True,False,False,False,74.0,65.0,5.0,2.0
4339.0,1970.0,67353.0,0.0,1.0,37.0,0.0,702.0,17.0,151.0,0.0,8.0,35.0,5.0,5.0,6.0,12.0,2.0,0.0,0.0,0.0,0.0,0.0,0.0,False,False,False,False,True,False,False,False,True,False,False,False,False,55.0,913.0,23.0,1.0
10755.0,1976.0,23718.0,1.0,0.0,76.0,0.0,6.0,3.0,14.0,15.0,7.0,36.0,3.0,3.0,1.0,2.0,7.0,0.0,0.0,0.0,0.0,0.0,0.0,True,False,False,False,False,False,False,False,True,False,False,False,False,49.0,81.0,6.0,1.0
8595.0,1973.0,42429.0,0.0,1.0,99.0,0.0,55.0,0.0,6.0,2.0,0.0,4.0,2.0,1.0,1.0,3.0,5.0,0.0,0.0,0.0,0.0,0.0,0.0,False,False,True,False,False,False,False,False,False,False,False,True,False,52.0,67.0,5.0,1.0
2968.0,1943.0,48948.0,0.0,0.0,53.0,0.0,437.0,8.0,206.0,120.5,49.0,42.0,2.0,7.0,10.0,5.0,6.0,0.0,0.0,1.0,0.0,0.0,1.0,False,False,False,False,True,False,False,True,False,False,False,False,False,82.0,902.0,22.0,0.0
8601.0,1980.0,80011.0,0.0,1.0,3.0,0.0,421.0,76.0,536.0,82.0,81.0,102.0,2.0,8.0,6.0,5.0,4.0,0.0,0.0,0.0,0.0,0.0,0.0,False,False,True,False,False,False,False,False,True,False,False,False,False,45.0,1395.0,19.0,1.0
503.0,1985.0,20559.0,1.0,0.0,88.0,0.0,13.0,1.0,29.0,3.0,0.0,7.0,2.0,2.0,0.0,3.0,8.0,0.0,0.0,0.0,0.0,0.0,0.0,False,False,False,True,False,False,False,False,True,False,False,False,False,40.0,53.0,5.0,1.0
8430.0,1957.0,21994.0,0.0,1.0,4.0,0.0,9.0,0.0,6.0,3.0,1.0,3.0,1.0,0.0,0.0,3.0,5.0,0.0,0.0,0.0,0.0,0.0,0.0,False,False,True,False,False,False,False,False,False,False,True,False,False,68.0,22.0,3.0,1.0
7281.0,1959.0,49595.47645331184,0.0,0.0,80.0,0.0,81.0,11.0,50.0,3.0,2.0,39.0,1.0,1.0,3.0,4.0,2.0,0.0,0.0,0.0,0.0,0.0,0.0,False,False,False,False,True,False,False,False,False,True,False,False,False,66.0,186.0,8.0,0.0
2139.0,1975.0,7500.0,1.0,0.0,19.0,0.0,3.0,1.0,10.0,3.0,2.0,12.0,3.0,2.0,0.0,3.0,5.0,0.0,0.0,0.0,0.0,0.0,0.0,False,False,False,True,False,False,False,False,True,False,False,False,False,50.0,31.0,5.0,1.0
1371.0,1976.0,79941.0,0.0,0.0,72.0,0.0,123.0,81.0,266.0,120.5,30.0,126.5,1.0,2.0,4.0,9.0,1.0,0.0,0.0,0.0,0.0,0.0,0.0,False,False,True,False,False,False,False,False,False,True,False,False,False,49.0,984.0,15.0,0.0
9909.0,1996.0,7500.0,0.0,0.0,24.0,0.0,3.0,18.0,14.0,15.0,22.0,50.0,3.0,3.0,1.0,3.0,9.0,0.0,0.0,0.0,0.0,0.0,1.0,True,False,False,False,False,False,False,False,True,False,False,False,False,29.0,122.0,7.0,0.0
7286.0,1968.0,41728.0,1.0,0.0,92.0,0.0,13.0,6.0,15.0,3.0,5.0,13.0,1.0,2.0,0.0,2.0,10.0,0.0,0.0,0.0,0.0,0.0,0.0,False,False,True,False,False,False,False,False,False,False,True,False,False,57.0,55.0,4.0,1.0
7244.0,1951.0,43777.13237098561,2.0,1.0,96.0,0.0,48.0,5.0,48.0,6.0,10.0,7.0,3.0,2.0,1.0,4.0,6.0,0.0,0.0,0.0,0.0,0.0,0.0,False,False,True,False,False,False,False,False,False,True,False,False,False,74.0,124.0,7.0,2.5
6566.0,1954.0,72550.0,1.0,1.0,39.0,0.0,826.0,50.0,317.0,50.0,38.0,38.0,6.0,5.0,2.0,12.0,8.0,0.0,0.0,0.0,0.0,0.0,0.0,False,False,False,False,True,False,False,False,True,False,False,False,False,71.0,1319.0,19.0,2.0
8614.0,1957.0,65486.0,0.0,1.0,29.0,0.0,245.0,19.0,125.0,37.0,67.0,14.0,1.0,4.0,2.0,10.0,2.0,0.0,0.0,0.0,0.0,0.0,0.0,False,False,True,False,False,False,False,False,False,False,False,True,False,68.0,507.0,16.0,1.0
4114.0,1964.0,79143.0,0.0,0.0,2.0,0.0,650.0,37.0,556.0,27.0,81.0,32.0,1.0,6.0,9.0,13.0,3.0,0.0,0.0,0.0,0.0,0.0,0.0,False,False,False,True,False,False,False,False,True,False,False,False,False,61.0,1693.0,28.0,0.0
1331.0,1977.0,35790.0,1.0,0.0,54.0,0.0,12.0,6.0,20.0,30.0,1.0,3.0,2.0,2.0,0.0,3.0,7.0,0.0,0.0,0.0,0.0,0.0,0.0,False,False,True,False,False,False,False,False,False,True,False,False,False,48.0,72.0,5.0,1.0
2225.0,1977.0,82582.0,0.0,0.0,54.0,0.0,510.0,81.0,550.0,120.5,40.0,126.5,1.0,4.0,9.0,7.0,1.0,1.0,0.0,1.0,0.0,0.0,1.0,False,False,True,False,False,False,False,True,False,False,False,False,False,48.0,1617.0,20.0,0.0
9381.0,1978.0,66373.0,1.0,1.0,57.0,0.0,328.0,9.0,124.0,12.0,24.0,109.0,6.0,4.0,2.0,10.0,3.0,0.0,0.0,0.0,0.0,0.0,0.0,False,False,True,False,False,False,False,False,True,False,False,False,False,47.0,606.0,16.0,2.0
6260.0,1955.0,82384.0,0.0,0.0,55.0,0.0,984.0,51.0,432.0,120.5,81.0,126.5,1.0,3.0,10.0,13.0,1.0,0.0,0.0,0.0,0.0,1.0,1.0,False,False,False,True,False,False,False,False,False,False,True,False,False,70.0,1957.0,26.0,0.0
10383.0,1966.0,70287.0,0.0,0.0,30.0,0.0,295.0,35.0,482.0,120.5,81.0,40.0,1.0,5.0,5.0,10.0,3.0,0.0,0.0,0.0,0.0,0.0,1.0,False,False,True,False,False,False,False,True,False,False,False,False,False,59.0,1093.0,20.0,0.0
7437.0,1988.0,27938.0,1.0,0.0,31.0,0.0,13.0,0.0,8.0,2.0,1.0,5.0,1.0,1.0,0.0,4.0,3.0,0.0,0.0,0.0,0.0,0.0,0.0,False,False,True,False,False,False,False,False,False,True,False,False,False,37.0,29.0,5.0,1.0
8557.0,1982.0,34766.64927749467,1.0,0.0,57.0,0.0,11.0,3.0,22.0,2.0,2.0,6.0,2.0,2.0,0.0,3.0,6.0,0.0,0.0,0.0,0.0,0.0,0.0,False,False,True,False,False,False,False,False,False,True,False,False,False,43.0,46.0,5.0,1.0
8375.0,1968.0,55954.0,0.0,1.0,63.0,0.0,447.0,0.0,28.0,0.0,0.0,43.0,3.0,8.0,2.0,6.0,7.0,0.0,0.0,0.0,0.0,0.0,0.0,False,False,False,False,True,False,False,False,True,False,False,False,False,57.0,518.0,16.0,1.0
6853.0,1982.0,75777.0,0.0,0.0,12.0,0.0,712.0,26.0,538.0,69.0,13.0,80.0,1.0,3.0,6.0,11.0,1.0,0.0,0.0,0.0,1.0,1.0,1.0,False,False,False,True,False,False,False,False,False,True,False,False,False,43.0,1438.0,20.0,0.0
3076.0,1975.0,66653.0,1.0,1.0,18.0,0.0,452.0,18.0,102.0,16.0,18.0,6.0,4.0,4.0,2.0,12.0,3.0,0.0,0.0,0.0,0.0,0.0,0.0,False,False,True,False,False,False,False,False,False,False,True,False,False,50.0,612.0,18.0,2.0
1012.0,1952.0,61823.0,0.0,1.0,26.0,0.0,523.0,7.0,134.0,37.0,14.0,126.5,4.0,8.0,2.0,10.0,7.0,0.0,0.0,0.0,0.0,0.0,0.0,False,False,True,False,False,False,False,False,False,True,False,False,False,73.0,884.0,20.0,1.0
6518.0,1951.0,67680.0,0.0,1.0,8.0,0.0,546.0,0.0,48.0,0.0,6.0,6.0,1.0,7.0,3.0,8.0,5.0,0.0,0.0,0.0,0.0,0.0,0.0,False,False,False,False,True,False,False,False,False,False,False,True,False,74.0,606.0,18.0,1.0
4137.0,1948.0,70666.0,0.0,0.0,29.0,0.0,398.0,40.0,367.0,119.0,81.0,30.0,1.0,7.0,4.0,4.0,4.0,0.0,0.0,0.0,0.0,0.0,0.0,False,False,True,False,False,False,False,False,False,False,True,False,False,77.0,1076.0,15.0,0.0
8082.0,1971.0,25721.0,1.0,0.0,75.0,0.0,1.0,3.0,6.0,3.0,6.0,15.0,1.0,1.0,1.0,2.0,7.0,0.0,0.0,0.0,0.0,0.0,1.0,False,False,True,False,False,False,False,False,True,False,False,False,False,54.0,34.0,4.0,1.0
1386.0,1967.0,32474.0,1.0,1.0,0.0,0.0,10.0,0.0,1.0,0.0,0.0,0.0,1.0,1.0,0.0,2.0,7.0,0.0,0.0,0.0,0.0,0.0,0.0,False,False,True,False,False,False,False,False,False,False,True,False,False,58.0,11.0,3.0,2.0
9369.0,1979.0,88194.0,0.0,1.0,19.0,0.0,688.0,14.0,309.0,120.5,24.0,38.0,1.0,11.0,10.0,10.0,5.0,1.0,0.0,1.0,0.0,0.0,1.0,True,False,False,False,False,False,False,False,False,True,False,False,False,46.0,1274.0,31.0,1.0
4477.0,1958.0,69096.0,0.0,1.0,4.0,0.0,247.0,49.0,159.0,7.0,81.0,109.0,1.0,5.0,2.0,10.0,4.0,0.0,0.0,0.0,0.0,0.0,0.0,False,False,True,False,False,False,False,False,False,False,True,False,False,67.0,653.0,17.0,1.0
1357.0,1970.0,74854.0,1.0,2.0,90.0,0.0,856.0,59.0,487.0,58.0,29.0,73.0,6.0,2.0,5.0,5.0,5.0,0.0,0.0,0.0,0.0,0.0,0.0,False,False,True,False,False,False,False,False,False,False,True,False,False,55.0,1562.0,12.0,2.5
1402.0,1954.0,66991.0,0.0,0.0,1.0,0.0,496.0,36.0,460.0,120.5,60.0,12.0,3.0,4.0,8.0,6.0,3.0,0.0,0.0,0.0,0.0,0.0,0.0,False,False,False,True,False,False,False,False,True,False,False,False,False,71.0,1253.0,18.0,0.0
10629.0,1973.0,31358.392599005136,1.0,0.0,25.0,0.0,25.0,3.0,43.0,17.0,4.0,17.0,3.0,3.0,0.0,3.0,8.0,0.0,0.0,0.0,0.0,0.0,0.0,True,False,False,False,False,False,False,False,True,False,False,False,False,52.0,109.0,6.0,1.0
6312.0,1959.0,65031.0,0.0,1.0,29.0,0.0,258.0,81.0,291.0,84.0,37.0,86.0,4.0,10.0,3.0,13.0,7.0,0.0,0.0,0.0,0.0,0.0,0.0,False,False,True,False,False,False,False,False,True,False,False,False,False,66.0,863.0,26.0,1.0
8132.0,1975.0,60631.0,1.0,1.0,88.0,0.0,565.0,6.0,65.0,0.0,6.0,19.0,5.0,9.0,2.0,8.0,7.0,0.0,0.0,0.0,1.0,0.0,0.0,False,False,False,False,True,False,False,False,True,False,False,False,False,50.0,661.0,19.0,2.0
1050.0,1952.0,28332.0,0.0,0.0,58.0,0.0,14.0,10.0,13.0,4.0,15.0,9.0,1.0,2.0,1.0,4.0,2.0,0.0,0.0,0.0,0.0,0.0,0.0,False,False,True,False,False,False,False,False,True,False,False,False,False,73.0,65.0,7.0,0.0
5846.0,1977.0,40246.0,1.0,0.0,68.0,0.0,2.0,1.0,6.0,2.0,1.0,1.0,1.0,1.0,0.0,2.0,6.0,0.0,0.0,0.0,0.0,0.0,0.0,False,False,True,False,False,False,False,True,False,False,False,False,False,48.0,13.0,3.0,1.0
1859.0,1972.0,75251.0,0.0,0.0,34.0,0.0,721.0,81.0,556.0,97.0,18.0,18.0,1.0,7.0,6.0,5.0,5.0,0.0,0.0,0.0,0.0,0.0,1.0,False,False,False,True,False,False,False,False,True,False,False,False,False,53.0,1890.0,18.0,0.0
7503.0,1976.0,75825.0,0.0,0.0,40.0,0.0,1032.0,81.0,556.0,120.5,81.0,51.0,0.0,5.0,8.0,9.0,4.0,0.0,0.0,1.0,0.0,0.0,1.0,False,False,True,False,False,False,False,False,False,True,False,False,False,49.0,2209.0,22.0,0.0
10401.0,1976.0,26326.0,0.0,0.0,12.0,1.0,1.0,0.0,5.0,0.0,3.0,9.0,1.0,0.0,0.0,3.0,3.0,0.0,0.0,0.0,0.0,0.0,0.0,True,False,False,False,False,False,False,False,False,False,True,False,False,49.0,18.0,3.0,0.0
1618.0,1965.0,56046.0,0.0,0.0,9.0,0.0,577.0,0.0,64.0,0.0,0.0,51.0,2.0,10.0,1.0,8.0,8.0,0.0,0.0,1.0,0.0,0.0,1.0,False,False,True,False,False,False,False,False,False,False,True,False,False,60.0,692.0,19.0,0.0
3332.0,1985.0,29760.0,1.0,0.0,87.0,0.0,64.0,4.0,68.0,7.0,5.0,17.0,4.0,3.0,1.0,4.0,8.0,0.0,0.0,0.0,0.0,0.0,0.0,False,False,True,False,False,False,False,False,False,True,False,False,False,40.0,165.0,8.0,1.0
2261.0,1969.0,26304.0,1.0,0.0,5.0,0.0,4.0,1.0,5.0,2.0,0.0,4.0,1.0,1.0,0.0,2.0,7.0,0.0,0.0,0.0,0.0,0.0,0.0,False,False,True,False,False,False,False,False,True,False,False,False,False,56.0,16.0,3.0,1.0
5346.0,1973.0,23559.0,1.0,0.0,87.0,0.0,25.0,5.0,19.0,7.0,0.0,23.0,3.0,3.0,0.0,3.0,7.0,0.0,0.0,0.0,0.0,0.0,0.0,True,False,False,False,False,False,False,False,True,False,False,False,False,52.0,79.0,6.0,1.0
4119.0,1963.0,38620.0,0.0,0.0,56.0,0.0,112.0,17.0,44.0,34.0,22.0,89.0,1.0,2.0,5.0,3.0,3.0,0.0,0.0,0.0,0.0,0.0,0.0,False,False,False,True,False,False,False,False,False,False,True,False,False,62.0,318.0,10.0,0.0
535.0,1987.0,81361.0,0.0,0.0,18.0,0.0,163.0,23.0,424.0,27.0,65.0,76.0,1.0,3.0,10.0,13.0,1.0,0.0,0.0,0.0,0.0,0.0,0.0,False,False,True,False,False,False,False,True,False,False,False,False,False,38.0,778.0,26.0,0.0
5268.0,1960.0,29440.0,1.0,1.0,95.0,0.0,17.0,8.0,14.0,10.0,4.0,3.0,2.0,1.0,0.0,4.0,7.0,0.0,0.0,0.0,0.0,0.0,0.0,False,False,True,False,False,False,False,False,True,False,False,False,False,65.0,56.0,5.0,2.0
273.0,1970.0,36138.0,1.0,1.0,48.0,0.0,130.0,0.0,16.0,0.0,0.0,5.0,5.0,3.0,1.0,4.0,7.0,0.0,0.0,0.0,1.0,0.0,0.0,False,False,False,True,False,False,False,False,True,False,False,False,False,55.0,151.0,8.0,2.0
4452.0,1957.0,50388.0,0.0,1.0,3.0,0.0,292.0,6.0,37.0,0.0,3.0,34.0,4.0,6.0,1.0,6.0,7.0,1.0,0.0,0.0,1.0,0.0,1.0,False,False,True,False,False,False,False,False,False,True,False,False,False,68.0,372.0,13.0,1.0
8504.0,1973.0,79593.0,0.0,0.0,70.0,0.0,350.0,60.0,556.0,110.0,81.0,126.5,1.0,5.0,6.0,7.0,2.0,0.0,0.0,0.0,0.0,1.0,0.0,False,False,True,False,False,False,False,False,True,False,False,False,False,52.0,1366.0,18.0,0.0
771.0,1967.0,54178.0,0.0,1.0,79.0,0.0,135.0,9.0,39.0,4.0,0.0,7.0,1.0,2.0,2.0,5.0,2.0,0.0,0.0,0.0,0.0,0.0,0.0,False,False,True,False,False,False,False,False,False,False,True,False,False,58.0,194.0,9.0,1.0
8996.0,1957.0,47995.91479412516,2.0,1.0,4.0,0.0,230.0,42.0,192.0,49.0,37.0,53.0,6.0,7.0,2.0,8.0,9.0,0.0,0.0,0.0,0.0,0.0,0.0,False,False,False,False,True,False,False,False,True,False,False,False,False,68.0,603.0,17.0,2.5
9235.0,1957.0,35907.72953593018,1.0,1.0,45.0,0.0,7.0,0.0,8.0,2.0,0.0,1.0,1.0,1.0,0.0,2.0,7.0,0.0,0.0,0.0,0.0,0.0,0.0,False,False,True,False,False,False,False,False,False,True,False,False,False,68.0,18.0,3.0,2.0
5798.0,1973.0,68121.98324204172,0.0,0.0,87.0,0.0,445.0,37.0,359.0,98.0,28.0,18.0,1.0,2.0,4.0,8.0,1.0,0.0,0.0,0.0,0.0,0.0,0.0,False,False,False,True,False,False,False,False,False,False,True,False,False,52.0,985.0,14.0,0.0
11178.0,1972.0,42394.0,1.0,0.0,69.0,0.0,15.0,2.0,10.0,0.0,1.0,4.0,1.0,1.0,0.0,3.0,7.0,0.0,0.0,0.0,0.0,0.0,0.0,False,False,False,True,False,False,False,False,False,True,False,False,False,53.0,32.0,4.0,1.0
2230.0,1970.0,23626.0,1.0,0.0,84.0,0.0,27.0,2.0,14.0,0.0,0.0,0.0,3.0,3.0,1.0,3.0,5.0,0.0,0.0,0.0,0.0,0.0,0.0,False,False,False,False,True,False,False,False,True,False,False,False,False,55.0,43.0,7.0,1.0
7516.0,1983.0,30096.0,1.0,0.0,30.0,0.0,5.0,3.0,11.0,12.0,5.0,9.0,1.0,2.0,0.0,3.0,6.0,0.0,0.0,0.0,0.0,0.0,0.0,False,False,True,False,False,False,False,False,True,False,False,False,False,42.0,45.0,5.0,1.0
7247.0,1960.0,47916.0,0.0,1.0,72.0,0.0,505.0,0.0,26.0,0.0,0.0,75.0,5.0,7.0,4.0,6.0,6.0,0.0,0.0,0.0,1.0,0.0,0.0,False,False,True,False,False,False,False,False,False,False,False,True,False,65.0,606.0,17.0,1.0
11100.0,1972.0,51813.0,1.0,1.0,37.0,0.0,51.0,2.0,7.0,0.0,1.0,2.0,2.0,2.0,0.0,3.0,7.0,0.0,0.0,0.0,0.0,0.0,0.0,False,False,True,False,False,False,False,True,False,False,False,False,False,53.0,63.0,5.0,2.0
4646.0,1951.0,78497.0,0.0,0.0,44.0,0.0,207.0,26.0,447.0,75.0,0.0,126.5,1.0,5.0,7.0,12.0,2.0,1.0,0.0,0.0,0.0,0.0,0.0,True,False,False,False,False,False,False,False,True,False,False,False,False,74.0,978.0,24.0,0.0
3037.0,1983.0,50150.0,0.0,0.0,32.0,0.0,135.0,46.0,92.0,65.0,61.0,11.0,2.0,5.0,2.0,7.0,5.0,0.0,0.0,0.0,0.0,0.0,0.0,False,False,False,False,True,False,False,False,True,False,False,False,False,42.0,410.0,14.0,0.0
1473.0,1960.0,47823.0,0.0,1.0,0.0,0.0,53.0,1.0,5.0,2.0,1.0,10.0,2.0,2.0,0.0,3.0,8.0,0.0,0.0,0.0,0.0,0.0,0.0,True,False,False,False,False,False,False,False,False,True,False,False,False,65.0,72.0,5.0,1.0
1016.0,1959.0,34554.0,0.0,1.0,43.0,0.0,41.0,1.0,6.0,2.0,0.0,5.0,2.0,2.0,0.0,3.0,6.0,0.0,0.0,0.0,0.0,0.0,0.0,False,False,False,False,True,False,False,False,False,True,False,False,False,66.0,55.0,5.0,1.0
4518.0,1979.0,85693.0,0.0,1.0,59.0,0.0,386.0,81.0,183.0,120.5,81.0,111.0,2.0,9.0,5.0,11.0,5.0,0.0,0.0,0.0,0.0,0.0,0.0,False,False,True,False,False,False,False,False,False,False,True,False,False,46.0,1169.0,25.0,1.0
9370.0,1945.0,65846.0,0.0,0.0,68.0,0.0,562.0,81.0,276.0,80.0,40.0,81.0,1.0,6.0,3.0,6.0,4.0,0.0,0.0,0.0,0.0,0.0,0.0,False,False,False,False,True,False,False,False,True,False,False,False,False,80.0,1120.0,15.0,0.0
8908.0,1959.0,87195.0,0.0,0.0,35.0,0.0,217.0,76.0,556.0,50.0,26.0,38.0,1.0,3.0,10.0,5.0,1.0,0.0,0.0,0.0,0.0,0.0,1.0,False,False,True,False,False,False,False,False,True,False,False,False,False,66.0,1097.0,19.0,0.0
8373.0,1979.0,24594.0,1.0,0.0,94.0,0.0,1.0,3.0,6.0,10.0,0.0,9.0,1.0,1.0,0.0,3.0,5.0,0.0,0.0,0.0,0.0,0.0,0.0,False,True,False,False,False,False,False,False,False,False,True,False,False,46.0,29.0,4.0,1.0
7533.0,1964.0,49096.0,1.0,1.0,15.0,0.0,144.0,1.0,32.0,2.0,1.0,7.0,4.0,4.0,1.0,4.0,7.0,0.0,0.0,0.0,0.0,0.0,0.0,False,False,True,False,False,False,False,False,True,False,False,False,False,61.0,187.0,9.0,2.0
2683.0,1969.0,52413.0,0.0,2.0,56.0,0.0,295.0,81.0,271.0,75.0,81.0,65.0,4.0,6.0,4.0,12.0,6.0,0.0,0.0,0.0,0.0,0.0,0.0,False,False,True,False,False,False,False,False,True,False,False,False,False,56.0,910.0,22.0,2.0
3629.0,1978.0,38557.0,1.0,0.0,17.0,0.0,76.0,3.0,31.0,4.0,4.0,27.0,2.0,3.0,1.0,3.0,7.0,0.0,0.0,0.0,0.0,0.0,0.0,False,False,True,False,False,False,False,False,False,True,False,False,False,47.0,145.0,7.0,1.0
10991.0,1960.0,66332.94378126183,0.0,0.0,18.0,0.0,454.0,81.0,106.0,31.0,22.0,43.0,1.0,5.0,4.0,4.0,2.0,0.0,0.0,0.0,0.0,0.0,0.0,False,False,False,True,False,False,False,False,True,False,False,False,False,65.0,850.0,13.0,0.0
5077.0,1979.0,77298.0,0.0,1.0,46.0,0.0,425.0,81.0,292.0,23.0,35.0,79.0,1.0,6.0,6.0,11.0,3.0,0.0,0.0,0.0,0.0,0.0,0.0,False,False,True,False,False,False,False,False,False,False,True,False,False,46.0,969.0,23.0,1.0
7431.0,1991.0,68126.0,0.0,0.0,40.0,0.0,1225.0,17.0,311.0,23.0,51.0,86.0,1.0,7.0,4.0,5.0,9.0,0.0,0.0,0.0,1.0,0.0,1.0,False,False,False,False,True,False,False,False,False,True,False,False,False,34.0,1820.0,16.0,0.0
3267.0,1963.0,57288.0,0.0,1.0,27.0,0.0,527.0,0.0,21.0,0.0,0.0,60.0,3.0,8.0,1.0,8.0,6.0,0.0,0.0,0.0,1.0,0.0,0.0,False,False,False,True,False,False,False,False,False,False,True,False,False,62.0,608.0,17.0,1.0
999.0,1991.0,86037.0,0.0,0.0,95.0,0.0,490.0,44.0,125.0,29.0,20.0,22.0,1.0,6.0,7.0,11.0,3.0,0.0,0.0,0.0,1.0,1.0,1.0,False,False,True,False,False,False,False,False,False,True,False,False,False,34.0,730.0,24.0,0.0
9215.0,1980.0,43974.0,1.0,0.0,19.0,0.0,378.0,0.0,101.0,0.0,0.0,72.0,5.0,6.0,4.0,6.0,7.0,0.0,0.0,0.0,0.0,0.0,0.0,False,False,False,False,True,False,False,False,True,False,False,False,False,45.0,551.0,16.0,1.0
2286.0,1962.0,50785.0,1.0,1.0,27.0,0.0,64.0,1.0,21.0,0.0,1.0,27.0,2.0,2.0,1.0,3.0,6.0,0.0,0.0,0.0,0.0,0.0,0.0,False,False,True,False,False,False,False,False,False,True,False,False,False,63.0,114.0,6.0,2.0
1592.0,1970.0,90765.0,0.0,0.0,25.0,0.0,547.0,81.0,556.0,120.5,81.0,33.0,0.0,4.0,6.0,5.0,1.0,1.0,0.0,0.0,0.0,1.0,0.0,False,False,True,False,False,False,False,False,True,False,False,False,False,55.0,1724.0,15.0,0.0
367.0,1978.0,36550.0,1.0,0.0,74.0,0.0,47.0,81.0,94.0,120.5,81.0,120.0,5.0,9.0,1.0,5.0,9.0,0.0,0.0,0.0,0.0,0.0,0.0,True,False,False,False,False,False,False,False,True,False,False,False,False,47.0,577.0,15.0,1.0
5234.0,1967.0,30753.0,1.0,1.0,85.0,0.0,12.0,5.0,25.0,0.0,9.0,30.0,2.0,1.0,1.0,3.0,5.0,0.0,0.0,0.0,0.0,0.0,0.0,True,False,False,False,False,False,False,False,False,False,True,False,False,58.0,81.0,5.0,2.0
9862.0,1969.0,21918.0,1.0,0.0,37.0,0.0,1.0,6.0,7.0,11.0,5.0,3.0,2.0,2.0,0.0,3.0,6.0,0.0,0.0,0.0,0.0,0.0,0.0,False,False,True,False,False,False,False,False,False,False,True,False,False,56.0,33.0,5.0,1.0
9805.0,1953.0,56129.0,0.0,1.0,65.0,0.0,320.0,48.0,133.0,39.0,72.0,48.0,4.0,6.0,2.0,10.0,4.0,0.0,0.0,0.0,0.0,0.0,0.0,False,False,False,True,False,False,False,False,False,False,True,False,False,72.0,660.0,18.0,1.0
6205.0,1967.0,32557.0,1.0,0.0,13.0,0.0,34.0,3.0,29.0,0.0,4.0,10.0,3.0,2.0,1.0,3.0,5.0,0.0,0.0,0.0,0.0,0.0,1.0,False,False,False,True,False,False,False,False,False,True,False,False,False,58.0,80.0,6.0,1.0
8442.0,1985.0,19510.0,2.0,0.0,63.0,0.0,9.0,0.0,7.0,3.0,4.0,7.0,2.0,1.0,0.0,3.0,7.0,0.0,0.0,0.0,0.0,0.0,0.0,False,False,False,True,False,False,False,False,True,False,False,False,False,40.0,30.0,4.0,2.0
7386.0,1976.0,30992.0,1.0,0.0,83.0,0.0,17.0,0.0,14.0,7.0,3.0,2.0,1.0,1.0,0.0,3.0,7.0,0.0,0.0,0.0,0.0,0.0,0.0,False,False,True,False,False,False,False,True,False,False,False,False,False,49.0,43.0,4.0,1.0
7215.0,1983.0,101970.0,0.0,0.0,69.0,0.0,722.0,27.0,102.0,44.0,72.0,126.5,0.0,6.0,8.0,13.0,2.0,1.0,0.0,0.0,1.0,1.0,1.0,False,False,True,False,False,False,False,False,False,True,False,False,False,42.0,1135.0,27.0,0.0
1491.0,1965.0,71488.0,0.0,0.0,87.0,0.0,162.0,33.0,124.0,40.0,28.0,126.5,2.0,3.0,4.0,7.0,1.0,0.0,0.0,0.0,0.0,0.0,0.0,True,False,False,False,False,False,False,False,False,False,True,False,False,60.0,559.0,14.0,0.0
11071.0,1984.0,79607.0,0.0,0.0,37.0,0.0,450.0,81.0,556.0,120.5,0.0,126.5,1.0,3.0,6.0,6.0,1.0,0.0,0.0,0.0,0.0,0.0,1.0,False,False,True,False,False,False,False,False,False,True,False,False,False,41.0,1923.0,15.0,0.0
3381.0,1953.0,54348.0,1.0,1.0,51.0,0.0,70.0,0.0,16.0,0.0,0.0,4.0,2.0,2.0,0.0,4.0,6.0,0.0,0.0,0.0,0.0,0.0,0.0,False,False,False,True,False,False,False,False,True,False,False,False,False,72.0,90.0,6.0,2.0
8268.0,1961.0,50637.899353266635,0.0,1.0,23.0,0.0,352.0,0.0,27.0,10.0,0.0,15.0,3.0,6.0,1.0,7.0,6.0,0.0,0.0,0.0,0.0,0.0,0.0,False,False,False,False,True,False,False,False,True,False,False,False,False,64.0,404.0,14.0,1.0
11051.0,1956.0,77376.0,1.0,1.0,72.0,0.0,492.0,19.0,110.0,16.0,12.0,12.0,4.0,6.0,3.0,10.0,4.0,0.0,0.0,0.0,0.0,0.0,0.0,False,False,False,False,True,False,False,False,False,False,True,False,False,69.0,661.0,19.0,2.0
8026.0,1952.0,62998.0,0.0,1.0,10.0,0.0,120.0,58.0,73.0,65.0,81.0,58.0,5.0,5.0,4.0,5.0,5.0,0.0,0.0,0.0,0.0,0.0,0.0,False,False,True,False,False,False,False,False,True,False,False,False,False,73.0,463.0,14.0,1.0
433.0,1958.0,61331.0,1.0,1.0,42.0,0.0,534.0,5.0,47.0,0.0,5.0,41.0,5.0,11.0,1.0,6.0,8.0,0.0,0.0,0.0,0.0,0.0,0.0,False,False,False,True,False,False,True,False,False,False,False,False,False,67.0,632.0,18.0,2.0
9597.0,1969.0,73448.0,0.0,0.0,10.0,0.0,236.0,81.0,189.0,23.0,41.0,126.5,1.0,7.0,2.0,9.0,4.0,0.0,0.0,0.0,0.0,0.0,0.0,False,False,True,False,False,False,False,False,True,False,False,False,False,56.0,725.0,18.0,0.0
1295.0,1963.0,61739.163227046156,0.0,1.0,96.0,0.0,231.0,65.0,196.0,38.0,71.0,124.0,1.0,6.0,5.0,7.0,4.0,0.0,0.0,0.0,0.0,0.0,0.0,False,False,True,False,False,False,False,False,True,False,False,False,False,62.0,725.0,18.0,1.0
5290.0,1964.0,41551.0,1.0,1.0,51.0,0.0,220.0,0.0,33.0,3.0,0.0,23.0,5.0,5.0,1.0,5.0,8.0,0.0,0.0,0.0,0.0,0.0,0.0,False,False,False,False,True,False,False,False,True,False,False,False,False,61.0,279.0,11.0,2.0
1685.0,1967.0,62981.0,0.0,0.0,21.0,0.0,796.0,14.0,556.0,38.0,44.0,0.0,1.0,4.0,5.0,13.0,3.0,0.0,0.0,0.0,1.0,0.0,0.0,False,False,False,False,True,False,False,False,False,False,True,False,False,58.0,1482.0,22.0,0.0
5342.0,1976.0,9548.0,1.0,0.0,31.0,0.0,0.0,1.0,3.0,10.0,6.0,9.0,2.0,1.0,0.0,3.0,8.0,0.0,0.0,0.0,0.0,0.0,0.0,False,True,False,False,False,False,False,True,False,False,False,False,False,49.0,29.0,4.0,1.0
9579.0,1959.0,33762.0,2.0,1.0,61.0,0.0,53.0,1.0,34.0,2.0,0.0,16.0,3.0,2.0,2.0,2.0,8.0,0.0,0.0,0.0,0.0,0.0,0.0,False,False,False,False,True,False,False,False,True,False,False,False,False,66.0,106.0,6.0,2.5
7660.0,1973.0,35860.0,1.0,1.0,37.0,0.0,15.0,0.0,8.0,4.0,2.0,20.0,2.0,1.0,1.0,2.0,5.0,0.0,0.0,1.0,0.0,0.0,1.0,False,False,False,False,True,False,True,False,False,False,False,False,False,52.0,49.0,4.0,2.0
1461.0,1965.0,36921.0,1.0,1.0,74.0,0.0,17.0,1.0,12.0,3.0,1.0,4.0,2.0,2.0,0.0,3.0,7.0,0.0,0.0,0.0,0.0,0.0,0.0,False,False,False,False,True,False,False,True,False,False,False,False,False,60.0,38.0,5.0,2.0
821.0,1992.0,92859.0,0.0,0.0,46.0,0.0,962.0,61.0,556.0,52.0,61.0,20.0,1.0,5.0,4.0,12.0,2.0,0.0,0.0,0.0,0.0,0.0,0.0,False,False,False,True,False,False,False,False,False,True,False,False,False,33.0,2077.0,21.0,0.0
11084.0,1976.0,65104.0,0.0,1.0,4.0,0.0,738.0,0.0,232.0,13.0,20.0,50.0,2.0,3.0,5.0,7.0,7.0,0.0,0.0,0.0,0.0,0.0,1.0,False,False,False,True,False,False,False,False,False,False,True,False,False,49.0,1053.0,15.0,1.0
8690.0,1962.0,86111.0,0.0,0.0,73.0,0.0,399.0,28.0,556.0,36.0,40.0,126.0,1.0,5.0,7.0,10.0,2.0,0.0,0.0,0.0,0.0,0.0,0.0,False,False,True,False,False,False,False,False,True,False,False,False,False,63.0,1385.0,22.0,0.0
2937.0,1974.0,68352.0,0.0,1.0,47.0,0.0,614.0,16.0,132.0,43.0,33.0,33.0,3.0,8.0,5.0,9.0,6.0,0.0,0.0,0.0,0.0,0.0,0.0,False,False,False,False,True,False,False,False,False,True,False,False,False,51.0,871.0,22.0,1.0
9701.0,1988.0,36725.28986664067,1.0,0.0,13.0,0.0,32.0,34.0,41.0,73.0,16.0,116.0,3.0,4.0,2.0,3.0,7.0,0.0,0.0,0.0,0.0,0.0,0.0,False,False,True,False,False,False,False,False,False,False,True,False,False,37.0,312.0,9.0,1.0
9949.0,1976.0,59809.0,0.0,2.0,36.0,0.0,598.0,16.0,141.0,32.0,41.0,49.0,3.0,3.0,3.0,6.0,8.0,0.0,0.0,0.0,0.0,0.0,0.0,False,False,True,False,False,False,False,False,True,False,False,False,False,49.0,877.0,12.0,2.0
10837.0,1975.0,23957.0,1.0,0.0,47.0,0.0,2.0,1.0,18.0,20.0,11.0,16.0,1.0,2.0,0.0,3.0,6.0,0.0,0.0,0.0,0.0,0.0,1.0,False,False,True,False,False,False,False,False,True,False,False,False,False,50.0,68.0,5.0,1.0
3120.0,1981.0,38547.0,1.0,0.0,49.0,1.0,6.0,1.0,10.0,0.0,1.0,4.0,1.0,1.0,0.0,2.0,8.0,0.0,0.0,0.0,0.0,0.0,0.0,False,False,True,False,False,False,False,False,False,False,True,False,False,44.0,22.0,3.0,1.0
5885.0,1973.0,35688.0,2.0,1.0,94.0,0.0,73.0,3.0,90.0,12.0,1.0,32.0,6.0,4.0,1.0,4.0,8.0,0.0,0.0,0.0,0.0,0.0,0.0,True,False,False,False,False,False,False,False,True,False,False,False,False,52.0,211.0,9.0,2.5
4050.0,1966.0,49605.0,0.0,0.0,65.0,0.0,42.0,16.0,29.0,12.0,20.0,8.0,1.0,2.0,1.0,4.0,3.0,0.0,0.0,0.0,0.0,0.0,0.0,False,False,False,True,False,False,False,False,True,False,False,False,False,59.0,127.0,7.0,0.0
3830.0,1953.0,59354.0,0.0,2.0,59.0,0.0,295.0,21.0,78.0,39.0,13.0,13.0,1.0,4.0,4.0,7.0,3.0,0.0,0.0,0.0,0.0,0.0,0.0,False,False,False,True,False,False,False,False,True,False,False,False,False,72.0,459.0,15.0,2.0
7987.0,1969.0,65747.0,0.0,1.0,96.0,0.0,346.0,17.0,48.0,23.0,13.0,13.0,4.0,8.0,1.0,6.0,6.0,0.0,0.0,0.0,1.0,0.0,0.0,False,False,True,False,False,False,False,False,True,False,False,False,False,56.0,460.0,15.0,1.0
7798.0,1972.0,46344.0,0.0,1.0,28.0,0.0,233.0,20.0,57.0,8.0,20.0,91.0,4.0,7.0,1.0,5.0,7.0,0.0,0.0,0.0,0.0,0.0,0.0,True,False,False,False,False,False,False,False,False,False,True,False,False,53.0,429.0,13.0,1.0
92.0,1988.0,34176.0,1.0,0.0,12.0,0.0,5.0,7.0,24.0,19.0,14.0,20.0,4.0,3.0,0.0,4.0,6.0,0.0,0.0,0.0,0.0,0.0,0.0,False,False,True,False,False,False,True,False,False,False,False,False,False,37.0,89.0,7.0,1.0
7055.0,1952.0,61010.0,0.0,1.0,57.0,0.0,888.0,0.0,57.0,0.0,0.0,76.0,2.0,8.0,5.0,11.0,5.0,0.0,0.0,0.0,0.0,0.0,0.0,False,False,False,False,True,False,False,False,False,False,True,False,False,73.0,1021.0,24.0,1.0
10240.0,1949.0,69372.0,0.0,0.0,10.0,0.0,997.0,26.0,269.0,34.0,13.0,42.0,1.0,10.0,4.0,6.0,4.0,0.0,0.0,0.0,1.0,1.0,1.0,False,False,True,False,False,False,False,False,False,False,True,False,False,76.0,1381.0,20.0,0.0
3025.0,1958.0,49967.0,0.0,1.0,4.0,0.0,212.0,6.0,69.0,4.0,12.0,3.0,3.0,6.0,1.0,5.0,7.0,0.0,0.0,0.0,0.0,0.0,0.0,False,False,True,False,False,False,False,False,False,True,False,False,False,67.0,306.0,12.0,1.0
9283.0,1978.0,60199.0,1.0,2.0,49.0,0.0,8.0,1.0,7.0,2.0,0.0,0.0,1.0,0.0,0.0,3.0,4.0,0.0,0.0,0.0,0.0,0.0,0.0,False,False,True,False,False,False,False,False,False,True,False,False,False,47.0,18.0,3.0,2.5
9970.0,1977.0,55375.0,0.0,1.0,3.0,0.0,42.0,11.0,57.0,10.0,28.0,14.0,1.0,1.0,1.0,6.0,2.0,0.0,0.0,0.0,0.0,0.0,0.0,False,False,True,False,False,False,False,False,False,False,True,False,False,48.0,162.0,8.0,1.0
2730.0,1955.0,80317.0,0.0,0.0,64.0,0.0,536.0,11.0,387.0,120.5,81.0,57.0,1.0,3.0,4.0,10.0,1.0,0.0,0.0,0.0,0.0,0.0,0.0,False,False,True,False,False,False,False,False,False,True,False,False,False,70.0,1231.0,17.0,0.0
2795.0,1958.0,30523.0,2.0,1.0,0.0,0.0,5.0,0.0,3.0,0.0,0.0,5.0,1.0,1.0,0.0,2.0,7.0,0.0,0.0,0.0,0.0,0.0,0.0,False,False,False,True,False,False,False,False,False,True,False,False,False,67.0,13.0,3.0,2.5
9260.0,1945.0,70356.0,0.0,0.0,20.0,0.0,1225.0,16.0,249.0,43.0,16.0,33.0,2.0,10.0,6.0,9.0,6.0,0.0,0.0,0.0,0.0,0.0,0.0,False,False,False,False,True,False,False,False,True,False,False,False,False,80.0,1706.0,25.0,0.0
8182.0,1984.0,23228.0,1.0,0.0,91.0,0.0,53.0,3.0,49.0,7.0,4.0,5.0,4.0,3.0,0.0,4.0,8.0,0.0,0.0,0.0,0.0,0.0,0.0,False,False,True,False,False,False,False,False,True,False,False,False,False,41.0,121.0,7.0,1.0
10095.0,1975.0,74165.0,0.0,0.0,9.0,0.0,1001.0,12.0,240.0,16.0,12.0,12.0,1.0,5.0,4.0,10.0,2.0,0.0,0.0,0.0,0.0,0.0,0.0,False,False,False,False,True,False,False,True,False,False,False,False,False,50.0,1293.0,19.0,0.0
8475.0,1973.0,118320.375,0.0,1.0,98.0,0.0,20.0,2.0,556.0,1.0,2.0,1.0,6.0,0.0,10.0,0.0,0.0,0.0,0.0,0.0,0.0,0.0,0.0,False,False,False,False,True,False,False,False,True,False,False,False,False,52.0,1608.0,22.0,1.0
4370.0,1966.0,43482.0,2.0,1.0,83.0,0.0,18.0,1.0,32.0,6.0,3.0,28.0,3.0,2.0,0.0,4.0,6.0,0.0,0.0,0.0,0.0,0.0,0.0,False,False,True,False,False,False,False,False,False,False,True,False,False,59.0,88.0,6.0,2.5
10573.0,1953.0,62551.0,0.0,0.0,27.0,0.0,125.0,16.0,98.0,120.5,21.0,27.0,1.0,6.0,7.0,4.0,3.0,0.0,0.0,1.0,0.0,0.0,0.0,False,False,True,False,False,False,False,True,False,False,False,False,False,72.0,421.0,17.0,0.0
3712.0,1959.0,52332.0,0.0,0.0,63.0,0.0,212.0,5.0,33.0,7.0,0.0,2.0,1.0,3.0,2.0,6.0,4.0,0.0,0.0,0.0,1.0,0.0,0.0,False,False,True,False,False,False,False,True,False,False,False,False,False,66.0,259.0,11.0,0.0
6637.0,1988.0,66951.0,0.0,0.0,46.0,0.0,277.0,81.0,305.0,120.5,76.0,124.0,1.0,3.0,4.0,7.0,1.0,0.0,0.0,0.0,0.0,0.0,0.0,False,False,True,False,False,False,False,False,False,True,False,False,False,37.0,1117.0,14.0,0.0
3152.0,1957.0,26091.0,1.0,1.0,84.0,0.0,15.0,10.0,19.0,8.0,17.0,20.0,3.0,2.0,1.0,3.0,5.0,0.0,0.0,0.0,0.0,0.0,0.0,False,False,True,False,False,False,False,False,False,False,True,False,False,68.0,89.0,6.0,2.0
5610.0,1965.0,33456.0,1.0,1.0,58.0,0.0,7.0,3.0,10.0,8.0,1.0,7.0,2.0,1.0,0.0,3.0,7.0,0.0,0.0,0.0,0.0,0.0,0.0,False,False,True,False,False,False,False,False,False,False,True,False,False,60.0,36.0,4.0,2.0
6460.0,1982.0,28718.0,1.0,0.0,78.0,0.0,12.0,4.0,6.0,11.0,8.0,16.0,2.0,2.0,0.0,3.0,8.0,0.0,0.0,0.0,0.0,0.0,0.0,False,False,True,False,False,False,False,False,True,False,False,False,False,43.0,57.0,5.0,1.0
1349.0,1970.0,50447.0,2.0,0.0,4.0,0.0,85.0,7.0,24.0,2.0,3.0,27.0,1.0,3.0,1.0,3.0,6.0,0.0,0.0,0.0,0.0,0.0,0.0,False,False,True,False,False,False,False,False,True,False,False,False,False,55.0,148.0,7.0,2.0
1880.0,1959.0,53537.0,1.0,1.0,17.0,0.0,81.0,0.0,6.0,0.0,0.0,6.0,2.0,2.0,1.0,3.0,5.0,0.0,0.0,0.0,0.0,0.0,0.0,False,False,False,False,True,False,False,False,False,False,True,False,False,66.0,93.0,6.0,2.0
641.0,1967.0,52074.0,0.0,1.0,77.0,0.0,59.0,0.0,12.0,0.0,0.0,48.0,1.0,2.0,2.0,2.0,4.0,0.0,0.0,1.0,0.0,0.0,0.0,False,False,True,False,False,False,False,False,False,True,False,False,False,58.0,119.0,6.0,1.0
8717.0,1975.0,80427.0,0.0,1.0,56.0,0.0,1149.0,71.0,449.0,69.0,71.0,26.0,1.0,11.0,8.0,8.0,5.0,0.0,0.0,0.0,0.0,0.0,0.0,False,False,False,False,True,False,False,False,True,False,False,False,False,50.0,1835.0,27.0,1.0
10314.0,1948.0,83837.0,0.0,0.0,79.0,0.0,847.0,66.0,119.0,86.0,81.0,111.0,1.0,9.0,10.0,5.0,4.0,1.0,0.0,0.0,1.0,0.0,1.0,False,False,False,False,True,False,False,False,True,False,False,False,False,77.0,1318.0,24.0,0.0
10854.0,1970.0,38853.0,1.0,1.0,90.0,0.0,29.0,0.0,14.0,0.0,0.0,2.0,2.0,2.0,0.0,3.0,7.0,0.0,0.0,0.0,0.0,0.0,0.0,False,False,False,False,True,False,False,False,True,False,False,False,False,55.0,45.0,5.0,2.0
10492.0,1959.0,38285.0,2.0,1.0,96.0,0.0,2.0,0.0,5.0,2.0,0.0,1.0,1.0,0.0,0.0,3.0,2.0,0.0,0.0,0.0,0.0,0.0,0.0,False,False,True,False,False,False,False,False,False,False,True,False,False,66.0,10.0,3.0,2.5
6935.0,1951.0,78497.0,0.0,0.0,44.0,0.0,207.0,26.0,447.0,75.0,0.0,126.5,1.0,5.0,7.0,12.0,2.0,1.0,0.0,0.0,0.0,0.0,0.0,True,False,False,False,False,False,False,False,True,False,False,False,False,74.0,978.0,24.0,0.0
7698.0,1976.0,51650.0,0.0,1.0,81.0,0.0,152.0,3.0,22.0,2.0,5.0,7.0,1.0,4.0,1.0,4.0,5.0,0.0,0.0,0.0,0.0,0.0,0.0,False,False,False,False,True,False,False,False,True,False,False,False,False,49.0,191.0,9.0,1.0
3559.0,1988.0,16248.0,1.0,0.0,77.0,0.0,12.0,11.0,10.0,3.0,12.0,9.0,3.0,2.0,1.0,3.0,6.0,0.0,0.0,0.0,0.0,0.0,0.0,True,False,False,False,False,False,False,False,True,False,False,False,False,37.0,57.0,6.0,1.0
10562.0,1946.0,66835.0,0.0,0.0,21.0,0.0,620.0,26.0,195.0,34.0,17.0,126.5,1.0,6.0,4.0,13.0,2.0,0.0,0.0,0.0,0.0,0.0,0.0,False,False,False,True,False,False,False,False,True,False,False,False,False,79.0,1033.0,23.0,0.0
10796.0,1984.0,30477.0,1.0,0.0,16.0,0.0,47.0,1.0,6.0,0.0,0.0,12.0,1.0,1.0,1.0,3.0,6.0,0.0,0.0,0.0,0.0,0.0,0.0,False,False,False,True,False,False,False,False,True,False,False,False,False,41.0,66.0,5.0,1.0
2563.0,1961.0,28249.0,0.0,0.0,80.0,0.0,1.0,9.0,7.0,2.0,14.0,10.0,1.0,2.0,0.0,3.0,6.0,0.0,0.0,0.0,0.0,0.0,0.0,False,True,False,False,False,False,False,False,True,False,False,False,False,64.0,43.0,5.0,0.0
3518.0,1983.0,25271.0,1.0,0.0,45.0,0.0,10.0,1.0,18.0,10.0,4.0,7.0,1.0,1.0,1.0,2.0,9.0,0.0,0.0,0.0,0.0,0.0,0.0,False,False,True,False,False,False,False,False,True,False,False,False,False,42.0,50.0,4.0,1.0
5823.0,1970.0,39826.33368931885,0.0,1.0,63.0,0.0,35.0,0.0,2.0,0.0,0.0,2.0,2.0,1.0,0.0,4.0,5.0,0.0,0.0,0.0,0.0,0.0,0.0,False,False,False,False,True,False,False,False,False,True,False,False,False,55.0,39.0,5.0,1.0
3934.0,1966.0,61286.0,0.0,1.0,34.0,0.0,356.0,0.0,107.0,19.0,9.0,117.0,2.0,7.0,1.0,8.0,5.0,0.0,0.0,0.0,0.0,0.0,0.0,False,False,True,False,False,False,False,False,True,False,False,False,False,59.0,608.0,16.0,1.0
6982.0,1976.0,74068.0,0.0,0.0,14.0,0.0,783.0,30.0,537.0,120.5,76.0,15.0,1.0,4.0,10.0,9.0,2.0,0.0,0.0,0.0,0.0,0.0,0.0,False,False,True,False,False,False,False,False,True,False,False,False,False,49.0,1581.0,23.0,0.0
6431.0,1964.0,45759.0,1.0,1.0,13.0,0.0,42.0,1.0,18.0,3.0,0.0,4.0,2.0,2.0,0.0,3.0,7.0,0.0,0.0,0.0,0.0,0.0,0.0,False,False,False,False,True,False,False,False,True,False,False,False,False,61.0,68.0,5.0,2.0
9733.0,1978.0,24882.0,1.0,0.0,52.0,0.0,1.0,4.0,10.0,29.0,0.0,36.0,1.0,1.0,1.0,2.0,6.0,0.0,0.0,1.0,0.0,0.0,0.0,False,True,False,False,False,False,False,False,False,False,True,False,False,47.0,80.0,4.0,1.0
5602.0,1989.0,66973.0,0.0,0.0,98.0,0.0,466.0,22.0,432.0,120.5,81.0,102.0,1.0,8.0,7.0,12.0,3.0,0.0,0.0,0.0,0.0,0.0,0.0,False,False,False,False,True,False,False,False,False,False,True,False,False,36.0,1282.0,27.0,0.0
7829.0,1900.0,36640.0,1.0,0.0,99.0,1.0,15.0,6.0,8.0,7.0,4.0,25.0,1.0,2.0,1.0,2.0,5.0,0.0,0.0,0.0,0.0,0.0,0.0,True,False,False,False,False,False,False,True,False,False,False,False,False,93.0,65.0,5.0,1.0
1324.0,1988.0,38872.0,1.0,0.0,93.0,0.0,23.0,3.0,21.0,3.0,19.0,22.0,2.0,3.0,0.0,3.0,8.0,0.0,0.0,0.0,0.0,0.0,0.0,False,False,True,False,False,False,False,False,True,False,False,False,False,37.0,91.0,6.0,1.0
326.0,1973.0,51148.0,1.0,1.0,38.0,0.0,235.0,6.0,45.0,8.0,9.0,12.0,4.0,5.0,1.0,6.0,6.0,0.0,0.0,0.0,0.0,0.0,0.0,False,False,True,False,False,False,False,False,True,False,False,False,False,52.0,315.0,12.0,2.0
7224.0,1977.0,31353.0,1.0,1.0,24.0,0.0,10.0,0.0,10.0,3.0,1.0,7.0,2.0,1.0,1.0,2.0,8.0,0.0,0.0,0.0,0.0,0.0,0.0,False,False,True,False,False,False,False,False,True,False,False,False,False,48.0,31.0,4.0,2.0
6999.0,1980.0,69661.0,0.0,0.0,80.0,0.0,656.0,16.0,106.0,32.0,16.0,8.0,1.0,7.0,3.0,12.0,3.0,0.0,0.0,0.0,0.0,0.0,0.0,False,False,False,True,False,False,False,False,True,False,False,False,False,45.0,834.0,22.0,0.0
9938.0,1954.0,80067.0,0.0,0.0,82.0,0.0,519.0,17.0,556.0,27.0,81.0,51.0,1.0,4.0,6.0,6.0,2.0,0.0,0.0,0.0,0.0,1.0,0.0,False,False,True,False,False,False,False,False,True,False,False,False,False,71.0,1600.0,16.0,0.0
6422.0,1954.0,86718.0,0.0,0.0,20.0,0.0,344.0,81.0,482.0,50.0,33.0,126.5,1.0,5.0,6.0,5.0,2.0,0.0,0.0,0.0,0.0,0.0,0.0,False,False,True,False,False,False,False,False,True,False,False,False,False,71.0,1270.0,16.0,0.0
3182.0,1973.0,46854.0,1.0,1.0,81.0,0.0,96.0,1.0,79.0,7.0,1.0,79.0,6.0,5.0,1.0,3.0,8.0,0.0,0.0,1.0,0.0,0.0,1.0,False,False,False,False,True,False,False,False,False,True,False,False,False,52.0,263.0,9.0,2.0
7300.0,1952.0,69142.0,0.0,1.0,50.0,0.0,448.0,4.0,34.0,6.0,4.0,39.0,3.0,8.0,1.0,7.0,5.0,0.0,0.0,0.0,1.0,0.0,0.0,False,False,True,False,False,False,False,True,False,False,False,False,False,73.0,535.0,16.0,1.0
10424.0,1968.0,75922.0,0.0,0.0,60.0,0.0,265.0,81.0,553.0,120.5,23.0,92.0,1.0,4.0,4.0,9.0,1.0,0.0,0.0,0.0,0.0,0.0,0.0,False,False,True,False,False,False,False,False,False,True,False,False,False,57.0,1295.0,17.0,0.0
8727.0,1978.0,63693.0,0.0,1.0,63.0,0.0,587.0,43.0,337.0,42.0,81.0,54.0,3.0,11.0,6.0,9.0,6.0,0.0,0.0,0.0,0.0,0.0,0.0,False,False,True,False,False,False,False,True,False,False,False,False,False,47.0,1150.0,26.0,1.0
2798.0,1977.0,102160.0,0.0,0.0,54.0,0.0,763.0,29.0,138.0,76.0,81.0,58.0,0.0,7.0,9.0,10.0,4.0,1.0,0.0,0.0,1.0,1.0,1.0,False,False,False,False,True,False,False,False,False,False,True,False,False,48.0,1240.0,26.0,0.0
1030.0,1965.0,40637.0,1.0,1.0,72.0,0.0,22.0,0.0,13.0,0.0,0.0,3.0,2.0,1.0,0.0,3.0,7.0,0.0,0.0,0.0,0.0,0.0,0.0,False,False,False,False,True,False,False,False,False,True,False,False,False,60.0,38.0,4.0,2.0
624.0,1984.0,18890.0,0.0,0.0,5.0,0.0,6.0,4.0,1.0,7.0,2.0,15.0,1.0,0.0,1.0,2.0,6.0,0.0,0.0,1.0,0.0,0.0,1.0,False,False,False,True,False,False,False,False,False,True,False,False,False,41.0,35.0,3.0,0.0
5176.0,1988.0,29604.0,1.0,0.0,88.0,0.0,7.0,6.0,13.0,7.0,6.0,14.0,1.0,1.0,0.0,3.0,9.0,0.0,0.0,1.0,0.0,0.0,0.0,False,False,True,False,False,False,False,False,False,False,True,False,False,37.0,53.0,4.0,1.0
5552.0,1963.0,48721.0,1.0,1.0,50.0,0.0,81.0,18.0,113.0,47.0,13.0,21.0,6.0,4.0,2.0,5.0,6.0,0.0,0.0,0.0,0.0,0.0,0.0,False,False,False,True,False,False,False,True,False,False,False,False,False,62.0,293.0,11.0,2.0
868.0,1966.0,44794.0,0.0,1.0,99.0,0.0,54.0,0.0,7.0,0.0,0.0,4.0,1.0,2.0,0.0,3.0,6.0,0.0,0.0,0.0,0.0,0.0,0.0,False,False,True,False,False,False,False,False,True,False,False,False,False,59.0,65.0,5.0,1.0
380.0,1954.0,64497.0,0.0,1.0,17.0,0.0,1170.0,48.0,320.0,42.0,32.0,126.5,5.0,11.0,4.0,9.0,8.0,0.0,0.0,1.0,0.0,0.0,1.0,False,False,True,False,False,False,False,True,False,False,False,False,False,71.0,1804.0,24.0,1.0
2677.0,1956.0,46097.0,0.0,1.0,11.0,0.0,72.0,24.0,68.0,65.0,4.0,8.0,5.0,3.0,1.0,6.0,4.0,0.0,0.0,0.0,0.0,0.0,0.0,False,False,True,False,False,False,False,False,False,False,True,False,False,69.0,241.0,10.0,1.0
6521.0,1954.0,77972.0,0.0,0.0,18.0,0.0,613.0,22.0,319.0,33.0,81.0,12.0,1.0,4.0,6.0,9.0,1.0,0.0,0.0,0.0,0.0,0.0,0.0,False,False,True,False,False,False,False,False,False,False,True,False,False,71.0,1101.0,19.0,0.0
6927.0,1968.0,44377.0,1.0,1.0,70.0,0.0,224.0,0.0,30.0,0.0,0.0,10.0,6.0,5.0,1.0,5.0,8.0,0.0,0.0,0.0,0.0,0.0,0.0,False,False,False,False,True,False,False,False,True,False,False,False,False,57.0,264.0,11.0,2.0
2877.0,1974.0,46014.0,1.0,1.0,21.0,0.0,410.0,0.0,59.0,19.0,9.0,44.0,6.0,7.0,1.0,8.0,7.0,0.0,0.0,0.0,0.0,0.0,0.0,False,False,False,True,False,False,False,False,False,False,True,False,False,51.0,541.0,16.0,2.0
0.0,1985.0,70951.0,0.0,0.0,66.0,0.0,239.0,10.0,554.0,120.5,81.0,54.0,1.0,3.0,4.0,9.0,1.0,0.0,0.0,0.0,0.0,0.0,0.0,False,False,True,False,False,False,False,False,True,False,False,False,False,40.0,1198.0,16.0,0.0
1584.0,1977.0,41443.0,1.0,0.0,79.0,0.0,171.0,7.0,171.0,25.0,19.0,89.0,6.0,8.0,1.0,5.0,8.0,0.0,0.0,0.0,0.0,0.0,0.0,False,False,True,False,False,False,False,False,True,False,False,False,False,48.0,482.0,14.0,1.0
7264.0,1978.0,52195.0,2.0,1.0,2.0,0.0,12.0,0.0,4.0,0.0,0.0,1.0,1.0,1.0,0.0,2.0,8.0,0.0,0.0,0.0,0.0,0.0,0.0,True,False,False,False,False,False,False,False,False,True,False,False,False,47.0,17.0,3.0,2.5
6274.0,1948.0,83790.0,0.0,0.0,81.0,0.0,1076.0,16.0,417.0,42.0,48.0,16.0,1.0,8.0,10.0,6.0,3.0,0.0,0.0,0.0,1.0,1.0,0.0,False,False,False,True,False,False,False,False,True,False,False,False,False,77.0,1615.0,24.0,0.0
1377.0,1954.0,44551.0,0.0,1.0,24.0,0.0,182.0,4.0,33.0,0.0,0.0,66.0,2.0,4.0,1.0,5.0,7.0,0.0,0.0,0.0,0.0,0.0,0.0,False,False,False,True,False,False,False,False,False,False,False,True,False,71.0,285.0,10.0,1.0
454.0,1980.0,69508.0,1.0,0.0,48.0,0.0,824.0,32.0,162.0,42.0,32.0,43.0,2.0,11.0,4.0,11.0,6.0,0.0,0.0,0.0,0.0,0.0,0.0,False,False,True,False,False,False,False,False,False,False,True,False,False,45.0,1135.0,26.0,1.0
1755.0,1988.0,45204.0,1.0,0.0,93.0,0.0,30.0,11.0,25.0,29.0,1.0,18.0,1.0,1.0,1.0,4.0,3.0,0.0,0.0,0.0,0.0,0.0,0.0,True,False,False,False,False,False,False,False,False,False,True,False,False,37.0,114.0,6.0,1.0
2075.0,1969.0,72460.0,0.0,0.0,56.0,0.0,377.0,10.0,540.0,80.0,30.0,10.0,1.0,3.0,5.0,7.0,1.0,0.0,0.0,0.0,0.0,0.0,0.0,False,False,True,False,False,False,False,False,True,False,False,False,False,56.0,1047.0,15.0,0.0
4785.0,1970.0,77622.0,0.0,2.0,3.0,0.0,520.0,7.0,154.0,19.0,0.0,14.0,2.0,6.0,3.0,11.0,3.0,0.0,0.0,0.0,0.0,0.0,0.0,False,False,False,False,True,False,False,False,False,False,True,False,False,55.0,714.0,20.0,2.0
9076.0,1980.0,30732.0,1.0,0.0,44.0,0.0,155.0,1.0,25.0,0.0,1.0,3.0,4.0,4.0,1.0,4.0,8.0,0.0,0.0,0.0,0.0,0.0,0.0,False,False,False,False,True,False,False,False,True,False,False,False,False,45.0,185.0,9.0,1.0
7079.0,1962.0,63887.0,0.0,1.0,38.0,0.0,897.0,23.0,207.0,15.0,11.0,92.0,5.0,9.0,6.0,12.0,6.0,0.0,0.0,0.0,0.0,0.0,0.0,False,False,True,False,False,False,False,True,False,False,False,False,False,63.0,1245.0,27.0,1.0
4653.0,1978.0,42011.0,1.0,0.0,46.0,0.0,131.0,0.0,16.0,2.0,1.0,39.0,4.0,3.0,1.0,4.0,8.0,0.0,0.0,0.0,0.0,0.0,0.0,False,False,True,False,False,False,False,False,False,False,True,False,False,47.0,189.0,8.0,1.0
7375.0,1976.0,51369.0,0.0,1.0,84.0,0.0,297.0,7.0,79.0,0.0,11.0,126.5,2.0,8.0,2.0,4.0,8.0,0.0,0.0,0.0,0.0,0.0,0.0,False,False,True,False,False,False,False,False,False,False,True,False,False,49.0,576.0,14.0,1.0
709.0,1952.0,51537.0,0.0,1.0,27.0,0.0,787.0,20.0,204.0,0.0,0.0,92.0,3.0,2.0,2.0,11.0,8.0,0.0,0.0,0.0,0.0,0.0,0.0,False,False,True,False,False,False,False,True,False,False,False,False,False,73.0,1103.0,15.0,1.0
460.0,1972.0,79930.0,0.0,0.0,72.0,0.0,792.0,81.0,556.0,67.0,51.0,17.0,1.0,3.0,5.0,8.0,2.0,0.0,0.0,0.0,0.0,0.0,0.0,False,False,False,False,True,False,False,False,True,False,False,False,False,53.0,1753.0,16.0,0.0
3726.0,1986.0,34320.0,1.0,0.0,66.0,0.0,4.0,1.0,9.0,3.0,0.0,0.0,1.0,1.0,0.0,2.0,8.0,0.0,0.0,0.0,0.0,0.0,0.0,False,False,False,False,True,False,False,False,False,False,True,False,False,39.0,17.0,3.0,1.0
6798.0,1966.0,37070.0,1.0,1.0,30.0,0.0,231.0,7.0,137.0,4.0,15.0,39.0,6.0,5.0,1.0,8.0,7.0,0.0,0.0,0.0,0.0,0.0,1.0,False,False,True,False,False,False,False,False,False,True,False,False,False,59.0,433.0,14.0,2.0
5341.0,1962.0,81975.0,0.0,1.0,2.0,0.0,983.0,76.0,184.0,120.5,81.0,27.0,1.0,6.0,3.0,4.0,7.0,0.0,0.0,0.0,0.0,1.0,0.0,True,False,False,False,False,False,False,True,False,False,False,False,False,63.0,1588.0,13.0,1.0
1606.0,1971.0,38590.0,1.0,0.0,65.0,0.0,3.0,1.0,8.0,4.0,3.0,3.0,1.0,1.0,0.0,2.0,8.0,0.0,0.0,0.0,0.0,0.0,0.0,False,False,True,False,False,False,False,False,False,False,True,False,False,54.0,22.0,3.0,1.0
9617.0,1951.0,15033.0,0.0,0.0,37.0,0.0,0.0,4.0,5.0,6.0,0.0,4.0,1.0,1.0,0.0,3.0,3.0,0.0,0.0,0.0,0.0,0.0,0.0,False,False,True,False,False,False,False,False,False,True,False,False,False,74.0,19.0,4.0,0.0
3233.0,1965.0,62745.0,0.0,1.0,89.0,0.0,562.0,21.0,464.0,28.0,10.0,32.0,3.0,7.0,8.0,11.0,5.0,0.0,0.0,0.0,0.0,0.0,0.0,False,False,False,False,True,False,False,False,True,False,False,False,False,60.0,1117.0,26.0,1.0
89.0,1975.0,22212.0,1.0,0.0,49.0,0.0,5.0,9.0,20.0,6.0,8.0,21.0,2.0,2.0,0.0,4.0,6.0,0.0,0.0,0.0,0.0,0.0,0.0,True,False,False,False,False,False,False,False,True,False,False,False,False,50.0,69.0,6.0,1.0
2936.0,1982.0,23661.0,1.0,0.0,46.0,0.0,18.0,0.0,4.0,0.0,0.0,1.0,1.0,1.0,0.0,3.0,7.0,0.0,0.0,0.0,0.0,0.0,0.0,False,False,False,True,False,False,False,False,False,False,True,False,False,43.0,23.0,4.0,1.0
9449.0,1958.0,79761.0,0.0,1.0,32.0,0.0,415.0,5.0,124.0,15.0,35.0,11.0,1.0,5.0,2.0,11.0,3.0,0.0,0.0,0.0,0.0,0.0,0.0,False,False,False,False,True,False,False,False,False,True,False,False,False,67.0,605.0,18.0,1.0
7297.0,1973.0,7500.0,1.0,0.0,54.0,0.0,5.0,3.0,10.0,12.0,7.0,20.0,4.0,3.0,1.0,3.0,7.0,0.0,0.0,0.0,0.0,0.0,0.0,False,False,True,False,False,False,False,False,False,True,False,False,False,52.0,57.0,7.0,1.0
11004.0,1893.0,60182.0,0.0,1.0,23.0,0.0,8.0,0.0,5.0,7.0,0.0,2.0,1.0,1.0,0.0,2.0,4.0,0.0,0.0,0.0,0.0,0.0,0.0,True,False,False,False,False,False,False,False,False,True,False,False,False,93.0,22.0,3.0,1.0
313.0,1968.0,73455.0,0.0,0.0,98.0,0.0,901.0,61.0,556.0,120.5,81.0,20.0,1.0,6.0,5.0,10.0,3.0,0.0,0.0,0.0,1.0,0.0,0.0,False,False,True,False,False,False,False,False,False,False,False,True,False,57.0,2088.0,21.0,0.0
9940.0,1958.0,64961.0,0.0,1.0,97.0,0.0,382.0,81.0,276.0,75.0,81.0,38.0,2.0,6.0,4.0,4.0,3.0,0.0,0.0,0.0,0.0,0.0,0.0,False,False,True,False,False,False,False,False,False,False,True,False,False,67.0,1009.0,14.0,1.0
10735.0,1971.0,22804.0,1.0,0.0,75.0,0.0,14.0,1.0,7.0,2.0,1.0,1.0,1.0,2.0,0.0,2.0,9.0,0.0,0.0,0.0,0.0,0.0,0.0,False,False,True,False,False,False,False,False,False,True,False,False,False,54.0,26.0,4.0,1.0
9529.0,1990.0,73687.0,0.0,0.0,8.0,0.0,559.0,81.0,503.0,120.5,13.0,126.5,1.0,3.0,9.0,9.0,2.0,1.0,0.0,0.0,0.0,0.0,1.0,False,False,True,False,False,False,False,False,True,False,False,False,False,35.0,1627.0,21.0,0.0
6439.0,1958.0,61074.0,0.0,1.0,37.0,0.0,789.0,0.0,133.0,0.0,28.0,126.5,6.0,11.0,5.0,8.0,7.0,0.0,0.0,0.0,0.0,0.0,0.0,False,False,True,False,False,False,False,False,True,False,False,False,False,67.0,1102.0,24.0,1.0
7411.0,1964.0,31686.0,1.0,1.0,31.0,0.0,11.0,0.0,5.0,0.0,0.0,1.0,2.0,1.0,0.0,3.0,6.0,0.0,0.0,0.0,0.0,0.0,0.0,False,False,False,False,True,False,False,False,True,False,False,False,False,61.0,17.0,4.0,2.0
2176.0,1972.0,80134.0,1.0,0.0,40.0,0.0,1218.0,16.0,272.0,104.0,0.0,80.0,2.0,5.0,3.0,6.0,6.0,1.0,0.0,0.0,1.0,1.0,1.0,False,False,True,False,False,False,False,False,True,False,False,False,False,53.0,1690.0,14.0,1.0
9265.0,1953.0,75027.0,0.0,1.0,74.0,0.0,925.0,64.0,179.0,120.5,12.0,77.0,2.0,9.0,4.0,6.0,5.0,0.0,0.0,0.0,0.0,0.0,0.0,False,False,True,False,False,False,False,False,True,False,False,False,False,72.0,1390.0,19.0,1.0
8867.0,1988.0,67546.0,0.0,0.0,90.0,0.0,864.0,81.0,556.0,120.5,38.0,126.5,1.0,4.0,10.0,5.0,3.0,0.0,0.0,0.0,0.0,0.0,0.0,False,False,False,False,True,False,False,False,True,False,False,False,False,37.0,2126.0,19.0,0.0
8932.0,1969.0,65176.0,0.0,1.0,57.0,0.0,960.0,28.0,183.0,120.5,70.0,70.0,4.0,9.0,6.0,6.0,6.0,0.0,0.0,0.0,0.0,0.0,0.0,False,False,False,True,False,False,False,False,False,False,True,False,False,56.0,1531.0,21.0,1.0
10236.0,1975.0,31160.0,1.0,0.0,59.0,0.0,16.0,3.0,25.0,6.0,1.0,13.0,2.0,2.0,0.0,3.0,8.0,0.0,0.0,0.0,0.0,0.0,0.0,False,False,False,True,False,False,False,False,False,True,False,False,False,50.0,64.0,5.0,1.0
6340.0,1985.0,29938.0,1.0,0.0,52.0,0.0,3.0,3.0,7.0,0.0,2.0,11.0,2.0,1.0,0.0,3.0,6.0,0.0,0.0,0.0,0.0,0.0,0.0,False,False,True,False,False,False,False,False,False,True,False,False,False,40.0,26.0,4.0,1.0
10089.0,1974.0,102692.0,0.0,0.0,5.0,0.0,168.0,81.0,444.0,32.0,81.0,126.5,1.0,6.0,9.0,13.0,2.0,1.0,1.0,0.0,1.0,1.0,1.0,False,False,True,False,False,False,False,True,False,False,False,False,False,51.0,1112.0,28.0,0.0
2227.0,1958.0,26490.0,0.0,0.0,92.0,0.0,45.0,47.0,52.0,21.0,20.0,25.0,2.0,3.0,1.0,5.0,6.0,0.0,0.0,0.0,0.0,0.0,0.0,True,False,False,False,False,False,False,False,False,False,True,False,False,67.0,210.0,9.0,0.0
10992.0,1967.0,75702.0,1.0,1.0,77.0,0.0,650.0,28.0,353.0,45.0,42.0,30.0,5.0,4.0,6.0,11.0,8.0,0.0,0.0,0.0,0.0,0.0,0.0,False,False,True,False,False,False,False,False,False,False,True,False,False,58.0,1148.0,21.0,2.0
5304.0,1974.0,30899.0,1.0,0.0,35.0,0.0,24.0,0.0,8.0,0.0,0.0,1.0,2.0,1.0,0.0,3.0,6.0,0.0,0.0,0.0,0.0,0.0,0.0,False,False,False,False,True,False,False,False,False,True,False,False,False,51.0,33.0,4.0,1.0
309.0,1961.0,63342.0,0.0,1.0,48.0,0.0,918.0,21.0,118.0,13.0,10.0,21.0,3.0,8.0,3.0,5.0,6.0,0.0,0.0,0.0,1.0,0.0,0.0,False,False,False,False,True,False,False,False,False,False,True,False,False,64.0,1101.0,16.0,1.0
3406.0,1964.0,45989.0,0.0,1.0,97.0,0.0,138.0,33.0,87.0,28.0,24.0,12.0,4.0,3.0,2.0,7.0,3.0,0.0,0.0,0.0,0.0,0.0,0.0,False,False,True,False,False,False,False,False,False,True,False,False,False,61.0,322.0,12.0,1.0
2661.0,1964.0,18701.0,1.0,1.0,95.0,0.0,12.0,4.0,2.0,10.0,6.0,10.0,4.0,2.0,0.0,4.0,5.0,0.0,0.0,0.0,0.0,0.0,0.0,False,False,True,False,False,False,False,False,False,True,False,False,False,61.0,44.0,6.0,2.0
3153.0,1957.0,40737.0,2.0,1.0,24.0,0.0,11.0,0.0,4.0,0.0,0.0,2.0,1.0,1.0,0.0,2.0,8.0,0.0,0.0,0.0,0.0,0.0,0.0,False,False,False,False,True,False,False,False,False,True,False,False,False,68.0,17.0,3.0,2.5
10264.0,1979.0,15287.0,1.0,0.0,60.0,0.0,1.0,2.0,8.0,4.0,3.0,13.0,2.0,1.0,1.0,2.0,7.0,0.0,0.0,1.0,0.0,0.0,1.0,False,False,True,False,False,False,False,True,False,False,False,False,False,46.0,31.0,4.0,1.0
1184.0,1968.0,69674.0,0.0,2.0,46.0,0.0,554.0,41.0,215.0,11.0,0.0,24.0,3.0,10.0,2.0,10.0,5.0,0.0,0.0,0.0,0.0,0.0,0.0,False,False,False,False,True,False,False,True,False,False,False,False,False,57.0,845.0,22.0,2.0
4200.0,1970.0,44159.0,1.0,0.0,85.0,0.0,167.0,2.0,62.0,24.0,13.0,7.0,4.0,4.0,1.0,6.0,5.0,0.0,0.0,0.0,0.0,0.0,0.0,False,False,False,True,False,False,False,False,True,False,False,False,False,55.0,275.0,11.0,1.0
9396.0,1978.0,37717.0,1.0,0.0,31.0,0.0,9.0,0.0,6.0,4.0,1.0,5.0,1.0,1.0,0.0,2.0,9.0,0.0,0.0,0.0,0.0,0.0,0.0,False,False,False,False,True,False,False,False,True,False,False,False,False,47.0,25.0,3.0,1.0
2387.0,1952.0,43776.0,1.0,1.0,9.0,0.0,177.0,2.0,71.0,3.0,2.0,20.0,6.0,5.0,2.0,4.0,8.0,0.0,0.0,0.0,0.0,0.0,1.0,False,False,False,True,False,False,False,False,False,False,True,False,False,73.0,275.0,11.0,2.0
6690.0,1966.0,38179.0,1.0,1.0,30.0,0.0,38.0,4.0,22.0,4.0,2.0,20.0,4.0,3.0,1.0,3.0,7.0,0.0,0.0,0.0,0.0,0.0,0.0,False,False,False,True,False,False,False,False,True,False,False,False,False,59.0,90.0,7.0,2.0
1225.0,1963.0,80124.0,0.0,0.0,47.0,0.0,483.0,81.0,398.0,120.5,81.0,126.5,1.0,3.0,7.0,8.0,1.0,0.0,0.0,1.0,0.0,0.0,0.0,False,False,True,False,False,False,False,False,True,False,False,False,False,62.0,1495.0,18.0,0.0
9703.0,1970.0,38097.0,1.0,1.0,70.0,0.0,77.0,2.0,35.0,0.0,1.0,69.0,4.0,3.0,2.0,2.0,7.0,0.0,0.0,1.0,0.0,0.0,1.0,False,False,False,False,True,False,False,False,True,False,False,False,False,55.0,184.0,7.0,2.0
291.0,1970.0,72940.0,0.0,0.0,13.0,0.0,182.0,74.0,298.0,120.5,81.0,116.0,1.0,3.0,3.0,6.0,1.0,0.0,0.0,0.0,0.0,0.0,0.0,False,False,True,False,False,False,False,False,True,False,False,False,False,55.0,981.0,12.0,0.0
4557.0,1970.0,22070.0,1.0,0.0,11.0,0.0,10.0,7.0,19.0,8.0,2.0,21.0,2.0,2.0,2.0,2.0,6.0,0.0,0.0,0.0,0.0,0.0,0.0,False,False,True,False,False,False,False,False,False,False,True,False,False,55.0,67.0,6.0,1.0
2379.0,1953.0,69267.0,0.0,0.0,31.0,0.0,778.0,44.0,499.0,95.0,73.0,126.5,2.0,3.0,4.0,5.0,7.0,0.0,0.0,0.0,0.0,0.0,1.0,False,False,True,False,False,False,False,False,False,True,False,False,False,72.0,1635.0,12.0,0.0
5726.0,1983.0,31788.0,1.0,0.0,15.0,1.0,16.0,7.0,23.0,0.0,8.0,6.0,3.0,3.0,0.0,4.0,5.0,0.0,0.0,0.0,0.0,0.0,0.0,False,False,False,True,False,False,False,False,False,True,False,False,False,42.0,60.0,7.0,1.0
3066.0,1975.0,61905.0,0.0,1.0,2.0,0.0,167.0,0.0,43.0,6.0,2.0,13.0,2.0,4.0,2.0,4.0,5.0,0.0,0.0,0.0,0.0,0.0,0.0,False,False,False,False,True,False,False,False,False,False,True,False,False,50.0,231.0,10.0,1.0
6336.0,1960.0,29315.0,1.0,1.0,55.0,0.0,13.0,2.0,14.0,8.0,7.0,4.0,4.0,2.0,0.0,4.0,6.0,0.0,0.0,0.0,0.0,0.0,0.0,False,False,True,False,False,False,False,False,True,False,False,False,False,65.0,48.0,6.0,2.0
10967.0,1963.0,33378.0,1.0,1.0,38.0,0.0,33.0,6.0,40.0,3.0,7.0,10.0,3.0,2.0,0.0,4.0,7.0,0.0,0.0,0.0,0.0,0.0,0.0,False,False,True,False,False,False,False,True,False,False,False,False,False,62.0,99.0,6.0,2.0
2304.0,1963.0,66313.0,0.0,0.8492856010432952,86.0,0.0,625.0,7.0,99.0,10.0,22.0,7.0,2.0,6.0,3.0,12.0,4.0,0.0,0.0,0.0,0.0,0.0,0.0,False,False,False,False,True,False,False,False,False,False,True,False,False,62.0,770.0,21.0,0.8492856010432952
3445.0,1956.0,60714.0,0.0,0.0,56.0,0.0,216.0,81.0,224.0,101.0,81.0,126.5,2.0,7.0,4.0,10.0,5.0,0.0,0.0,0.0,0.0,0.0,1.0,False,False,True,False,False,False,False,False,False,True,False,False,False,69.0,957.0,21.0,0.0
7828.0,1981.0,77882.0,0.0,0.0,29.0,0.0,68.0,81.0,396.0,120.5,22.0,15.0,1.0,3.0,3.0,5.0,1.0,0.0,0.0,0.0,0.0,0.0,0.0,False,False,False,True,False,False,False,False,False,False,True,False,False,44.0,818.0,11.0,0.0
3762.0,1986.0,69867.0,0.0,0.0,30.0,0.0,196.0,0.0,512.0,33.0,81.0,54.0,1.0,3.0,5.0,8.0,1.0,1.0,0.0,0.0,0.0,0.0,1.0,False,False,False,False,True,False,False,False,False,True,False,False,False,39.0,925.0,16.0,0.0
4391.0,1968.0,63841.0,0.0,1.0,64.0,0.0,635.0,15.0,100.0,20.0,7.0,126.5,1.0,9.0,3.0,9.0,6.0,0.0,0.0,0.0,0.0,0.0,0.0,False,False,False,True,False,False,False,True,False,False,False,False,False,57.0,908.0,21.0,1.0
4669.0,1981.0,24480.0,1.0,0.0,46.0,0.0,4.0,19.0,9.0,28.0,25.0,17.0,3.0,3.0,0.0,4.0,7.0,0.0,0.0,0.0,0.0,0.0,0.0,False,True,False,False,False,False,False,False,True,False,False,False,False,44.0,102.0,7.0,1.0
10144.0,1976.0,51369.0,0.0,1.0,84.0,0.0,297.0,7.0,79.0,0.0,11.0,126.5,2.0,8.0,2.0,4.0,8.0,0.0,0.0,0.0,0.0,0.0,0.0,False,False,True,False,False,False,False,False,False,False,True,False,False,49.0,576.0,14.0,1.0
8652.0,1946.0,37760.0,0.0,0.0,20.0,0.0,84.0,5.0,38.0,120.5,12.0,28.0,2.0,4.0,1.0,6.0,7.0,0.0,0.0,0.0,0.0,0.0,0.0,False,False,True,False,False,False,False,False,False,False,True,False,False,79.0,317.0,11.0,0.0
1672.0,1974.0,65640.0,0.0,1.0,74.0,0.0,204.0,7.0,149.0,20.0,15.0,66.0,1.0,5.0,1.0,8.0,2.0,0.0,0.0,0.0,0.0,0.0,0.0,False,False,False,False,True,False,False,False,False,False,True,False,False,51.0,461.0,14.0,1.0
8962.0,1975.0,44319.0,1.0,1.0,18.0,0.0,26.0,0.0,8.0,0.0,0.0,3.0,2.0,2.0,0.0,3.0,5.0,0.0,0.0,0.0,0.0,0.0,0.0,False,False,False,True,False,False,False,False,True,False,False,False,False,50.0,37.0,5.0,2.0
9974.0,1974.0,30631.0,1.0,0.0,75.0,0.0,15.0,6.0,20.0,4.0,5.0,20.0,1.0,3.0,1.0,2.0,7.0,0.0,0.0,0.0,0.0,0.0,0.0,False,False,True,False,False,False,False,False,True,False,False,False,False,51.0,70.0,6.0,1.0
10983.0,1952.0,75278.0,0.0,0.0,17.0,0.0,304.0,81.0,230.0,120.5,74.0,74.0,1.0,6.0,3.0,13.0,3.0,0.0,0.0,0.0,0.0,0.0,0.0,False,False,True,False,False,False,False,False,False,False,True,False,False,73.0,930.0,22.0,0.0
8148.0,1956.0,50898.0,1.0,1.0,88.0,0.0,285.0,28.0,242.0,55.0,81.0,126.5,6.0,6.0,2.0,12.0,5.0,0.0,0.0,0.0,0.0,0.0,0.0,False,False,False,True,False,False,False,False,False,False,True,False,False,69.0,859.0,20.0,2.0
10102.0,1966.0,79946.0,0.0,0.0,19.0,0.0,395.0,81.0,556.0,120.5,81.0,28.0,1.0,5.0,10.0,5.0,3.0,0.0,0.0,0.0,0.0,0.0,0.0,False,False,True,False,False,False,False,False,False,False,False,True,False,59.0,1478.0,21.0,0.0
4697.0,1949.0,35416.0,0.0,0.0,62.0,0.0,248.0,3.0,81.0,4.0,3.0,51.0,3.0,7.0,1.0,5.0,8.0,0.0,0.0,0.0,0.0,0.0,0.0,False,False,False,True,False,False,False,True,False,False,False,False,False,76.0,390.0,13.0,0.0
9262.0,1984.0,32414.0,0.0,0.0,11.0,0.0,20.0,6.0,5.0,0.0,9.0,12.0,1.0,1.0,0.0,3.0,7.0,0.0,0.0,1.0,0.0,0.0,0.0,True,False,False,False,False,False,False,False,False,False,True,False,False,41.0,52.0,4.0,0.0
7254.0,1969.0,38361.0,1.0,0.0,74.0,0.0,39.0,0.0,56.0,20.0,8.0,14.0,3.0,3.0,1.0,3.0,7.0,0.0,0.0,0.0,0.0,0.0,0.0,False,False,True,False,False,False,False,False,False,False,True,False,False,56.0,137.0,7.0,1.0
4543.0,1980.0,82497.0,0.0,0.0,32.0,0.0,777.0,81.0,556.0,120.5,21.0,126.5,1.0,2.0,7.0,9.0,4.0,0.0,0.0,0.0,0.0,1.0,0.0,False,False,True,False,False,False,False,False,True,False,False,False,False,45.0,1919.0,18.0,0.0
4927.0,1971.0,16626.0,2.0,0.0,76.0,0.0,8.0,3.0,22.0,21.0,1.0,13.0,3.0,3.0,0.0,3.0,9.0,0.0,0.0,0.0,0.0,0.0,0.0,False,False,True,False,False,False,False,False,False,False,True,False,False,54.0,68.0,6.0,2.0
10451.0,1965.0,29672.0,1.0,1.0,6.0,0.0,9.0,1.0,3.0,0.0,4.0,8.0,1.0,0.0,0.0,3.0,6.0,0.0,0.0,0.0,0.0,0.0,0.0,False,False,True,False,False,False,False,False,False,False,True,False,False,60.0,25.0,3.0,2.0
2926.0,1952.0,55951.0,0.0,1.0,62.0,0.0,1225.0,0.0,80.0,0.0,13.0,40.0,3.0,3.0,6.0,11.0,8.0,0.0,1.0,0.0,1.0,0.0,0.0,False,False,False,True,False,False,False,False,False,False,True,False,False,73.0,1374.0,20.0,1.0
2874.0,1988.0,35388.0,1.0,0.0,20.0,0.0,6.0,4.0,7.0,4.0,3.0,8.0,1.0,1.0,0.0,3.0,7.0,0.0,0.0,0.0,0.0,0.0,0.0,True,False,False,False,False,False,False,True,False,False,False,False,False,37.0,32.0,4.0,1.0
9738.0,1986.0,42386.0,1.0,0.0,43.0,0.0,65.0,4.0,16.0,0.0,4.0,11.0,1.0,3.0,0.0,3.0,8.0,0.0,0.0,0.0,0.0,0.0,0.0,False,False,False,True,False,False,False,False,False,False,True,False,False,39.0,100.0,6.0,1.0
7119.0,1982.0,68627.0,0.0,0.0,45.0,0.0,395.0,15.0,263.0,60.0,54.0,38.0,1.0,2.0,3.0,6.0,1.0,0.0,0.0,0.0,0.0,0.0,0.0,False,False,True,False,False,False,False,False,False,True,False,False,False,43.0,825.0,11.0,0.0
3924.0,1965.0,57912.0,0.0,1.0,34.0,0.0,801.0,0.0,80.0,0.0,0.0,35.0,5.0,8.0,3.0,12.0,5.0,0.0,0.0,0.0,1.0,0.0,0.0,False,False,False,False,True,False,False,True,False,False,False,False,False,60.0,916.0,23.0,1.0
5827.0,1958.0,35246.0,1.0,1.0,53.0,0.0,36.0,0.0,12.0,2.0,2.0,10.0,4.0,3.0,1.0,3.0,5.0,0.0,0.0,0.0,0.0,0.0,0.0,False,False,True,False,False,False,False,True,False,False,False,False,False,67.0,62.0,7.0,2.0
5596.0,1956.0,58821.0,0.0,1.0,44.0,0.0,513.0,14.0,154.0,19.0,0.0,28.0,1.0,9.0,2.0,9.0,6.0,0.0,0.0,0.0,0.0,0.0,0.0,True,False,False,False,False,False,False,False,False,False,True,False,False,69.0,728.0,20.0,1.0
10812.0,1978.0,46377.0,1.0,0.0,89.0,0.0,37.0,0.0,46.0,4.0,3.0,0.0,1.0,2.0,1.0,3.0,4.0,0.0,0.0,0.0,0.0,0.0,0.0,False,False,False,False,True,False,False,False,True,False,False,False,False,47.0,90.0,6.0,1.0
1717.0,1988.0,39747.0,1.0,0.0,43.0,0.0,80.0,15.0,93.0,20.0,13.0,52.0,3.0,5.0,1.0,4.0,8.0,0.0,0.0,0.0,0.0,0.0,0.0,False,False,True,False,False,False,False,False,False,True,False,False,False,37.0,273.0,10.0,1.0
9491.0,1984.0,33010.080188491615,1.0,0.0,68.0,0.0,14.0,1.0,21.0,2.0,3.0,25.0,3.0,3.0,1.0,3.0,7.0,0.0,0.0,0.0,0.0,0.0,0.0,False,False,True,False,False,False,False,False,False,False,True,False,False,41.0,66.0,7.0,1.0
9274.0,1961.0,80950.0,0.0,0.0,44.0,0.0,525.0,81.0,112.0,120.5,81.0,63.0,1.0,6.0,7.0,9.0,2.0,1.0,0.0,0.0,0.0,0.0,0.0,False,False,False,True,False,False,False,False,True,False,False,False,False,64.0,1213.0,22.0,0.0
6609.0,1966.0,27038.0,0.0,0.0,64.0,0.0,1.0,26.0,25.0,17.0,23.0,15.0,1.0,3.0,0.0,3.0,9.0,0.0,0.0,0.0,0.0,0.0,1.0,False,False,True,False,False,False,False,False,False,False,False,True,False,59.0,107.0,6.0,0.0
6963.0,1947.0,77457.0,0.0,0.0,85.0,0.0,675.0,11.0,400.0,15.0,45.0,11.0,1.0,2.0,5.0,10.0,1.0,0.0,0.0,0.0,0.0,1.0,0.0,False,False,True,False,False,False,False,False,False,True,False,False,False,78.0,1157.0,17.0,0.0
4440.0,1964.0,64100.0,0.0,1.0,93.0,0.0,509.0,0.0,27.0,0.0,0.0,10.0,1.0,8.0,3.0,6.0,7.0,0.0,0.0,0.0,1.0,0.0,0.0,False,False,False,True,False,False,False,False,True,False,False,False,False,61.0,546.0,17.0,1.0
1379.0,1992.0,45579.10410256301,0.0,0.0,12.0,0.0,154.0,2.0,46.0,20.0,4.0,15.0,1.0,4.0,2.0,4.0,4.0,0.0,0.0,0.0,0.0,0.0,0.0,False,False,False,True,False,False,False,False,False,False,True,False,False,33.0,241.0,10.0,0.0
10032.0,1976.0,12571.0,1.0,0.0,86.0,0.0,3.0,5.0,14.0,2.0,12.0,17.0,4.0,3.0,1.0,3.0,6.0,0.0,0.0,0.0,0.0,0.0,0.0,False,False,True,False,False,False,False,True,False,False,False,False,False,49.0,53.0,7.0,1.0
2826.0,1967.0,22574.0,2.0,1.0,28.0,0.0,25.0,0.0,8.0,2.0,0.0,2.0,2.0,2.0,0.0,3.0,7.0,0.0,0.0,0.0,0.0,0.0,0.0,False,False,True,False,False,False,False,False,True,False,False,False,False,58.0,37.0,5.0,2.5
2437.0,1989.0,80397.8068729011,0.0,0.0,69.0,0.0,861.0,81.0,461.0,60.0,30.0,61.0,1.0,6.0,5.0,12.0,3.0,1.0,0.0,0.0,1.0,0.0,0.0,False,False,True,False,False,False,False,False,True,False,False,False,False,36.0,1611.0,23.0,0.0
6320.0,1976.0,70893.0,0.0,0.0,42.0,0.0,768.0,44.0,556.0,77.0,44.0,14.0,1.0,6.0,6.0,10.0,3.0,0.0,0.0,0.0,0.0,0.0,0.0,False,False,False,True,False,False,False,False,False,True,False,False,False,49.0,1508.0,22.0,0.0
3050.0,1966.0,54198.0,1.0,1.0,13.0,0.0,185.0,0.0,28.0,3.0,2.0,17.0,6.0,3.0,1.0,6.0,4.0,0.0,0.0,0.0,0.0,0.0,0.0,False,False,True,False,False,False,False,False,True,False,False,False,False,59.0,235.0,10.0,2.0
231.0,1956.0,28839.0,1.0,1.0,86.0,0.0,24.0,0.0,7.0,0.0,0.0,1.0,2.0,2.0,0.0,3.0,5.0,0.0,0.0,0.0,0.0,0.0,0.0,False,False,False,True,False,False,False,False,False,False,True,False,False,69.0,32.0,5.0,2.0
2392.0,1972.0,40321.0,1.0,1.0,59.0,0.0,44.0,4.0,21.0,6.0,0.0,27.0,2.0,3.0,0.0,3.0,7.0,0.0,0.0,0.0,0.0,0.0,0.0,False,False,True,False,False,False,False,False,True,False,False,False,False,53.0,102.0,6.0,2.0
9478.0,1985.0,66503.0,1.0,0.0,30.0,0.0,91.0,64.0,128.0,65.0,3.0,50.0,2.0,4.0,3.0,6.0,3.0,0.0,0.0,0.0,0.0,0.0,0.0,False,False,True,False,False,False,False,False,False,True,False,False,False,40.0,401.0,13.0,1.0
113.0,1951.0,30833.0,1.0,1.0,33.0,0.0,11.0,0.0,7.0,3.0,1.0,6.0,2.0,1.0,0.0,3.0,5.0,0.0,0.0,0.0,0.0,0.0,0.0,False,False,True,False,False,False,False,False,True,False,False,False,False,74.0,28.0,4.0,2.0
2863.0,1970.0,62564.01737719866,1.0,2.0,67.0,0.0,738.0,20.0,172.0,52.0,50.0,20.0,6.0,2.0,3.0,10.0,7.0,1.0,0.0,0.0,1.0,0.0,0.0,False,False,True,False,False,False,False,False,False,True,False,False,False,55.0,1052.0,15.0,2.5
1802.0,1971.0,64795.0,0.0,1.0,23.0,0.0,412.0,5.0,119.0,38.0,29.0,77.0,3.0,3.0,3.0,12.0,2.0,0.0,0.0,0.0,0.0,0.0,0.0,False,False,True,False,False,False,False,False,True,False,False,False,False,54.0,680.0,18.0,1.0
520.0,1974.0,34421.0,1.0,0.0,81.0,0.0,3.0,3.0,7.0,6.0,2.0,9.0,1.0,1.0,0.0,2.0,7.0,0.0,0.0,0.0,0.0,0.0,0.0,False,False,True,False,False,False,False,False,True,False,False,False,False,51.0,30.0,3.0,1.0
8275.0,1965.0,47025.0,1.0,1.0,6.0,0.0,16.0,0.0,3.0,0.0,0.0,1.0,1.0,1.0,0.0,2.0,7.0,0.0,0.0,0.0,0.0,0.0,0.0,False,False,False,False,True,False,False,True,False,False,False,False,False,60.0,20.0,3.0,2.0
9750.0,1961.0,64325.0,0.0,1.0,41.0,0.0,731.0,60.0,353.0,78.0,12.0,73.0,5.0,10.0,3.0,5.0,7.0,0.0,0.0,0.0,0.0,0.0,0.0,False,False,False,False,True,False,False,True,False,False,False,False,False,64.0,1307.0,18.0,1.0
2607.0,1953.0,40464.0,0.0,1.0,78.0,0.0,424.0,17.0,118.0,7.0,23.0,41.0,6.0,8.0,2.0,8.0,8.0,0.0,0.0,0.0,0.0,0.0,0.0,False,False,True,False,False,False,False,False,False,True,False,False,False,72.0,630.0,18.0,1.0
7214.0,1957.0,62187.0,0.0,0.0,49.0,0.0,792.0,0.0,275.0,45.0,45.0,126.0,1.0,4.0,8.0,5.0,3.0,0.0,0.0,0.0,0.0,0.0,0.0,False,False,True,False,False,False,False,False,True,False,False,False,False,68.0,1283.0,17.0,0.0
5835.0,1976.0,14849.0,1.0,0.0,39.0,0.0,21.0,2.0,28.0,3.0,2.0,9.0,3.0,2.0,0.0,4.0,8.0,0.0,0.0,0.0,0.0,0.0,0.0,False,False,False,False,True,False,False,True,False,False,False,False,False,49.0,65.0,6.0,1.0
3896.0,1984.0,27255.0,1.0,0.0,3.0,0.0,22.0,1.0,11.0,0.0,1.0,2.0,1.0,1.0,0.0,3.0,7.0,0.0,0.0,0.0,0.0,0.0,0.0,False,False,True,False,False,False,False,False,True,False,False,False,False,41.0,37.0,4.0,1.0
10350.0,1950.0,54432.0,2.0,1.0,37.0,0.0,33.0,0.0,5.0,0.0,0.0,0.0,1.0,1.0,0.0,3.0,4.0,0.0,0.0,0.0,0.0,0.0,0.0,False,False,False,False,True,False,False,False,True,False,False,False,False,75.0,38.0,4.0,2.5
7786.0,1986.0,29999.0,1.0,0.0,22.0,0.0,68.0,7.0,59.0,10.0,5.0,11.0,4.0,3.0,1.0,4.0,8.0,0.0,0.0,0.0,0.0,0.0,0.0,False,False,False,False,True,False,False,False,False,True,False,False,False,39.0,160.0,8.0,1.0
2861.0,1983.0,24072.0,1.0,0.0,79.0,0.0,9.0,1.0,6.0,3.0,0.0,4.0,1.0,1.0,0.0,2.0,8.0,0.0,0.0,0.0,0.0,0.0,0.0,False,False,True,False,False,False,False,False,False,True,False,False,False,42.0,23.0,3.0,1.0
663.0,1989.0,33996.0,0.0,0.0,46.0,0.0,40.0,2.0,15.0,8.0,0.0,6.0,1.0,1.0,1.0,3.0,4.0,0.0,0.0,0.0,0.0,0.0,0.0,False,False,False,False,True,False,False,False,False,True,False,False,False,36.0,71.0,5.0,0.0
10675.0,1956.0,66334.0,0.0,1.0,82.0,0.0,909.0,11.0,218.0,0.0,0.0,23.0,2.0,9.0,3.0,5.0,5.0,0.0,0.0,0.0,0.0,0.0,1.0,False,False,False,False,True,False,False,False,True,False,False,False,False,69.0,1161.0,17.0,1.0
2521.0,1971.0,35178.0,1.0,0.0,10.0,0.0,23.0,1.0,13.0,2.0,2.0,18.0,1.0,1.0,1.0,2.0,7.0,0.0,0.0,1.0,0.0,0.0,1.0,False,False,False,True,False,False,False,False,True,False,False,False,False,54.0,59.0,4.0,1.0
9592.0,1983.0,22010.0,1.0,0.0,51.0,0.0,11.0,2.0,9.0,3.0,0.0,8.0,2.0,2.0,0.0,3.0,8.0,0.0,0.0,0.0,0.0,0.0,0.0,False,False,True,False,False,False,False,False,False,False,True,False,False,42.0,33.0,5.0,1.0
10151.0,1960.0,62204.0,0.0,2.0,38.0,0.0,317.0,46.0,247.0,120.5,46.0,126.5,1.0,4.0,5.0,12.0,3.0,0.0,0.0,0.0,0.0,0.0,0.0,False,False,True,False,False,False,False,True,False,False,False,False,False,65.0,946.0,21.0,2.0
7381.0,1968.0,75693.0,0.0,0.0,10.0,0.0,797.0,81.0,293.0,72.0,81.0,30.0,1.0,11.0,4.0,6.0,4.0,1.0,0.0,0.0,1.0,1.0,1.0,False,False,True,False,False,False,False,True,False,False,False,False,False,57.0,1442.0,21.0,0.0
4099.0,1972.0,30675.0,1.0,0.0,14.0,0.0,10.0,2.0,16.0,11.0,2.0,21.0,1.0,1.0,0.0,3.0,8.0,0.0,0.0,0.0,0.0,0.0,0.0,False,False,True,False,False,False,False,False,True,False,False,False,False,53.0,62.0,4.0,1.0
9560.0,1965.0,83003.0,0.0,0.0,18.0,0.0,856.0,61.0,556.0,40.0,25.0,122.0,1.0,7.0,6.0,8.0,3.0,0.0,0.0,0.0,0.0,1.0,1.0,False,False,True,False,False,False,False,False,False,False,True,False,False,60.0,1674.0,21.0,0.0
1150.0,1899.0,83532.0,0.0,0.0,36.0,0.0,755.0,81.0,556.0,104.0,64.0,126.5,1.0,4.0,6.0,4.0,1.0,0.0,0.0,0.0,0.0,1.0,0.0,False,False,False,False,True,False,False,False,False,False,True,False,False,93.0,1853.0,14.0,0.0
10172.0,1988.0,68655.0,0.0,0.0,95.0,0.0,456.0,19.0,556.0,75.0,81.0,38.0,1.0,4.0,5.0,11.0,3.0,0.0,0.0,0.0,0.0,0.0,0.0,False,False,True,False,False,False,False,False,False,True,False,False,False,37.0,1538.0,20.0,0.0
11191.0,1986.0,41411.0,0.0,0.0,11.0,0.0,37.0,32.0,38.0,11.0,3.0,18.0,1.0,2.0,1.0,4.0,6.0,0.0,0.0,0.0,0.0,0.0,0.0,False,False,True,False,False,False,False,True,False,False,False,False,False,39.0,139.0,7.0,0.0
9707.0,1969.0,55212.0,0.0,1.0,65.0,0.0,1103.0,0.0,45.0,0.0,0.0,34.0,3.0,4.0,2.0,11.0,8.0,0.0,1.0,0.0,1.0,0.0,0.0,False,False,False,False,True,False,False,False,True,False,False,False,False,56.0,1182.0,17.0,1.0
6245.0,1950.0,59292.0,0.0,1.0,71.0,0.0,378.0,14.0,68.0,19.0,14.0,14.0,2.0,3.0,5.0,8.0,3.0,0.0,0.0,0.0,0.0,0.0,0.0,False,False,False,False,True,False,False,False,False,False,True,False,False,75.0,507.0,16.0,1.0
8234.0,1973.0,27190.0,1.0,0.0,13.0,0.0,1.0,6.0,7.0,0.0,1.0,3.0,1.0,1.0,0.0,2.0,8.0,0.0,0.0,1.0,0.0,0.0,1.0,False,True,False,False,False,False,False,False,False,False,True,False,False,52.0,18.0,3.0,1.0
1411.0,1952.0,82623.0,0.0,0.0,58.0,0.0,204.0,34.0,204.0,120.5,81.0,126.5,1.0,2.0,9.0,4.0,1.0,0.0,0.0,0.0,0.0,0.0,0.0,False,False,True,False,False,False,False,True,False,False,False,False,False,73.0,940.0,15.0,0.0
8553.0,1965.0,44300.0,1.0,1.0,65.0,0.0,30.0,0.0,9.0,0.0,0.0,3.0,2.0,1.0,0.0,3.0,6.0,0.0,0.0,0.0,0.0,0.0,0.0,False,False,True,False,False,False,False,False,True,False,False,False,False,60.0,42.0,4.0,2.0
1826.0,1970.0,84835.0,0.0,0.0,0.0,0.0,189.0,81.0,379.0,111.0,81.0,126.5,1.0,4.0,4.0,6.0,1.0,0.0,0.0,0.0,0.0,0.0,1.0,False,False,True,False,False,False,False,True,False,False,False,False,False,55.0,1190.0,14.0,0.0
8842.0,1971.0,30372.0,1.0,1.0,33.0,0.0,15.0,0.0,12.0,7.0,3.0,7.0,3.0,2.0,0.0,3.0,7.0,0.0,0.0,0.0,0.0,0.0,0.0,False,False,True,False,False,False,False,False,False,False,False,True,False,54.0,44.0,5.0,2.0
11030.0,1976.0,33181.0,1.0,0.0,90.0,0.0,9.0,0.0,3.0,0.0,0.0,4.0,1.0,1.0,0.0,2.0,6.0,0.0,0.0,1.0,0.0,0.0,0.0,False,False,False,True,False,False,False,False,True,False,False,False,False,49.0,16.0,3.0,1.0
2579.0,1957.0,71113.0,0.0,1.0,95.0,0.0,495.0,33.0,255.0,11.0,33.0,8.0,4.0,6.0,7.0,9.0,4.0,0.0,0.0,0.0,0.0,0.0,0.0,False,False,True,False,False,False,False,False,True,False,False,False,False,68.0,835.0,22.0,1.0
175.0,1986.0,71952.0,1.0,0.0,93.0,0.0,656.0,80.0,455.0,52.0,81.0,93.0,2.0,8.0,4.0,8.0,4.0,0.0,0.0,1.0,0.0,1.0,0.0,False,False,True,False,False,False,False,False,True,False,False,False,False,39.0,1443.0,20.0,1.0
9185.0,1966.0,69759.0,0.0,0.0,38.0,0.0,452.0,20.0,514.0,13.0,30.0,0.0,3.0,4.0,6.0,5.0,3.0,0.0,0.0,0.0,0.0,0.0,1.0,False,False,False,False,True,False,False,False,False,True,False,False,False,59.0,1029.0,15.0,0.0
11056.0,1974.0,72099.0,0.0,0.0,18.0,0.0,546.0,81.0,410.0,119.0,0.0,22.0,1.0,3.0,4.0,10.0,1.0,0.0,0.0,0.0,0.0,0.0,0.0,False,False,True,False,False,False,False,False,True,False,False,False,False,51.0,1188.0,17.0,0.0
9365.0,1976.0,60000.0,0.0,1.0,57.0,0.0,1048.0,0.0,217.0,0.0,0.0,12.0,5.0,11.0,3.0,5.0,6.0,0.0,0.0,0.0,0.0,0.0,0.0,False,False,False,False,True,False,False,False,False,True,False,False,False,49.0,1277.0,19.0,1.0
6201.0,1978.0,38643.0,1.0,1.0,45.0,1.0,22.0,2.0,14.0,0.0,1.0,10.0,2.0,2.0,0.0,3.0,7.0,0.0,0.0,0.0,0.0,0.0,0.0,False,False,True,False,False,False,False,False,False,True,False,False,False,47.0,49.0,5.0,2.0
2061.0,1955.0,50737.0,0.0,1.0,61.0,0.0,78.0,0.0,11.0,0.0,0.0,10.0,1.0,2.0,0.0,4.0,6.0,0.0,0.0,0.0,1.0,0.0,0.0,False,False,True,False,False,False,False,False,True,False,False,False,False,70.0,99.0,6.0,1.0
6184.0,1969.0,68462.0,0.0,0.0,6.0,0.0,561.0,64.0,556.0,84.0,81.0,48.0,1.0,3.0,3.0,8.0,1.0,0.0,0.0,0.0,0.0,0.0,0.0,False,False,True,False,False,False,False,False,True,False,False,False,False,56.0,1670.0,14.0,0.0
6142.0,1943.0,65073.0,0.0,0.0,65.0,1.0,629.0,17.0,177.0,69.0,0.0,8.0,1.0,5.0,3.0,5.0,2.0,0.0,0.0,0.0,0.0,0.0,0.0,False,False,False,True,False,False,False,False,True,False,False,False,False,82.0,900.0,13.0,0.0
4107.0,1948.0,46681.0,0.0,2.0,52.0,0.0,269.0,15.0,69.0,15.0,19.0,38.0,2.0,4.0,6.0,4.0,5.0,0.0,0.0,0.0,0.0,0.0,0.0,False,False,False,False,True,False,False,False,False,False,True,False,False,77.0,425.0,14.0,2.0
7274.0,1957.0,78618.0,0.0,0.0,87.0,0.0,736.0,81.0,556.0,120.5,81.0,61.0,1.0,4.0,7.0,10.0,2.0,0.0,0.0,0.0,1.0,0.0,0.0,False,False,True,False,False,False,False,False,True,False,False,False,False,68.0,2153.0,21.0,0.0
9336.0,1969.0,62187.0,0.0,1.0,38.0,0.0,512.0,0.0,83.0,0.0,0.0,41.0,3.0,6.0,2.0,10.0,4.0,0.0,0.0,0.0,0.0,0.0,0.0,False,False,False,False,True,False,False,False,False,False,False,True,False,56.0,636.0,18.0,1.0
2958.0,1978.0,28442.0,2.0,0.0,53.0,0.0,19.0,3.0,10.0,11.0,8.0,6.0,3.0,2.0,1.0,4.0,4.0,0.0,0.0,0.0,0.0,0.0,0.0,False,False,True,False,False,False,False,False,True,False,False,False,False,47.0,57.0,7.0,2.0
933.0,1978.0,37717.0,1.0,0.0,31.0,0.0,9.0,0.0,6.0,4.0,1.0,5.0,1.0,1.0,0.0,2.0,9.0,0.0,0.0,0.0,0.0,0.0,0.0,False,False,False,False,True,False,False,False,True,False,False,False,False,47.0,25.0,3.0,1.0
5837.0,1967.0,51479.0,1.0,1.0,67.0,0.0,247.0,8.0,160.0,6.0,8.0,65.0,6.0,6.0,3.0,6.0,7.0,0.0,0.0,0.0,0.0,0.0,0.0,False,False,True,False,False,False,False,False,True,False,False,False,False,58.0,494.0,15.0,2.0
10704.0,1969.0,54803.0,0.0,1.0,65.0,0.0,404.0,0.0,92.0,28.0,27.0,126.5,2.0,6.0,2.0,9.0,4.0,0.0,0.0,0.0,0.0,0.0,0.0,False,False,True,False,False,False,False,False,False,True,False,False,False,56.0,693.0,17.0,1.0
5125.0,1960.0,79530.0,0.0,0.0,64.0,0.0,333.0,0.0,556.0,120.5,42.0,29.0,1.0,4.0,10.0,11.0,2.0,0.0,0.0,0.0,0.0,0.0,0.0,False,False,True,False,False,False,False,False,True,False,False,False,False,65.0,1348.0,25.0,0.0
4432.0,1976.0,31615.0,1.0,0.0,82.0,0.0,2.0,3.0,20.0,6.0,11.0,9.0,2.0,2.0,0.0,3.0,7.0,0.0,0.0,0.0,0.0,0.0,0.0,False,False,True,False,False,False,False,True,False,False,False,False,False,49.0,51.0,5.0,1.0
5955.0,1962.0,72025.0,0.0,0.0,27.0,0.0,833.0,33.0,549.0,120.5,81.0,126.5,1.0,4.0,3.0,8.0,3.0,0.0,0.0,0.0,0.0,0.0,0.0,False,False,True,False,False,False,False,False,False,False,True,False,False,63.0,1932.0,15.0,0.0
2928.0,1975.0,52614.0,0.0,1.0,63.0,0.0,789.0,0.0,142.0,12.0,9.0,38.0,2.0,2.0,4.0,8.0,8.0,0.0,0.0,0.0,0.0,0.0,0.0,False,False,False,False,True,False,False,False,False,True,False,False,False,50.0,990.0,14.0,1.0
5680.0,1984.0,35684.0,1.0,0.0,66.0,0.0,10.0,4.0,7.0,0.0,6.0,3.0,1.0,1.0,0.0,3.0,6.0,0.0,0.0,0.0,0.0,0.0,0.0,True,False,False,False,False,False,False,False,True,False,False,False,False,41.0,30.0,4.0,1.0
10313.0,1975.0,48178.0,1.0,1.0,69.0,0.0,159.0,4.0,45.0,6.0,2.0,38.0,6.0,5.0,1.0,4.0,8.0,0.0,0.0,0.0,0.0,0.0,0.0,False,False,True,False,False,False,False,False,True,False,False,False,False,50.0,254.0,10.0,2.0
2557.0,1970.0,29548.0,1.0,0.0,52.0,0.0,7.0,1.0,6.0,3.0,1.0,11.0,1.0,1.0,1.0,2.0,4.0,0.0,0.0,1.0,0.0,0.0,0.0,False,False,False,True,False,False,False,False,False,True,False,False,False,55.0,29.0,4.0,1.0
1245.0,1966.0,63810.0,0.0,1.0,45.0,0.0,977.0,12.0,253.0,16.0,12.0,101.0,4.0,4.0,3.0,12.0,8.0,0.0,0.0,0.0,1.0,0.0,0.0,False,False,True,False,False,False,False,False,False,True,False,False,False,59.0,1371.0,19.0,1.0
1519.0,1972.0,38578.0,1.0,1.0,2.0,0.0,38.0,4.0,22.0,3.0,3.0,3.0,3.0,3.0,0.0,3.0,8.0,0.0,0.0,0.0,0.0,0.0,1.0,False,False,False,False,True,False,False,False,False,True,False,False,False,53.0,73.0,6.0,2.0
10703.0,1975.0,46098.0,1.0,1.0,86.0,0.0,57.0,0.0,27.0,0.0,0.0,36.0,4.0,3.0,2.0,2.0,8.0,0.0,0.0,0.0,0.0,0.0,0.0,False,False,False,True,False,False,False,False,False,True,False,False,False,50.0,120.0,7.0,2.0
1726.0,1970.0,22585.0,0.0,0.0,23.0,0.0,3.0,9.0,15.0,13.0,2.0,39.0,1.0,1.0,1.0,2.0,9.0,0.0,0.0,1.0,0.0,0.0,1.0,False,False,True,False,False,False,False,False,False,True,False,False,False,55.0,81.0,4.0,0.0
4459.0,1989.0,30279.0,1.0,0.0,13.0,0.0,10.0,4.0,14.0,4.0,4.0,1.0,1.0,1.0,0.0,3.0,8.0,0.0,0.0,0.0,0.0,0.0,0.0,False,False,True,False,False,False,False,False,False,True,False,False,False,36.0,37.0,4.0,1.0
1729.0,1961.0,66426.0,0.0,1.0,14.0,0.0,1043.0,24.0,97.0,32.0,24.0,126.5,2.0,3.0,5.0,10.0,6.0,0.0,0.0,0.0,0.0,0.0,0.0,False,False,False,False,True,False,False,False,False,False,True,False,False,64.0,1377.0,18.0,1.0
1517.0,1969.0,30822.0,1.0,0.0,92.0,0.0,3.0,9.0,13.0,2.0,12.0,12.0,1.0,1.0,0.0,3.0,7.0,0.0,0.0,0.0,0.0,0.0,0.0,False,False,True,False,False,False,False,False,False,True,False,False,False,56.0,51.0,4.0,1.0
2098.0,1969.0,33581.0,2.0,0.0,38.0,0.0,11.0,0.0,5.0,0.0,0.0,1.0,1.0,1.0,0.0,2.0,8.0,0.0,0.0,0.0,0.0,0.0,0.0,False,False,False,False,True,False,False,False,True,False,False,False,False,56.0,17.0,3.0,2.0
9543.0,1985.0,19986.0,1.0,0.0,74.0,0.0,3.0,6.0,5.0,0.0,2.0,6.0,1.0,0.0,0.0,3.0,7.0,0.0,0.0,0.0,0.0,0.0,0.0,False,False,True,False,False,False,False,False,True,False,False,False,False,40.0,22.0,3.0,1.0
6878.0,1954.0,27421.0,0.0,0.0,14.0,0.0,43.0,12.0,96.0,78.0,40.0,55.0,3.0,4.0,1.0,6.0,7.0,0.0,0.0,0.0,0.0,0.0,0.0,False,False,True,False,False,False,False,False,False,False,False,True,False,71.0,324.0,11.0,0.0
3310.0,1973.0,35688.0,2.0,1.0,94.0,0.0,73.0,3.0,90.0,12.0,1.0,32.0,6.0,4.0,1.0,4.0,8.0,0.0,0.0,0.0,0.0,0.0,0.0,True,False,False,False,False,False,False,False,True,False,False,False,False,52.0,211.0,9.0,2.5
2724.0,1981.0,36143.0,1.0,0.0,33.0,0.0,12.0,0.0,1.0,0.0,0.0,6.0,1.0,0.0,1.0,2.0,3.0,0.0,0.0,0.0,0.0,0.0,0.0,False,False,False,True,False,False,False,False,False,True,False,False,False,44.0,19.0,3.0,1.0
948.0,1971.0,10245.0,1.0,0.0,32.0,0.0,4.0,7.0,7.0,6.0,4.0,13.0,3.0,1.0,2.0,2.0,5.0,0.0,0.0,0.0,0.0,0.0,0.0,False,False,True,False,False,False,False,False,False,True,False,False,False,54.0,41.0,5.0,1.0
6720.0,1968.0,43795.0,0.0,1.0,11.0,0.0,314.0,11.0,53.0,4.0,3.0,107.0,3.0,7.0,3.0,4.0,7.0,0.0,0.0,0.0,1.0,0.0,1.0,False,False,False,True,False,False,False,False,False,False,True,False,False,57.0,492.0,14.0,1.0
6202.0,1960.0,63381.0,0.0,1.0,78.0,0.0,571.0,50.0,142.0,33.0,50.0,126.5,4.0,4.0,5.0,13.0,2.0,0.0,0.0,0.0,0.0,0.0,0.0,False,False,True,False,False,False,False,False,False,False,True,False,False,65.0,1005.0,22.0,1.0
2066.0,1949.0,38823.0,0.0,1.0,56.0,0.0,70.0,0.0,11.0,2.0,8.0,23.0,1.0,2.0,1.0,3.0,6.0,0.0,0.0,0.0,0.0,0.0,0.0,False,False,True,False,False,False,False,False,False,False,True,False,False,76.0,114.0,6.0,1.0
9799.0,1968.0,83664.0,1.0,1.0,57.0,0.0,866.0,21.0,151.0,28.0,21.0,86.0,3.0,2.0,2.0,12.0,5.0,0.0,0.0,0.0,0.0,0.0,0.0,False,False,False,False,True,False,False,True,False,False,False,False,False,57.0,1173.0,16.0,2.0
8318.0,1979.0,90300.0,0.0,0.0,7.0,0.0,594.0,81.0,556.0,33.0,81.0,57.0,0.0,5.0,6.0,8.0,1.0,0.0,0.0,0.0,0.0,1.0,0.0,False,False,True,False,False,False,False,False,False,False,True,False,False,46.0,1738.0,19.0,0.0
5642.0,1979.0,62499.0,1.0,0.0,0.0,0.0,140.0,4.0,61.0,0.0,13.0,4.0,2.0,3.0,1.0,6.0,4.0,0.0,0.0,0.0,0.0,0.0,0.0,False,False,False,True,False,False,False,False,False,False,True,False,False,46.0,222.0,10.0,1.0
2669.0,1993.0,74293.0,0.0,0.0,66.0,0.0,375.0,81.0,335.0,93.0,81.0,81.0,1.0,5.0,4.0,6.0,2.0,0.0,0.0,0.0,0.0,0.0,0.0,False,False,True,False,False,False,False,False,False,True,False,False,False,32.0,1127.0,15.0,0.0
455.0,1946.0,51012.0,0.0,0.0,86.0,0.0,102.0,9.0,63.0,2.0,9.0,24.0,1.0,4.0,1.0,4.0,6.0,0.0,0.0,0.0,0.0,0.0,0.0,False,False,False,False,True,False,False,False,True,False,False,False,False,79.0,209.0,9.0,0.0
7683.0,1968.0,70777.0,0.0,1.0,80.0,0.0,554.0,35.0,113.0,0.0,7.0,78.0,3.0,5.0,3.0,12.0,3.0,0.0,0.0,0.0,0.0,0.0,0.0,False,False,False,True,False,False,False,False,True,False,False,False,False,57.0,787.0,20.0,1.0
3428.0,1991.0,68682.0,0.0,0.0,56.0,0.0,919.0,0.0,505.0,99.0,30.0,45.0,1.0,4.0,9.0,10.0,2.0,0.0,0.0,0.0,0.0,0.0,0.0,False,False,False,False,True,False,False,False,False,False,True,False,False,34.0,1598.0,23.0,0.0
7414.0,1971.0,43824.0,1.0,1.0,18.0,0.0,96.0,1.0,42.0,12.0,3.0,32.0,4.0,3.0,1.0,4.0,8.0,0.0,0.0,0.0,0.0,0.0,0.0,False,False,True,False,False,False,False,False,True,False,False,False,False,54.0,186.0,8.0,2.0
6354.0,1984.0,15345.0,1.0,0.0,51.0,0.0,5.0,2.0,16.0,3.0,2.0,19.0,2.0,1.0,1.0,2.0,8.0,0.0,0.0,0.0,0.0,0.0,1.0,False,False,True,False,False,False,False,False,False,False,True,False,False,41.0,47.0,4.0,1.0
798.0,1987.0,23442.0,1.0,0.0,71.0,0.0,2.0,0.0,6.0,8.0,6.0,5.0,1.0,1.0,0.0,3.0,7.0,0.0,0.0,0.0,0.0,0.0,0.0,False,False,True,False,False,False,False,False,False,True,False,False,False,38.0,27.0,4.0,1.0
8213.0,1980.0,14515.0,1.0,0.0,71.0,0.0,6.0,4.0,9.0,6.0,36.0,35.0,4.0,2.0,2.0,3.0,7.0,0.0,0.0,0.0,0.0,0.0,1.0,True,False,False,False,False,False,False,False,False,False,True,False,False,45.0,96.0,7.0,1.0
2488.0,1956.0,31395.0,1.0,1.0,80.0,0.0,23.0,1.0,25.0,0.0,8.0,7.0,4.0,2.0,1.0,3.0,6.0,0.0,0.0,0.0,0.0,0.0,0.0,True,False,False,False,False,False,False,True,False,False,False,False,False,69.0,64.0,6.0,2.0
9999.0,1965.0,65933.9952280165,0.0,0.0,2.0,0.0,610.0,81.0,125.0,120.5,42.0,21.0,1.0,9.0,4.0,9.0,5.0,0.0,0.0,0.0,0.0,0.0,0.0,False,False,True,False,False,False,False,False,False,False,True,False,False,60.0,1040.0,22.0,0.0
7617.0,1974.0,42373.0,1.0,1.0,83.0,0.0,67.0,5.0,61.0,3.0,8.0,19.0,5.0,2.0,1.0,5.0,5.0,0.0,0.0,0.0,0.0,0.0,0.0,False,False,True,False,False,False,False,False,False,True,False,False,False,51.0,163.0,8.0,2.0
615.0,1960.0,30507.0,0.0,0.0,29.0,0.0,65.0,36.0,74.0,38.0,20.0,110.0,1.0,5.0,1.0,4.0,7.0,0.0,0.0,0.0,0.0,0.0,0.0,False,False,True,False,False,False,False,False,False,False,True,False,False,65.0,343.0,10.0,0.0
2552.0,1955.0,55521.0,1.0,2.0,11.0,0.0,416.0,0.0,26.0,0.0,0.0,4.0,6.0,6.0,3.0,6.0,7.0,0.0,0.0,0.0,1.0,0.0,1.0,False,False,False,False,True,False,False,False,False,True,False,False,False,70.0,446.0,15.0,2.5
194.0,1965.0,48006.0,1.0,1.0,55.0,0.0,23.0,0.0,11.0,3.0,2.0,2.0,1.0,1.0,0.0,3.0,6.0,0.0,0.0,0.0,0.0,0.0,0.0,False,False,True,False,False,False,False,False,True,False,False,False,False,60.0,41.0,4.0,2.0
3645.0,1972.0,27213.0,1.0,0.0,19.0,0.0,19.0,3.0,26.0,10.0,9.0,3.0,3.0,2.0,0.0,4.0,8.0,0.0,0.0,0.0,0.0,0.0,1.0,False,False,False,False,True,False,False,False,False,True,False,False,False,53.0,70.0,6.0,1.0
8890.0,1971.0,65808.0,1.0,1.0,1.0,0.0,155.0,7.0,80.0,13.0,7.0,10.0,3.0,5.0,1.0,5.0,6.0,0.0,0.0,0.0,0.0,0.0,0.0,False,False,False,False,True,False,False,True,False,False,False,False,False,54.0,272.0,11.0,2.0
5049.0,1974.0,30351.0,1.0,0.0,19.0,0.0,14.0,0.0,24.0,3.0,3.0,2.0,1.0,3.0,0.0,2.0,9.0,0.0,0.0,0.0,0.0,0.0,0.0,False,False,False,False,True,False,False,False,False,False,True,False,False,51.0,46.0,5.0,1.0
9973.0,1963.0,50437.0,0.0,2.0,28.0,0.0,370.0,9.0,92.0,6.0,9.0,4.0,3.0,7.0,1.0,8.0,7.0,0.0,0.0,0.0,0.0,0.0,0.0,False,False,True,False,False,False,False,False,True,False,False,False,False,62.0,490.0,16.0,2.0
7301.0,1982.0,23616.0,1.0,0.1657334663272536,76.0,0.0,4.0,22.0,11.0,3.0,7.0,32.0,2.0,3.0,0.0,3.0,8.0,0.0,0.0,0.0,0.0,0.0,1.0,True,False,False,False,False,False,False,False,False,True,False,False,False,43.0,79.0,6.0,1.1657334663272536
10882.0,1976.0,53858.0,0.0,1.0,50.0,0.0,407.0,53.0,221.0,58.0,81.0,26.0,4.0,4.0,3.0,6.0,4.0,0.0,0.0,0.0,0.0,0.0,0.0,False,False,True,False,False,False,False,False,True,False,False,False,False,49.0,915.0,13.0,1.0
7030.0,1955.0,66465.0,0.0,1.0,1.0,0.0,1200.0,0.0,204.0,38.0,29.0,14.0,3.0,11.0,9.0,12.0,6.0,1.0,0.0,0.0,0.0,0.0,0.0,False,False,False,False,True,False,False,False,True,False,False,False,False,70.0,1485.0,32.0,1.0
7422.0,1987.0,46923.0,1.0,0.0,90.0,0.0,85.0,44.0,54.0,102.0,78.0,6.0,3.0,5.0,1.0,7.0,7.0,0.0,0.0,0.0,0.0,0.0,0.0,False,False,True,False,False,False,False,False,False,True,False,False,False,38.0,369.0,13.0,1.0
3523.0,1962.0,75072.0,0.0,1.0,83.0,0.0,583.0,34.0,309.0,0.0,22.0,125.0,2.0,5.0,4.0,8.0,3.0,0.0,0.0,0.0,0.0,0.0,0.0,False,False,True,False,False,False,False,False,False,False,True,False,False,63.0,1073.0,17.0,1.0
7106.0,1943.0,75865.0,0.0,0.0,73.0,0.0,483.0,0.0,556.0,120.5,0.0,12.0,1.0,3.0,5.0,10.0,1.0,0.0,0.0,0.0,0.0,0.0,0.0,False,False,False,False,True,False,False,False,True,False,False,False,False,82.0,1242.0,18.0,0.0
6504.0,1975.0,19789.0,1.0,0.0,24.0,0.0,2.0,5.0,9.0,28.0,6.0,28.0,3.0,2.0,1.0,3.0,5.0,0.0,0.0,1.0,0.0,0.0,0.0,True,False,False,False,False,False,False,False,False,False,True,False,False,50.0,78.0,6.0,1.0
5067.0,1994.0,80134.0,0.0,-0.003770659080469585,11.0,0.0,966.0,26.0,282.0,52.0,26.0,26.0,1.0,2.0,7.0,11.0,5.0,1.0,1.0,0.0,1.0,1.0,0.0,False,False,True,False,False,False,False,False,False,False,True,False,False,31.0,1378.0,20.0,-0.003770659080469585
4216.0,1981.0,91065.0,0.0,0.0,33.0,0.0,822.0,81.0,108.0,120.5,81.0,114.0,1.0,7.0,9.0,9.0,3.0,1.0,0.0,0.0,0.0,1.0,1.0,False,False,True,False,False,False,False,False,False,True,False,False,False,44.0,1474.0,25.0,0.0
8581.0,1971.0,49505.0,1.0,1.2594894632058775,4.0,0.0,604.0,0.0,100.0,19.0,0.0,28.0,6.0,10.0,2.0,8.0,8.0,0.0,0.0,0.0,0.0,0.0,0.0,False,False,False,True,False,False,False,False,True,False,False,False,False,54.0,751.0,20.0,2.2594894632058775
5929.0,1973.0,37401.0,1.0,0.0,14.0,0.0,19.0,3.0,19.0,3.0,1.0,3.0,2.0,2.0,0.0,3.0,7.0,0.0,0.0,0.0,0.0,0.0,0.0,False,False,False,False,True,False,False,False,True,False,False,False,False,52.0,48.0,5.0,1.0
3129.0,1983.0,30096.0,1.0,0.0,30.0,0.0,5.0,3.0,11.0,12.0,5.0,9.0,1.0,2.0,0.0,3.0,6.0,0.0,0.0,0.0,0.0,0.0,0.0,False,False,True,False,False,False,False,False,True,False,False,False,False,42.0,45.0,5.0,1.0
6528.0,1982.0,18492.0,1.0,0.0,75.0,0.0,2.0,2.0,2.0,2.0,1.0,1.0,1.0,1.0,0.0,2.0,8.0,0.0,0.0,0.0,0.0,0.0,0.0,False,False,False,True,False,False,False,False,False,False,True,False,False,43.0,10.0,3.0,1.0
1361.0,1974.0,82584.0,0.0,0.0,26.0,0.0,1076.0,68.0,103.0,29.0,81.0,68.0,1.0,3.0,4.0,8.0,1.0,0.0,0.0,0.0,1.0,1.0,1.0,False,False,False,True,False,False,False,False,True,False,False,False,False,51.0,1435.0,15.0,0.0
6932.0,1941.0,93027.0,0.0,0.0,77.0,0.0,1225.0,42.0,556.0,55.0,0.0,21.0,0.0,7.0,10.0,5.0,2.0,0.0,0.0,0.0,0.0,1.0,0.0,False,False,False,False,True,False,False,False,True,False,False,False,False,84.0,2119.0,22.0,0.0
7284.0,1953.0,48686.0,1.0,2.0,8.0,0.0,10.0,0.0,7.0,2.0,0.0,1.0,1.0,1.0,0.0,2.0,8.0,0.0,0.0,0.0,0.0,0.0,0.0,False,False,True,False,False,False,False,False,True,False,False,False,False,72.0,20.0,3.0,2.5
1340.0,1986.0,92910.0,0.0,0.0,42.0,0.0,551.0,81.0,556.0,120.5,81.0,33.0,1.0,6.0,7.0,13.0,1.0,1.0,0.0,0.0,1.0,1.0,0.0,False,False,True,False,False,False,False,False,True,False,False,False,False,39.0,1795.0,26.0,0.0
8746.0,1989.0,75433.0,1.0,0.0,28.0,0.0,800.0,0.0,297.0,0.0,34.0,57.0,2.0,2.0,5.0,10.0,6.0,1.0,0.0,0.0,1.0,0.0,0.0,False,False,True,False,False,False,False,False,True,False,False,False,False,36.0,1188.0,17.0,1.0
5987.0,1989.0,10404.0,1.0,0.0,52.0,0.0,2.0,2.0,11.0,10.0,6.0,12.0,2.0,1.0,0.0,4.0,5.0,0.0,0.0,0.0,0.0,0.0,0.0,True,False,False,False,False,False,False,False,False,False,True,False,False,36.0,43.0,5.0,1.0
3767.0,1968.0,61314.0,0.0,1.0,1.0,0.0,378.0,0.0,189.0,97.0,81.0,126.5,2.0,5.0,5.0,12.0,3.0,0.0,0.0,0.0,0.0,0.0,0.0,False,False,True,False,False,False,False,False,True,False,False,False,False,57.0,1008.0,22.0,1.0
3725.0,1961.0,84865.0,0.0,0.0,1.0,0.0,1225.0,16.0,349.0,43.0,16.0,16.0,1.0,2.0,4.0,9.0,4.0,1.0,1.0,0.0,1.0,1.0,1.0,False,False,False,False,True,False,False,False,False,True,False,False,False,64.0,1688.0,15.0,0.0
4324.0,1989.0,42387.0,1.0,0.0,42.0,0.0,235.0,0.0,235.0,19.0,4.0,126.5,5.0,8.0,1.0,7.0,8.0,0.0,0.0,0.0,0.0,0.0,0.0,False,False,True,False,False,False,False,False,True,False,False,False,False,36.0,684.0,16.0,1.0
238.0,1967.0,67309.0,1.0,1.0,76.0,0.0,515.0,47.0,181.0,120.5,81.0,95.0,6.0,9.0,6.0,9.0,7.0,0.0,0.0,0.0,0.0,0.0,0.0,True,False,False,False,False,False,False,False,False,False,True,False,False,58.0,1082.0,24.0,2.0
6694.0,1964.0,75236.0,0.0,1.0,27.0,0.0,438.0,66.0,400.0,12.0,38.0,114.0,1.0,8.0,3.0,13.0,4.0,0.0,0.0,0.0,0.0,0.0,0.0,False,False,True,False,False,False,False,False,True,False,False,False,False,61.0,1068.0,24.0,1.0
498.0,1970.0,30015.0,1.0,0.0,28.0,0.0,25.0,0.0,22.0,2.0,3.0,5.0,2.0,1.0,0.0,4.0,5.0,0.0,0.0,0.0,0.0,0.0,0.0,False,False,True,False,False,False,False,False,False,True,False,False,False,55.0,57.0,5.0,1.0
9347.0,1956.0,50943.0,0.0,1.0,49.0,0.0,31.0,0.0,7.0,2.0,0.0,6.0,1.0,1.0,0.0,3.0,5.0,0.0,0.0,0.0,0.0,0.0,0.0,False,False,False,True,False,False,False,False,False,False,True,False,False,69.0,46.0,4.0,1.0
9699.0,1966.0,67272.0,0.0,1.0,12.0,0.0,357.0,35.0,271.0,28.0,28.0,14.0,3.0,6.0,2.0,12.0,5.0,0.0,0.0,0.0,0.0,0.0,0.0,False,False,True,False,False,False,False,True,False,False,False,False,False,59.0,733.0,20.0,1.0
10664.0,1949.0,51529.0,0.0,1.0,14.0,0.0,400.0,4.0,35.0,6.0,0.0,22.0,2.0,9.0,1.0,5.0,8.0,0.0,0.0,0.0,0.0,0.0,0.0,False,False,False,True,False,False,False,False,False,False,False,True,False,76.0,467.0,15.0,1.0
5455.0,1971.0,32011.0,1.0,0.0,89.0,0.0,99.0,0.0,15.0,2.0,1.0,5.0,3.0,2.0,1.0,4.0,7.0,0.0,0.0,0.0,0.0,0.0,0.0,False,False,False,False,True,False,False,False,True,False,False,False,False,54.0,122.0,7.0,1.0
456.0,1986.0,7500.0,1.0,0.0,96.0,0.0,1.0,11.0,5.0,4.0,6.0,9.0,2.0,2.0,0.0,3.0,8.0,0.0,0.0,0.0,0.0,0.0,0.0,True,False,False,False,False,False,False,False,True,False,False,False,False,39.0,36.0,5.0,1.0
5012.0,1989.0,28691.0,1.0,0.0,56.0,0.0,5.0,4.0,13.0,8.0,0.0,4.0,1.0,1.0,0.0,3.0,8.0,0.0,0.0,0.0,0.0,0.0,0.0,False,False,True,False,False,False,False,False,True,False,False,False,False,36.0,34.0,4.0,1.0
7495.0,1948.0,56223.0,0.0,1.0,72.0,0.0,77.0,28.0,31.0,16.0,0.0,4.0,2.0,2.0,1.0,5.0,4.0,0.0,0.0,0.0,0.0,0.0,0.0,False,False,False,False,True,False,False,False,True,False,False,False,False,77.0,156.0,8.0,1.0
5029.0,1946.0,18100.0,0.0,0.0,14.0,0.0,3.0,1.0,2.0,4.0,3.0,1.0,1.0,0.0,0.0,3.0,5.0,0.0,0.0,0.0,0.0,0.0,0.0,False,False,True,False,False,False,False,False,True,False,False,False,False,79.0,14.0,3.0,0.0
10642.0,1989.0,30279.0,1.0,0.0,13.0,0.0,10.0,4.0,14.0,4.0,4.0,1.0,1.0,1.0,0.0,3.0,8.0,0.0,0.0,0.0,0.0,0.0,0.0,False,False,True,False,False,False,False,False,False,True,False,False,False,36.0,37.0,4.0,1.0
2106.0,1974.0,20130.0,0.0,0.0,99.0,0.0,0.0,6.0,3.0,7.0,6.0,12.0,1.0,1.0,0.0,3.0,8.0,0.0,0.0,0.0,0.0,0.0,0.0,True,False,False,False,False,False,False,False,True,False,False,False,False,51.0,34.0,4.0,0.0
10364.0,1959.0,23295.0,0.0,0.0,72.0,0.0,0.0,0.0,1.0,2.0,12.0,5.0,1.0,1.0,0.0,2.0,8.0,0.0,0.0,0.0,0.0,0.0,0.0,False,False,True,False,False,False,False,True,False,False,False,False,False,66.0,20.0,3.0,0.0
5954.0,1972.0,42618.0,1.0,0.0,92.0,0.0,76.0,14.0,74.0,13.0,5.0,10.0,2.0,5.0,0.0,4.0,8.0,0.0,0.0,0.0,0.0,0.0,0.0,False,False,False,True,False,False,False,True,False,False,False,False,False,53.0,192.0,9.0,1.0
1137.0,1964.0,81246.0,0.0,0.0,87.0,0.0,398.0,81.0,537.0,61.0,81.0,37.0,1.0,4.0,5.0,7.0,1.0,1.0,0.0,1.0,0.0,0.0,0.0,False,False,True,False,False,False,False,False,False,True,False,False,False,61.0,1379.0,16.0,0.0
2541.0,1976.0,24027.0,1.0,0.0,7.0,0.0,14.0,7.0,11.0,11.0,0.0,5.0,2.0,2.0,0.0,3.0,8.0,0.0,0.0,0.0,0.0,0.0,0.0,False,False,True,False,False,False,False,False,True,False,False,False,False,49.0,48.0,5.0,1.0
1142.0,1953.0,55707.0,0.0,1.0,91.0,0.0,208.0,7.0,82.0,30.0,66.0,35.0,2.0,3.0,2.0,9.0,3.0,0.0,0.0,0.0,0.0,0.0,0.0,False,False,False,False,True,False,False,False,True,False,False,False,False,72.0,428.0,14.0,1.0
2276.0,1955.0,57959.0,0.0,1.0,71.0,0.0,430.0,16.0,322.0,43.0,24.0,33.0,5.0,4.0,7.0,11.0,3.0,0.0,0.0,0.0,0.0,0.0,0.0,False,False,True,False,False,False,False,False,False,True,False,False,False,70.0,868.0,22.0,1.0
2807.0,1969.0,56796.0,0.0,1.0,24.0,0.0,656.0,38.0,161.0,62.0,47.0,37.0,3.0,8.0,9.0,7.0,7.0,0.0,0.0,0.0,0.0,0.0,0.0,False,False,True,False,False,False,False,False,True,False,False,False,False,56.0,1001.0,24.0,1.0
6471.0,1971.0,36230.0,1.0,0.0,17.0,0.0,14.0,2.0,30.0,8.0,2.0,3.0,1.0,2.0,0.0,4.0,5.0,0.0,0.0,0.0,0.0,0.0,0.0,False,False,False,True,False,False,False,False,False,True,False,False,False,54.0,59.0,6.0,1.0
6131.0,1980.0,70829.0,1.0,1.0,87.0,0.0,141.0,70.0,106.0,72.0,19.0,23.0,2.0,4.0,2.0,8.0,3.0,0.0,0.0,0.0,0.0,0.0,0.0,True,False,False,False,False,False,False,False,True,False,False,False,False,45.0,431.0,14.0,2.0
6233.0,1976.0,65991.0,0.0,1.0,21.0,0.0,507.0,19.0,364.0,25.0,47.0,9.0,3.0,9.0,5.0,10.0,7.0,0.0,0.0,0.0,0.0,0.0,0.0,False,False,True,False,False,False,False,False,True,False,False,False,False,49.0,971.0,24.0,1.0
4148.0,1972.0,38988.0,1.0,2.0,90.0,0.0,164.0,24.0,103.0,12.0,3.0,42.0,6.0,5.0,1.0,6.0,8.0,0.0,0.0,0.0,0.0,0.0,0.0,False,False,True,False,False,False,False,False,True,False,False,False,False,53.0,348.0,12.0,2.5
4947.0,1966.0,89572.0,0.0,0.0,44.0,0.0,606.0,24.0,556.0,120.5,81.0,64.0,1.0,7.0,7.0,9.0,4.0,1.0,0.0,0.0,1.0,0.0,1.0,True,False,False,False,False,False,False,False,False,True,False,False,False,59.0,2059.0,23.0,0.0
3225.0,1984.0,42207.0,1.0,0.0,71.0,0.0,116.0,11.0,72.0,3.0,17.0,46.0,4.0,4.0,1.0,5.0,6.0,0.0,0.0,1.0,0.0,0.0,1.0,False,False,False,True,False,False,False,False,True,False,False,False,False,41.0,265.0,10.0,1.0
7540.0,1952.0,50300.0,0.0,1.0,52.0,0.0,143.0,15.0,60.0,24.0,23.0,5.0,2.0,2.0,1.0,8.0,2.0,0.0,0.0,0.0,0.0,0.0,0.0,False,False,True,False,False,False,False,False,True,False,False,False,False,73.0,270.0,11.0,1.0
10648.0,1982.0,66664.0,0.0,0.0,78.0,0.0,398.0,81.0,447.0,120.5,81.0,32.0,1.0,5.0,7.0,6.0,3.0,0.0,0.0,0.0,0.0,0.0,0.0,True,False,False,False,False,False,False,False,False,False,True,False,False,43.0,1289.0,18.0,0.0
1992.0,1964.0,60597.0,0.0,1.0,2.0,0.0,522.0,0.0,257.0,32.0,16.0,66.0,4.0,2.0,2.0,8.0,7.0,1.0,0.0,0.0,0.0,0.0,1.0,False,False,True,False,False,False,False,False,True,False,False,False,False,61.0,893.0,12.0,1.0
7851.0,1949.0,70165.0,0.0,0.0,60.0,0.0,161.0,0.0,253.0,120.5,81.0,122.0,1.0,3.0,7.0,11.0,1.0,0.0,0.0,0.0,0.0,0.0,0.0,False,False,True,False,False,False,False,False,False,False,False,True,False,76.0,926.0,21.0,0.0
8594.0,1958.0,50520.0,0.0,1.0,25.0,0.0,112.0,0.0,6.0,2.0,1.0,14.0,2.0,3.0,1.0,3.0,6.0,0.0,0.0,0.0,0.0,0.0,0.0,False,False,False,False,True,False,False,False,False,False,False,True,False,67.0,135.0,7.0,1.0
7059.0,1963.0,80124.0,0.0,0.0,47.0,0.0,483.0,81.0,398.0,120.5,81.0,126.5,1.0,3.0,7.0,8.0,1.0,0.0,0.0,1.0,0.0,0.0,0.0,False,False,True,False,False,False,False,False,True,False,False,False,False,62.0,1495.0,18.0,0.0
2815.0,1975.0,33183.0,1.0,0.0,46.0,0.0,7.0,5.0,39.0,17.0,15.0,37.0,2.0,4.0,0.0,3.0,7.0,0.0,0.0,0.0,0.0,0.0,0.0,False,False,True,False,False,False,False,False,True,False,False,False,False,50.0,120.0,7.0,1.0
2416.0,1969.0,66582.0,0.0,0.0,83.0,0.0,789.0,25.0,420.0,16.0,38.0,0.0,1.0,2.0,8.0,9.0,1.0,0.0,0.0,0.0,0.0,0.0,0.0,False,False,False,False,True,False,False,False,False,True,False,False,False,56.0,1288.0,19.0,0.0
7999.0,1955.0,75261.0,0.0,0.0,17.0,0.0,1225.0,17.0,413.0,23.0,34.0,17.0,1.0,5.0,6.0,5.0,2.0,0.0,0.0,0.0,1.0,1.0,1.0,False,False,False,False,True,False,False,False,False,False,True,False,False,70.0,1743.0,16.0,0.0
9213.0,1970.0,31880.0,1.0,0.0,13.0,0.0,4.0,1.0,5.0,2.0,0.0,3.0,1.0,1.0,0.0,2.0,8.0,0.0,0.0,0.0,0.0,0.0,0.0,False,False,True,False,False,False,False,False,False,False,False,True,False,55.0,15.0,3.0,1.0
9697.0,1951.0,53790.0,0.0,2.0,86.0,0.0,335.0,42.0,127.0,28.0,5.0,5.0,3.0,7.0,2.0,8.0,6.0,0.0,0.0,0.0,0.0,0.0,0.0,False,False,True,False,False,False,False,False,True,False,False,False,False,74.0,542.0,17.0,2.0
3916.0,1971.0,49269.0,1.0,0.0,92.0,0.0,639.0,8.0,166.0,11.0,8.0,58.0,3.0,7.0,3.0,12.0,7.0,0.0,0.0,0.0,0.0,0.0,0.0,False,False,False,False,True,False,False,False,False,False,True,False,False,54.0,890.0,22.0,1.0
2021.0,1975.0,61456.0,0.0,1.0,47.0,0.0,563.0,76.0,384.0,84.0,81.0,89.0,4.0,6.0,10.0,13.0,4.0,0.0,0.0,0.0,0.0,0.0,0.0,False,False,True,False,False,False,False,False,True,False,False,False,False,50.0,1388.0,29.0,1.0
1581.0,1980.0,37406.0,1.0,0.0,18.0,0.0,2.0,0.0,8.0,2.0,2.0,3.0,1.0,1.0,0.0,2.0,8.0,0.0,0.0,0.0,0.0,0.0,1.0,False,False,True,False,False,False,False,False,True,False,False,False,False,45.0,17.0,3.0,1.0
564.0,1981.0,56937.0,1.0,0.0,81.0,0.0,746.0,8.0,125.0,11.0,8.0,8.0,6.0,8.0,6.0,9.0,6.0,0.0,0.0,0.0,1.0,0.0,1.0,False,False,False,False,True,False,False,False,False,False,True,False,False,44.0,906.0,23.0,1.0
6619.0,1978.0,38415.0,1.0,1.0,91.0,0.0,22.0,1.0,13.0,4.0,0.0,4.0,2.0,1.0,0.0,3.0,7.0,0.0,0.0,0.0,0.0,0.0,0.0,False,False,True,False,False,False,False,False,True,False,False,False,False,47.0,44.0,4.0,2.0
9081.0,1988.0,20518.0,1.0,0.0,58.0,0.0,4.0,1.0,6.0,4.0,1.0,9.0,1.0,1.0,1.0,2.0,5.0,0.0,0.0,0.0,0.0,0.0,0.0,False,False,True,False,False,False,False,False,False,True,False,False,False,37.0,25.0,4.0,1.0
178.0,1956.0,64360.138281968684,0.0,1.0,40.0,0.0,478.0,0.0,193.0,110.0,75.0,117.0,4.0,8.0,3.0,11.0,5.0,0.0,0.0,0.0,0.0,0.0,0.0,False,False,True,False,False,False,False,False,True,False,False,False,False,69.0,973.0,22.0,1.0
916.0,1972.0,41644.0,1.0,1.0,67.0,0.0,20.0,3.0,4.0,2.0,0.0,2.0,2.0,1.0,0.0,3.0,3.0,0.0,0.0,0.0,0.0,0.0,0.0,False,False,False,False,True,False,False,False,False,True,False,False,False,53.0,31.0,4.0,2.0
5512.0,1977.0,55842.0,0.0,1.0,19.0,0.0,451.0,0.0,39.0,0.0,4.0,24.0,1.0,7.0,1.0,8.0,5.0,0.0,0.0,0.0,0.0,0.0,0.0,False,False,False,True,False,False,False,False,True,False,False,False,False,48.0,518.0,16.0,1.0
8970.0,1972.0,62010.0,0.0,1.0,93.0,0.0,371.0,22.0,39.0,6.0,0.0,92.0,4.0,6.0,2.0,7.0,5.0,0.0,0.0,0.0,0.0,0.0,0.0,False,False,False,False,True,False,False,False,True,False,False,False,False,53.0,530.0,15.0,1.0
10581.0,1977.0,41124.0,1.0,0.0,41.0,0.0,281.0,7.0,84.0,15.0,0.0,119.0,6.0,7.0,3.0,4.0,8.0,0.0,0.0,0.0,0.0,0.0,0.0,False,False,True,False,False,False,False,False,True,False,False,False,False,48.0,506.0,14.0,1.0
5300.0,1973.0,38961.0,1.0,0.0,60.0,0.0,19.0,7.0,19.0,0.0,1.0,24.0,1.0,2.0,1.0,2.0,7.0,0.0,0.0,0.0,0.0,0.0,0.0,False,False,False,True,False,False,False,False,True,False,False,False,False,52.0,70.0,5.0,1.0
5154.0,1972.0,37760.0,1.0,0.0,54.0,0.0,26.0,3.0,13.0,2.0,10.0,0.0,1.0,2.0,0.0,3.0,6.0,0.0,0.0,0.0,0.0,0.0,0.0,False,False,False,True,False,False,False,True,False,False,False,False,False,53.0,54.0,5.0,1.0
8346.0,1974.0,32233.0,1.0,0.0,26.0,0.0,138.0,15.0,35.0,25.0,11.0,72.0,2.0,6.0,2.0,2.0,9.0,0.0,0.0,1.0,0.0,0.0,1.0,False,False,True,False,False,False,False,False,False,True,False,False,False,51.0,296.0,10.0,1.0
1676.0,1975.0,43057.0,0.0,1.0,30.0,0.0,213.0,2.0,44.0,0.0,2.0,5.0,4.0,4.0,2.0,5.0,5.0,0.0,0.0,0.0,0.0,0.0,0.0,False,False,True,False,False,False,False,False,True,False,False,False,False,50.0,266.0,11.0,1.0
9286.0,1960.0,83151.0,0.0,0.0,93.0,0.0,407.0,28.0,100.0,120.0,74.0,18.0,1.0,5.0,9.0,4.0,3.0,0.0,0.0,0.0,0.0,0.0,0.0,False,False,False,True,False,False,False,False,False,False,True,False,False,65.0,747.0,18.0,0.0
2426.0,1964.0,78825.0,0.0,0.0,35.0,0.0,483.0,74.0,114.0,120.5,37.0,18.0,1.0,5.0,10.0,13.0,3.0,0.0,0.0,0.0,0.0,0.0,1.0,False,False,False,False,True,False,False,True,False,False,False,False,False,61.0,895.0,28.0,0.0
5172.0,1976.0,65104.0,0.0,1.0,4.0,0.0,738.0,0.0,232.0,13.0,20.0,50.0,2.0,3.0,5.0,7.0,7.0,0.0,0.0,0.0,0.0,0.0,0.0,False,False,False,True,False,False,False,False,False,False,True,False,False,49.0,1053.0,15.0,1.0
5562.0,1974.0,60093.0,0.0,1.0,92.0,0.0,502.0,12.0,109.0,16.0,6.0,90.0,2.0,7.0,2.0,10.0,6.0,0.0,0.0,0.0,0.0,0.0,0.0,False,False,True,False,False,False,False,False,True,False,False,False,False,51.0,735.0,19.0,1.0
3436.0,1969.0,14045.0,1.0,0.0,24.0,0.0,11.0,0.0,5.0,2.0,1.0,1.0,1.0,1.0,0.0,3.0,7.0,0.0,0.0,0.0,0.0,0.0,0.0,False,False,True,False,False,False,False,False,True,False,False,False,False,56.0,20.0,4.0,1.0
3921.0,1952.0,28457.0,0.0,0.0,96.0,0.0,24.0,1.0,108.0,29.0,29.0,14.0,1.0,4.0,1.0,4.0,8.0,0.0,0.0,0.0,0.0,0.0,0.0,True,False,False,False,False,False,False,False,False,False,False,True,False,73.0,205.0,9.0,0.0
3403.0,1958.0,78952.0,0.0,1.0,11.0,0.0,1170.0,19.0,556.0,99.0,76.0,126.5,2.0,2.0,5.0,12.0,6.0,0.0,0.0,0.0,0.0,0.0,0.0,False,False,False,False,True,False,False,False,False,False,True,False,False,67.0,2092.0,19.0,1.0
22.0,1976.0,46310.0,1.0,0.0,99.0,0.0,185.0,2.0,88.0,15.0,5.0,14.0,2.0,6.0,1.0,5.0,8.0,0.0,0.0,0.0,0.0,0.0,0.0,False,False,True,False,False,False,False,True,False,False,False,False,False,49.0,309.0,12.0,1.0
10965.0,1955.0,76005.0,0.0,0.0,72.0,0.0,983.0,20.0,389.0,120.5,50.0,40.0,1.0,3.0,5.0,13.0,6.0,1.0,0.0,0.0,0.0,0.0,0.0,False,False,True,False,False,False,False,False,False,False,True,False,False,70.0,1722.0,21.0,0.0
9426.0,1964.0,58308.0,0.0,1.0,77.0,0.0,691.0,0.0,69.0,10.0,0.0,126.5,4.0,2.0,6.0,3.0,8.0,0.0,0.0,0.0,0.0,0.0,0.0,False,False,False,True,False,False,False,False,False,True,False,False,False,61.0,900.0,11.0,1.0
6605.0,1944.0,55614.0,0.0,0.0,85.0,0.0,504.0,13.0,131.0,8.0,0.0,26.0,1.0,9.0,4.0,6.0,7.0,0.0,0.0,0.0,1.0,0.0,0.0,False,False,False,False,True,False,False,True,False,False,False,False,False,81.0,682.0,19.0,0.0
3136.0,1962.0,59432.0,0.0,1.0,88.0,0.0,317.0,25.0,265.0,25.0,19.0,12.0,3.0,5.0,3.0,11.0,5.0,0.0,0.0,0.0,0.0,0.0,0.0,False,False,False,True,False,False,False,True,False,False,False,False,False,63.0,663.0,19.0,1.0
8737.0,1978.0,55563.0,0.0,1.0,22.0,0.0,29.0,1.0,9.0,2.0,0.0,2.0,1.0,2.0,0.0,3.0,3.0,0.0,0.0,0.0,0.0,0.0,0.0,False,False,True,False,False,False,False,True,False,False,False,False,False,47.0,43.0,5.0,1.0
11088.0,1971.0,78642.0,0.0,1.0,83.0,0.0,1225.0,0.0,322.0,46.0,35.0,17.0,1.0,4.0,9.0,4.0,6.0,0.0,0.0,0.0,0.0,0.0,0.0,False,False,False,False,True,False,False,False,False,False,True,False,False,54.0,1816.0,17.0,1.0
716.0,1949.0,67911.0,0.0,1.0,63.0,0.0,529.0,0.0,356.0,63.0,28.0,0.0,3.0,6.0,7.0,11.0,3.0,0.0,0.0,0.0,0.0,0.0,0.0,False,False,False,False,True,False,False,False,False,False,True,False,False,76.0,976.0,24.0,1.0
466.0,1944.0,65275.0,0.0,0.0,9.0,0.0,388.0,14.0,218.0,91.0,14.0,21.0,1.0,4.0,3.0,13.0,2.0,0.0,0.0,0.0,0.0,0.0,0.0,False,False,True,False,False,False,False,False,True,False,False,False,False,81.0,746.0,20.0,0.0
9135.0,1950.0,27203.0,1.0,1.0,92.0,0.0,13.0,2.0,21.0,4.0,0.0,24.0,2.0,1.0,1.0,2.0,8.0,0.0,0.0,0.0,0.0,0.0,0.0,False,False,True,False,False,False,False,False,False,False,True,False,False,75.0,64.0,4.0,2.0
10623.0,1961.0,48330.0,0.0,1.0,2.0,0.0,28.0,0.0,4.0,0.0,0.0,0.0,1.0,1.0,0.0,3.0,5.0,0.0,0.0,0.0,0.0,0.0,0.0,False,False,False,True,False,False,False,False,False,False,True,False,False,64.0,32.0,4.0,1.0
8151.0,1990.0,24279.0,0.0,0.0,6.0,0.0,16.0,36.0,21.0,20.0,62.0,108.0,1.0,4.0,1.0,3.0,8.0,0.0,0.0,0.0,0.0,0.0,0.0,False,True,False,False,False,False,False,False,True,False,False,False,False,35.0,263.0,8.0,0.0
5140.0,1985.0,64355.0,1.0,0.0,66.0,0.0,1047.0,0.0,140.0,67.0,38.0,126.5,2.0,4.0,3.0,12.0,8.0,0.0,0.0,0.0,0.0,0.0,0.0,False,False,False,False,True,False,False,False,True,False,False,False,False,40.0,1445.0,19.0,1.0
10160.0,1956.0,50943.0,0.0,1.0,49.0,0.0,31.0,0.0,7.0,2.0,0.0,6.0,1.0,1.0,0.0,3.0,5.0,0.0,0.0,0.0,0.0,0.0,0.0,False,False,False,True,False,False,False,False,False,False,True,False,False,69.0,46.0,4.0,1.0
4945.0,1953.0,53653.0,0.0,0.0,29.0,0.0,815.0,10.0,239.0,28.0,10.0,108.0,2.0,10.0,4.0,12.0,6.0,0.0,0.0,0.0,0.0,0.0,0.0,False,False,True,False,False,False,False,False,False,False,False,True,False,72.0,1210.0,26.0,0.0
10584.0,1976.0,65665.0,0.0,1.0,77.0,0.0,225.0,81.0,387.0,106.0,36.0,29.0,1.0,5.0,10.0,8.0,3.0,0.0,0.0,0.0,0.0,0.0,0.0,False,False,True,False,False,False,False,False,True,False,False,False,False,49.0,945.0,23.0,1.0
6071.0,1989.0,81217.0,0.0,0.0,77.0,0.0,493.0,70.0,324.0,120.5,40.0,84.0,1.0,3.0,7.0,11.0,1.0,0.0,0.0,0.0,0.0,0.0,0.0,False,False,True,False,False,False,False,False,False,True,False,False,False,36.0,1157.0,21.0,0.0
3386.0,1992.0,34935.0,0.0,0.0,71.0,0.0,34.0,4.0,66.0,3.0,10.0,20.0,1.0,2.0,1.0,4.0,7.0,0.0,0.0,0.0,0.0,0.0,0.0,False,False,True,False,False,False,False,False,True,False,False,False,False,33.0,137.0,7.0,0.0
8939.0,1959.0,61250.0,0.0,1.0,49.0,0.0,382.0,81.0,65.0,60.0,26.0,59.0,6.0,5.0,2.0,12.0,5.0,0.0,0.0,0.0,0.0,0.0,0.0,False,False,True,False,False,False,False,True,False,False,False,False,False,66.0,730.0,19.0,1.0
9925.0,1981.0,39665.0,1.0,0.0,97.0,0.0,127.0,1.0,56.0,0.0,1.0,31.0,3.0,4.0,2.0,3.0,7.0,0.0,0.0,1.0,0.0,0.0,0.0,False,False,False,False,True,False,False,False,False,False,True,False,False,44.0,216.0,9.0,1.0
4320.0,1979.0,60152.0,0.0,1.0,6.0,0.0,325.0,81.0,300.0,86.0,58.0,91.0,1.0,6.0,4.0,12.0,3.0,0.0,0.0,0.0,0.0,0.0,0.0,False,False,True,False,False,False,False,False,False,True,False,False,False,46.0,943.0,22.0,1.0
5389.0,1964.0,48920.0,0.0,2.0,93.0,0.0,238.0,17.0,68.0,8.0,10.0,6.0,3.0,6.0,2.0,5.0,7.0,0.0,0.0,0.0,1.0,0.0,0.0,False,False,True,False,False,False,False,False,True,False,False,False,False,61.0,347.0,13.0,2.0
6036.0,1959.0,89120.0,0.0,0.0,78.0,0.0,1168.0,81.0,408.0,72.0,81.0,55.0,1.0,5.0,6.0,7.0,1.0,0.0,0.0,0.0,0.0,1.0,0.0,False,False,False,True,False,False,False,False,False,False,True,False,False,66.0,1924.0,18.0,0.0
182.0,1946.0,44124.0,0.0,1.0,62.0,0.0,284.0,0.0,55.0,0.0,6.0,52.0,4.0,6.0,2.0,5.0,8.0,0.0,0.0,0.0,0.0,0.0,0.0,False,False,False,False,True,False,False,False,False,False,True,False,False,79.0,397.0,13.0,1.0
203.0,1975.0,81169.0,0.0,0.0,47.0,0.0,1225.0,20.0,556.0,80.0,61.0,27.0,1.0,5.0,7.0,9.0,2.0,0.0,0.0,0.0,0.0,0.0,0.0,False,False,False,True,False,False,False,False,False,True,False,False,False,50.0,2089.0,21.0,0.0
11025.0,1961.0,36443.0,1.0,1.0,9.0,0.0,65.0,0.0,46.0,4.0,3.0,20.0,4.0,3.0,1.0,3.0,8.0,0.0,0.0,0.0,0.0,0.0,0.0,False,False,True,False,False,False,False,False,True,False,False,False,False,64.0,138.0,7.0,2.0
10203.0,1990.0,26095.0,1.0,0.0,77.0,0.0,11.0,7.0,9.0,3.0,1.0,11.0,1.0,1.0,0.0,3.0,7.0,0.0,0.0,0.0,0.0,0.0,0.0,False,False,True,False,False,False,False,False,False,True,False,False,False,35.0,42.0,4.0,1.0
4607.0,1959.0,71367.0,0.0,0.5028997055421449,24.0,0.0,227.0,23.0,389.0,42.0,21.0,75.0,1.0,4.0,5.0,7.0,2.0,0.0,0.0,0.0,0.0,0.0,0.0,False,False,True,False,False,False,False,False,False,False,True,False,False,66.0,777.0,16.0,0.5028997055421449
3711.0,1944.0,80184.0,0.0,0.0,19.0,0.0,1035.0,81.0,556.0,25.0,38.0,0.0,1.0,6.0,3.0,10.0,3.0,1.0,0.0,0.0,0.0,1.0,0.0,False,False,False,True,False,False,False,False,True,False,False,False,False,81.0,1902.0,19.0,0.0
3696.0,1965.0,30630.0,1.0,1.0,67.0,0.0,27.0,1.0,12.0,2.0,0.0,10.0,2.0,2.0,0.0,3.0,7.0,0.0,0.0,0.0,0.0,0.0,0.0,False,False,True,False,False,False,False,True,False,False,False,False,False,60.0,52.0,5.0,2.0
2532.0,1987.0,73454.0,0.0,0.0,95.0,0.0,982.0,73.0,351.0,56.0,14.0,126.5,1.0,2.0,4.0,6.0,5.0,0.0,0.0,1.0,0.0,0.0,0.0,False,False,False,True,False,False,False,False,False,True,False,False,False,38.0,1651.0,12.0,0.0
9214.0,1991.0,42691.0,0.0,0.0,48.0,0.0,179.0,2.0,64.0,38.0,17.0,58.0,1.0,5.0,1.0,6.0,5.0,0.0,0.0,0.0,0.0,0.0,0.0,False,False,True,False,False,False,False,False,True,False,False,False,False,34.0,358.0,12.0,0.0
4943.0,1953.0,70503.0,0.0,0.0,73.0,0.0,1225.0,33.0,216.0,0.0,33.0,66.0,1.0,2.0,4.0,9.0,6.0,0.0,0.0,0.0,1.0,1.0,0.0,False,False,True,False,False,False,False,False,True,False,False,False,False,72.0,1727.0,15.0,0.0
35.0,1987.0,25545.0,1.0,0.0,35.0,0.0,32.0,1.0,64.0,16.0,12.0,85.0,3.0,2.0,2.0,3.0,6.0,0.0,0.0,0.0,0.0,0.0,1.0,False,False,True,False,False,False,False,False,True,False,False,False,False,38.0,210.0,7.0,1.0
2258.0,1986.0,32880.0,1.0,0.0,76.0,0.0,8.0,4.0,15.0,7.0,6.0,2.0,1.0,1.0,0.0,3.0,8.0,0.0,0.0,0.0,0.0,0.0,0.0,False,False,True,False,False,False,False,False,True,False,False,False,False,39.0,42.0,4.0,1.0
4322.0,1958.0,77863.0,0.0,0.0,20.0,0.0,881.0,38.0,319.0,16.0,25.0,12.0,1.0,4.0,5.0,10.0,2.0,0.0,0.0,0.0,0.0,0.0,0.0,False,False,False,False,True,False,False,False,False,False,True,False,False,67.0,1291.0,19.0,0.0
713.0,1977.0,50353.0,0.0,0.0,72.0,0.0,141.0,15.0,153.0,67.0,31.0,35.0,1.0,4.0,4.0,6.0,3.0,0.0,0.0,0.0,0.0,0.0,0.0,False,False,False,True,False,False,False,False,True,False,False,False,False,48.0,442.0,14.0,0.0
4702.0,1964.0,61839.0,0.0,0.0,20.0,0.0,1000.0,81.0,379.0,120.5,17.0,120.0,1.0,4.0,8.0,4.0,8.0,0.0,0.0,0.0,0.0,0.0,0.0,False,False,True,False,False,False,False,False,False,True,False,False,False,61.0,1895.0,16.0,0.0
3281.0,1960.0,49154.0,1.0,1.0,69.0,0.0,206.0,10.0,67.0,30.0,27.0,71.0,6.0,4.0,1.0,8.0,6.0,0.0,0.0,0.0,0.0,0.0,0.0,False,False,False,False,True,False,False,False,True,False,False,False,False,65.0,411.0,13.0,2.0
702.0,1975.0,47682.0,0.0,1.0,80.0,0.0,162.0,61.0,83.0,97.0,57.0,61.0,4.0,4.0,3.0,8.0,5.0,0.0,0.0,0.0,0.0,0.0,0.0,True,False,False,False,False,False,False,False,False,False,False,True,False,50.0,521.0,15.0,1.0
2004.0,1969.0,77085.50008592271,0.0,1.0,65.0,0.0,619.0,54.0,260.0,120.5,54.0,54.0,1.0,4.0,7.0,5.0,1.0,0.0,0.0,0.0,0.0,0.0,0.0,False,False,True,False,False,False,False,False,False,True,False,False,False,56.0,1168.0,16.0,1.0
4769.0,1977.0,57954.0,1.0,1.066847325202712,52.0,0.0,456.0,4.0,24.0,0.0,0.0,9.0,6.0,8.0,2.0,6.0,7.0,0.0,0.0,0.0,1.0,0.0,0.0,False,False,False,True,False,False,False,False,False,False,True,False,False,48.0,493.0,16.0,2.066847325202712
4437.0,1962.0,65316.0,1.0,1.0,65.0,0.0,112.0,6.0,92.0,3.0,9.0,38.0,2.0,3.0,2.0,5.0,4.0,0.0,0.0,0.0,0.0,0.0,0.0,False,False,True,False,False,False,False,False,True,False,False,False,False,63.0,260.0,10.0,2.0
8724.0,1982.0,28567.0,1.0,0.0,57.0,0.0,11.0,3.0,22.0,2.0,2.0,6.0,2.0,2.0,0.0,3.0,6.0,0.0,0.0,0.0,0.0,0.0,0.0,False,False,True,False,False,False,False,False,False,True,False,False,False,43.0,46.0,5.0,1.0
10741.0,1951.0,47352.0,0.0,1.0,70.0,0.0,172.0,12.0,112.0,8.0,0.0,15.0,4.0,6.0,1.0,5.0,7.0,0.0,0.0,0.0,0.0,0.0,0.0,False,False,False,True,False,False,False,False,False,False,True,False,False,74.0,319.0,12.0,1.0
1991.0,1967.0,44931.0,0.0,1.0,0.0,0.0,78.0,0.0,11.0,0.0,0.0,7.0,1.0,2.0,1.0,3.0,5.0,0.0,0.0,0.0,0.0,0.0,0.0,False,False,True,False,False,False,False,False,False,False,True,False,False,58.0,96.0,6.0,1.0
6931.0,1967.0,76982.0,0.0,0.0,19.0,0.0,464.0,81.0,292.0,65.0,60.0,30.0,1.0,8.0,3.0,4.0,4.0,0.0,0.0,0.0,0.0,1.0,1.0,False,False,True,False,False,False,False,True,False,False,False,False,False,58.0,1062.0,15.0,0.0
11096.0,1952.0,57247.0,0.0,1.0,50.0,0.0,99.0,4.0,32.0,37.0,54.0,6.0,2.0,2.0,1.0,7.0,2.0,0.0,0.0,0.0,0.0,0.0,0.0,True,False,False,False,False,False,False,False,False,False,True,False,False,73.0,232.0,10.0,1.0
304.0,1981.0,22944.0,1.0,0.0,67.0,0.0,19.0,3.0,19.0,4.0,5.0,26.0,3.0,3.0,0.0,3.0,7.0,0.0,0.0,0.0,0.0,0.0,0.0,False,False,False,True,False,False,False,False,False,True,False,False,False,44.0,76.0,6.0,1.0
3665.0,1977.0,25315.0,1.0,0.0,46.0,0.0,1.0,9.0,8.0,11.0,3.0,22.0,3.0,3.0,0.0,3.0,8.0,0.0,0.0,0.0,0.0,0.0,0.0,True,False,False,False,False,False,False,False,False,False,True,False,False,48.0,54.0,6.0,1.0
10591.0,1969.0,43638.0,0.0,1.0,37.0,0.0,63.0,10.0,83.0,7.0,19.0,19.0,2.0,4.0,1.0,4.0,7.0,0.0,0.0,0.0,0.0,0.0,0.0,False,False,True,False,False,False,False,False,False,False,False,True,False,56.0,201.0,9.0,1.0
5036.0,1984.0,42710.0,1.0,0.0,38.0,0.0,252.0,3.0,42.0,4.0,3.0,102.0,2.0,4.0,5.0,3.0,6.0,0.0,0.0,0.0,0.0,0.0,0.0,False,False,False,False,True,False,False,False,False,True,False,False,False,41.0,406.0,12.0,1.0
5547.0,1982.0,84169.0,0.0,0.0,9.0,0.0,1225.0,19.0,403.0,0.0,19.0,0.0,1.0,7.0,6.0,6.0,3.0,0.0,0.0,0.0,1.0,1.0,1.0,False,False,False,False,True,False,False,False,True,False,False,False,False,43.0,1919.0,19.0,0.0
7822.0,1976.0,54058.0,0.0,0.37341790917117024,56.0,0.0,198.0,18.0,252.0,32.0,81.0,54.0,2.0,4.0,6.0,8.0,3.0,0.0,0.0,0.0,0.0,0.0,0.0,False,False,True,False,False,False,False,False,False,False,True,False,False,49.0,662.0,18.0,0.37341790917117024
8541.0,1990.0,24683.0,1.0,0.0,98.0,0.0,8.0,4.0,10.0,6.0,7.0,6.0,2.0,2.0,0.0,4.0,5.0,0.0,0.0,0.0,0.0,0.0,0.0,True,False,False,False,False,False,False,False,True,False,False,False,False,35.0,41.0,6.0,1.0
10955.0,1964.0,85620.0,0.0,0.0,68.0,0.0,416.0,46.0,556.0,60.0,81.0,46.0,1.0,3.0,6.0,4.0,1.0,0.0,0.0,0.0,0.0,0.0,1.0,False,False,True,False,False,False,False,False,False,False,False,True,False,61.0,1600.0,13.0,0.0
4368.0,1980.0,47850.0,1.0,0.0,72.0,0.0,42.0,7.0,43.0,20.0,12.0,10.0,1.0,3.0,0.0,4.0,6.0,0.0,0.0,0.0,0.0,0.0,0.0,False,False,True,False,False,False,False,False,True,False,False,False,False,45.0,134.0,7.0,1.0
9671.0,1968.0,19514.0,1.0,1.0,47.0,0.0,14.0,3.0,21.0,2.0,1.0,28.0,4.0,3.0,1.0,2.0,8.0,0.0,0.0,1.0,0.0,0.0,1.0,False,False,True,False,False,False,False,False,True,False,False,False,False,57.0,69.0,6.0,2.0
2256.0,1973.0,27159.0,1.0,1.0,33.0,0.0,17.0,0.0,3.0,0.0,0.0,1.0,2.0,1.0,0.0,3.0,6.0,0.0,0.0,0.0,0.0,0.0,0.0,False,False,False,True,False,False,False,False,True,False,False,False,False,52.0,21.0,4.0,2.0
4279.0,1963.0,39548.0,1.0,1.0,87.0,0.0,15.0,4.0,10.0,3.0,4.0,18.0,2.0,1.0,1.0,3.0,3.0,0.0,0.0,0.0,0.0,0.0,0.0,True,False,False,False,False,False,False,False,False,True,False,False,False,62.0,54.0,5.0,2.0
5371.0,1989.0,21474.0,1.0,0.0,0.0,0.0,6.0,16.0,24.0,11.0,0.0,34.0,2.0,3.0,1.0,2.0,7.0,0.0,0.0,1.0,0.0,0.0,1.0,False,False,True,False,False,False,False,False,False,True,False,False,False,36.0,91.0,6.0,1.0
9240.0,1971.0,60504.0,0.0,1.0,73.0,0.0,458.0,0.0,24.0,6.0,4.0,34.0,2.0,6.0,2.0,8.0,6.0,0.0,0.0,0.0,0.0,0.0,0.0,False,False,False,False,True,False,False,False,False,True,False,False,False,54.0,526.0,16.0,1.0
9460.0,1963.0,22419.0,0.0,0.0,74.0,0.0,30.0,3.0,47.0,19.0,21.0,42.0,1.0,3.0,2.0,2.0,8.0,0.0,0.0,0.0,0.0,0.0,0.0,False,False,True,False,False,False,False,False,True,False,False,False,False,62.0,162.0,7.0,0.0
9504.0,1949.0,81698.0,0.0,0.0,4.0,0.0,179.0,28.0,520.0,111.0,81.0,47.0,1.0,3.0,8.0,13.0,1.0,0.0,0.0,0.0,0.0,0.0,1.0,False,False,False,True,False,False,False,False,True,False,False,False,False,76.0,1008.0,24.0,0.0
8692.0,1952.0,43462.0,1.0,1.0,50.0,0.0,90.0,17.0,97.0,15.0,6.0,15.0,6.0,4.0,1.0,5.0,8.0,0.0,0.0,0.0,0.0,0.0,0.0,False,False,True,False,False,False,False,False,False,False,True,False,False,73.0,240.0,10.0,2.0
448.0,1978.0,54880.0,1.0,0.0,57.0,0.0,308.0,81.0,137.0,102.0,45.0,118.0,2.0,6.0,2.0,11.0,5.0,0.0,0.0,0.0,0.0,0.0,0.0,False,False,False,False,True,False,False,False,False,True,False,False,False,47.0,795.0,19.0,1.0
8314.0,1982.0,79908.0,0.0,0.0,30.0,0.0,557.0,81.0,556.0,29.0,81.0,111.0,1.0,5.0,6.0,7.0,2.0,0.0,0.0,0.0,0.0,1.0,0.0,False,False,True,False,False,False,False,False,True,False,False,False,False,43.0,1772.0,18.0,0.0
8420.0,1970.0,15315.0,0.0,0.0,27.0,0.0,7.0,4.0,13.0,15.0,8.0,17.0,2.0,2.0,0.0,4.0,5.0,0.0,0.0,0.0,0.0,0.0,0.0,True,False,False,False,False,False,False,False,True,False,False,False,False,55.0,64.0,6.0,0.0
3174.0,1959.0,87771.0,0.0,1.0,61.0,0.0,1225.0,38.0,287.0,50.0,57.0,33.0,1.0,5.0,10.0,4.0,6.0,1.0,1.0,0.0,1.0,1.0,1.0,False,False,True,False,False,False,False,False,False,False,True,False,False,66.0,1957.0,19.0,1.0
7685.0,1978.0,33039.0,1.0,0.0,4.0,0.0,30.0,8.0,12.0,8.0,8.0,12.0,1.0,2.0,0.0,4.0,5.0,0.0,0.0,0.0,0.0,0.0,0.0,False,False,True,False,False,False,False,False,True,False,False,False,False,47.0,78.0,6.0,1.0
3179.0,1980.0,81741.0,0.0,0.0,75.0,0.0,249.0,81.0,556.0,58.0,81.0,38.0,0.0,6.0,6.0,7.0,2.0,0.0,0.0,0.0,0.0,0.0,0.0,False,False,True,False,False,False,False,False,False,True,False,False,False,45.0,1572.0,19.0,0.0
9780.0,1971.0,71499.0,0.0,1.0,12.0,0.0,465.0,25.0,132.0,120.5,0.0,37.0,2.0,8.0,3.0,13.0,4.0,0.0,0.0,0.0,0.0,0.0,0.0,False,False,False,True,False,False,False,False,False,False,True,False,False,54.0,795.0,24.0,1.0
10681.0,1970.0,62466.0,0.0,1.0,13.0,0.0,129.0,81.0,259.0,120.5,81.0,83.0,5.0,6.0,3.0,12.0,4.0,0.0,0.0,0.0,0.0,0.0,0.0,True,False,False,False,False,False,False,False,True,False,False,False,False,55.0,889.0,21.0,1.0
10232.0,1963.0,48799.0,0.0,1.0,9.0,0.0,174.0,18.0,81.0,28.0,6.0,24.0,3.0,3.0,2.0,7.0,3.0,0.0,0.0,0.0,0.0,0.0,0.0,False,False,False,False,True,False,False,True,False,False,False,False,False,62.0,331.0,12.0,1.0
4184.0,1950.0,52157.0,0.0,1.0,48.0,0.0,189.0,2.0,29.0,3.0,2.0,40.0,2.0,3.0,2.0,5.0,4.0,0.0,0.0,0.0,0.0,0.0,0.0,False,False,False,False,True,False,False,False,False,False,True,False,False,75.0,265.0,10.0,1.0
9120.0,1962.0,66565.0,0.0,1.0,80.0,0.0,747.0,10.0,161.0,65.0,40.0,42.0,4.0,4.0,2.0,9.0,8.0,0.0,0.0,0.0,0.0,0.0,0.0,False,False,True,False,False,False,False,False,False,True,False,False,False,63.0,1065.0,15.0,1.0
891.0,1951.0,40904.6231674733,1.0,1.0,60.0,0.0,6.0,0.0,2.0,2.0,0.0,1.0,1.0,1.0,0.0,2.0,5.0,0.0,0.0,0.0,0.0,0.0,0.0,False,False,False,True,False,False,False,False,False,False,True,False,False,74.0,11.0,3.0,2.0
10381.0,1979.0,47691.0,0.0,1.0,43.0,0.0,14.0,0.0,3.0,0.0,0.0,4.0,1.0,1.0,0.0,2.0,6.0,0.0,0.0,0.0,0.0,0.0,0.0,False,False,True,False,False,False,False,False,False,True,False,False,False,46.0,21.0,3.0,1.0
3525.0,1970.0,38200.0,1.0,1.0,19.0,0.0,12.0,0.0,4.0,0.0,0.0,1.0,1.0,1.0,0.0,2.0,7.0,0.0,0.0,0.0,0.0,0.0,0.0,False,False,True,False,False,False,False,False,False,False,True,False,False,55.0,17.0,3.0,2.0
6818.0,1974.0,44989.0,0.0,1.0,26.0,0.0,98.0,0.0,106.0,49.0,10.0,106.0,5.0,5.0,1.0,5.0,6.0,0.0,0.0,0.0,0.0,0.0,0.0,False,False,True,False,False,False,False,False,True,False,False,False,False,51.0,369.0,11.0,1.0
3526.0,1968.0,38443.0,1.0,1.0,58.0,0.0,32.0,0.0,5.0,0.0,0.0,1.0,2.0,1.0,0.0,3.0,7.0,0.0,0.0,0.0,0.0,0.0,0.0,False,False,False,False,True,False,False,False,True,False,False,False,False,57.0,38.0,4.0,2.0
8181.0,1978.0,38593.0,1.0,0.0,42.0,0.0,51.0,12.0,49.0,17.0,24.0,24.0,3.0,4.0,1.0,3.0,8.0,0.0,0.0,0.0,0.0,0.0,0.0,True,False,False,False,False,False,False,False,False,True,False,False,False,47.0,177.0,8.0,1.0
1029.0,1970.0,64413.0,0.0,1.0,27.0,0.0,200.0,5.0,44.0,0.0,10.0,20.0,1.0,5.0,1.0,5.0,5.0,0.0,0.0,0.0,0.0,0.0,0.0,False,False,False,False,True,False,False,False,False,False,True,False,False,55.0,279.0,11.0,1.0
7369.0,1981.0,36959.0,1.0,0.0,56.0,0.0,25.0,6.0,25.0,6.0,0.0,0.0,2.0,2.0,0.0,3.0,8.0,0.0,0.0,0.0,0.0,0.0,0.0,False,False,False,True,False,False,False,False,True,False,False,False,False,44.0,62.0,5.0,1.0
2574.0,1977.0,61996.0,0.0,1.0,27.0,0.0,1050.0,12.0,144.0,0.0,0.0,24.0,3.0,6.0,4.0,8.0,5.0,1.0,1.0,0.0,1.0,0.0,1.0,False,False,False,False,True,False,False,False,True,False,False,False,False,48.0,1230.0,18.0,1.0
8159.0,1968.0,51287.0,1.0,1.0,10.0,0.0,117.0,0.0,22.0,13.0,0.0,30.0,3.0,4.0,1.0,3.0,7.0,0.0,0.0,0.0,0.0,0.0,0.0,False,False,True,False,False,False,False,False,True,False,False,False,False,57.0,182.0,8.0,2.0
1160.0,1970.0,13260.0,1.0,1.0,48.0,0.0,9.0,4.0,17.0,10.0,2.0,7.0,4.0,3.0,0.0,3.0,8.0,0.0,0.0,0.0,0.0,0.0,0.0,False,False,True,False,False,False,False,False,True,False,False,False,False,55.0,49.0,6.0,2.0
10242.0,1966.0,47472.0,1.0,1.0,39.0,0.0,56.0,0.0,11.0,0.0,0.0,8.0,2.0,2.0,0.0,4.0,5.0,0.0,0.0,0.0,0.0,0.0,0.0,False,False,False,False,True,False,False,False,False,False,True,False,False,59.0,75.0,6.0,2.0
5253.0,1956.0,54603.0,1.0,1.0,85.0,0.0,145.0,13.0,46.0,17.0,2.0,4.0,6.0,4.0,2.0,4.0,7.0,0.0,0.0,0.0,0.0,0.0,0.0,False,False,False,True,False,False,False,False,False,False,True,False,False,69.0,227.0,10.0,2.0
5966.0,1974.0,45207.0,1.0,1.0,64.0,0.0,203.0,0.0,10.0,0.0,0.0,2.0,5.0,3.0,1.0,6.0,6.0,0.0,0.0,0.0,1.0,0.0,0.0,False,False,False,False,True,False,False,False,True,False,False,False,False,51.0,215.0,10.0,2.0
5314.0,1951.0,40689.0,0.0,1.0,69.0,0.0,270.0,3.0,27.0,39.0,6.0,99.0,6.0,7.0,1.0,5.0,8.0,0.0,0.0,0.0,0.0,0.0,0.0,False,False,True,False,False,False,False,False,False,False,True,False,False,74.0,444.0,13.0,1.0
5081.0,1967.0,47821.0,1.0,1.0,54.0,0.0,9.0,0.0,16.0,6.0,6.0,10.0,1.0,1.0,0.0,3.0,8.0,0.0,0.0,0.0,0.0,0.0,0.0,True,False,False,False,False,False,False,False,False,False,True,False,False,58.0,47.0,4.0,2.0
5123.0,1951.0,27450.0,0.0,0.0,57.0,0.0,37.0,12.0,23.0,8.0,11.0,52.0,1.0,2.0,1.0,3.0,7.0,0.0,0.0,0.0,0.0,0.0,0.0,False,False,False,True,False,False,False,False,True,False,False,False,False,74.0,143.0,6.0,0.0
5756.0,1983.0,39453.0,1.0,0.0,64.0,0.0,46.0,0.0,7.0,0.0,0.0,2.0,2.0,2.0,0.0,3.0,6.0,0.0,0.0,0.0,0.0,0.0,0.0,False,False,True,False,False,False,False,False,False,False,True,False,False,42.0,55.0,5.0,1.0
8036.0,1971.0,26850.0,1.0,1.0,10.0,0.0,31.0,1.0,13.0,7.0,2.0,9.0,4.0,2.0,1.0,4.0,4.0,0.0,0.0,0.0,0.0,0.0,0.0,True,False,False,False,False,False,False,False,False,False,True,False,False,54.0,63.0,7.0,2.0
9058.0,1955.0,79800.0,0.0,0.0,65.0,0.0,1060.0,21.0,530.0,32.0,0.0,126.5,1.0,5.0,10.0,5.0,3.0,1.0,0.0,1.0,0.0,1.0,1.0,False,False,True,False,False,False,False,False,False,False,False,True,False,70.0,1867.0,21.0,0.0
5057.0,1961.0,61794.0,0.0,1.0,74.0,0.0,264.0,47.0,188.0,54.0,47.0,11.0,2.0,4.0,4.0,10.0,2.0,0.0,0.0,0.0,0.0,0.0,0.0,False,False,False,True,False,False,False,False,True,False,False,False,False,64.0,611.0,18.0,1.0
254.0,1955.0,53863.0,0.0,1.0,4.0,0.0,399.0,4.0,30.0,6.0,4.0,30.0,3.0,7.0,1.0,7.0,7.0,0.0,0.0,0.0,1.0,0.0,0.0,False,False,True,False,False,False,False,False,False,False,True,False,False,70.0,473.0,15.0,1.0
4179.0,1959.0,24221.0,0.0,0.0,94.0,0.0,8.0,9.0,9.0,2.0,5.0,22.0,1.0,1.0,1.0,3.0,4.0,0.0,0.0,0.0,0.0,0.0,0.0,False,False,True,False,False,False,False,False,False,False,True,False,False,66.0,55.0,5.0,0.0
3710.0,1984.0,39684.0,1.0,0.0,41.0,1.0,19.0,0.0,35.0,6.0,4.0,17.0,2.0,2.0,1.0,2.0,7.0,0.0,0.0,0.0,0.0,0.0,1.0,False,False,False,False,True,False,False,False,False,True,False,False,False,41.0,81.0,5.0,1.0
7627.0,1975.0,92163.0,0.0,0.0,25.0,0.0,817.0,81.0,556.0,106.0,81.0,20.0,0.0,5.0,10.0,5.0,2.0,1.0,0.0,0.0,0.0,1.0,1.0,False,False,False,True,False,False,False,False,True,False,False,False,False,50.0,2086.0,21.0,0.0
4501.0,1965.0,69882.0,0.0,0.0,94.0,0.0,292.0,81.0,556.0,120.5,81.0,126.5,1.0,3.0,7.0,9.0,1.0,0.0,0.0,0.0,0.0,0.0,0.0,False,False,False,True,False,False,False,False,False,True,False,False,False,60.0,1478.0,19.0,0.0
6424.0,1977.0,33178.0,1.0,0.0,9.0,0.0,12.0,6.0,2.0,11.0,2.0,16.0,1.0,1.0,0.0,3.0,4.0,0.0,0.0,0.0,0.0,0.0,0.0,False,False,True,False,False,False,False,False,False,False,True,False,False,48.0,49.0,4.0,1.0
3075.0,1972.0,59973.0,0.0,0.0,47.0,0.0,130.0,30.0,168.0,20.0,34.0,0.0,1.0,3.0,4.0,7.0,1.0,0.0,0.0,0.0,0.0,0.0,0.0,False,False,False,False,True,False,False,False,True,False,False,False,False,53.0,382.0,14.0,0.0
4992.0,1975.0,17459.0,1.0,0.0,12.0,0.0,6.0,4.0,16.0,3.0,10.0,30.0,3.0,3.0,1.0,2.0,7.0,0.0,0.0,0.0,0.0,0.0,1.0,False,False,False,True,False,False,False,False,False,False,True,False,False,50.0,69.0,6.0,1.0
5252.0,1969.0,23910.0,1.0,0.0,80.0,0.0,16.0,12.0,18.0,7.0,1.0,13.0,1.0,2.0,0.0,3.0,7.0,0.0,0.0,0.0,0.0,0.0,0.0,False,False,True,False,False,False,False,True,False,False,False,False,False,56.0,67.0,5.0,1.0
7444.0,1969.0,42169.0,1.0,1.0,20.0,0.0,19.0,0.0,9.0,0.0,0.0,2.0,2.0,1.0,0.0,3.0,8.0,0.0,0.0,0.0,0.0,0.0,0.0,False,False,False,True,False,False,False,False,True,False,False,False,False,56.0,30.0,4.0,2.0
6919.0,1978.0,26224.0,1.0,0.0,39.0,0.0,4.0,7.0,15.0,13.0,9.0,15.0,3.0,2.0,1.0,3.0,6.0,0.0,0.0,0.0,0.0,0.0,0.0,True,False,False,False,False,False,False,False,True,False,False,False,False,47.0,63.0,6.0,1.0
3537.0,1981.0,31089.0,1.0,0.0,57.0,0.0,31.0,3.0,31.0,2.0,8.0,4.0,3.0,3.0,0.0,4.0,8.0,0.0,0.0,0.0,0.0,0.0,0.0,False,False,True,False,False,False,False,False,False,False,True,False,False,44.0,79.0,7.0,1.0
10277.0,1961.0,30081.0,0.0,1.0,27.0,0.0,36.0,0.0,2.0,0.0,0.0,4.0,1.0,1.0,0.0,3.0,7.0,0.0,0.0,0.0,0.0,0.0,0.0,False,False,True,False,False,False,False,False,False,True,False,False,False,64.0,42.0,4.0,1.0
2453.0,1960.0,62807.0,0.0,1.0,83.0,0.0,526.0,28.0,135.0,10.0,21.0,99.0,3.0,5.0,3.0,12.0,5.0,0.0,0.0,0.0,0.0,0.0,0.0,False,False,True,False,False,False,False,False,False,False,True,False,False,65.0,819.0,20.0,1.0
7972.0,1955.0,72906.0,0.0,0.0,79.0,0.0,400.0,32.0,519.0,71.0,75.0,54.0,1.0,3.0,4.0,9.0,1.0,0.0,0.0,0.0,0.0,0.0,0.0,False,False,True,False,False,False,False,False,False,True,False,False,False,70.0,1151.0,16.0,0.0
895.0,1948.0,61467.0,0.0,2.0,69.0,0.0,410.0,16.0,114.0,0.0,5.0,49.0,3.0,5.0,2.0,10.0,5.0,0.0,0.0,0.0,0.0,0.0,0.0,False,False,False,False,True,False,False,False,True,False,False,False,False,77.0,594.0,17.0,2.0
1177.0,1966.0,49618.0,1.0,1.0,77.0,0.0,80.0,3.0,26.0,4.0,2.0,14.0,4.0,3.0,1.0,3.0,7.0,0.0,0.0,0.0,0.0,0.0,0.0,False,False,False,True,False,False,False,False,False,False,True,False,False,59.0,129.0,7.0,2.0
7141.0,1986.0,21888.0,1.0,0.0,15.0,0.0,88.0,10.0,46.0,2.0,3.0,64.0,4.0,5.0,1.0,2.0,10.0,0.0,0.0,0.0,0.0,0.0,1.0,False,False,False,True,False,False,False,False,False,True,False,False,False,39.0,213.0,8.0,1.0
7232.0,1973.0,42429.0,0.0,1.0,99.0,0.0,55.0,0.0,6.0,2.0,0.0,4.0,2.0,1.0,1.0,3.0,5.0,0.0,0.0,0.0,0.0,0.0,0.0,False,False,True,False,False,False,False,False,False,False,False,True,False,52.0,67.0,5.0,1.0
8477.0,1956.0,26150.0,2.0,1.0,61.0,0.0,5.0,1.0,13.0,3.0,5.0,1.0,1.0,1.0,0.0,3.0,7.0,0.0,0.0,0.0,0.0,0.0,0.0,False,False,True,False,False,False,False,True,False,False,False,False,False,69.0,28.0,4.0,2.5
2457.0,1975.0,30801.0,0.0,1.0,23.0,0.0,8.0,4.0,5.0,15.0,2.0,11.0,2.0,1.0,0.0,3.0,7.0,0.0,0.0,0.0,0.0,0.0,0.0,False,True,False,False,False,False,False,False,True,False,False,False,False,50.0,45.0,4.0,1.0
988.0,1965.0,81168.0,0.0,0.0,84.0,0.0,410.0,0.0,556.0,120.5,22.0,22.0,1.0,6.0,4.0,7.0,3.0,1.0,0.0,0.0,0.0,0.0,0.0,False,False,True,False,False,False,False,False,True,False,False,False,False,60.0,1193.0,17.0,0.0
7930.0,1969.0,26877.0,0.0,0.0,74.0,0.0,101.0,13.0,76.0,20.0,18.0,40.0,2.0,3.0,1.0,6.0,6.0,0.0,0.0,0.0,0.0,0.0,0.0,False,False,True,False,False,False,False,False,False,True,False,False,False,56.0,268.0,10.0,0.0
4587.0,1944.0,45006.0,0.0,0.0,90.0,0.0,162.0,25.0,53.0,16.0,0.0,10.0,1.0,3.0,1.0,7.0,3.0,0.0,0.0,0.0,0.0,0.0,0.0,False,False,False,True,False,False,False,False,False,False,False,True,False,81.0,266.0,11.0,0.0
6682.0,1973.0,18978.0,1.0,0.0,41.0,0.0,2.0,8.0,1.0,4.0,7.0,15.0,1.0,1.0,0.0,3.0,8.0,0.0,0.0,0.0,0.0,0.0,0.0,False,True,False,False,False,False,False,False,True,False,False,False,False,52.0,37.0,4.0,1.0
6222.0,1967.0,22574.0,2.0,1.0,28.0,0.0,25.0,0.0,8.0,2.0,0.0,2.0,2.0,2.0,0.0,3.0,7.0,0.0,0.0,0.0,0.0,0.0,0.0,False,False,True,False,False,False,False,False,True,False,False,False,False,58.0,37.0,5.0,2.5
10299.0,1969.0,48240.0,0.0,0.0,73.0,0.0,389.0,81.0,248.0,64.0,49.0,41.0,3.0,6.0,3.0,13.0,5.0,0.0,0.0,0.0,0.0,0.0,1.0,False,False,False,False,True,False,False,False,False,True,False,False,False,56.0,882.0,22.0,0.0
3083.0,1974.0,45837.0,1.0,1.0,88.0,0.0,215.0,13.0,87.0,17.0,17.0,24.0,5.0,6.0,2.0,5.0,7.0,0.0,0.0,0.0,0.0,0.0,0.0,False,False,True,False,False,False,False,False,True,False,False,False,False,51.0,373.0,13.0,2.0
8953.0,1965.0,35791.0,2.0,1.0,94.0,0.0,27.0,0.0,5.0,0.0,0.0,3.0,2.0,1.0,0.0,3.0,8.0,0.0,0.0,0.0,0.0,0.0,0.0,False,False,False,True,False,False,False,False,False,True,False,False,False,60.0,35.0,4.0,2.5
1503.0,1976.0,118320.375,1.0,1.0,31.0,0.0,85.0,1.0,16.0,2.0,1.0,2.0,0.0,0.0,0.0,1.0,1.0,0.0,0.0,0.0,0.0,0.0,0.0,False,False,False,False,True,False,False,False,False,False,True,False,False,49.0,107.0,1.0,2.0
8650.0,1978.0,54162.0,1.0,1.0,31.0,0.0,5.0,6.0,10.0,6.0,5.0,10.0,1.0,1.0,0.0,3.0,4.0,0.0,0.0,0.0,0.0,0.0,0.0,False,False,True,False,False,False,False,False,False,False,False,True,False,47.0,42.0,4.0,2.0
10862.0,1960.0,30522.0,0.0,1.0,6.0,0.0,179.0,8.0,83.0,19.0,11.0,26.0,5.0,1.0,2.0,9.0,2.0,0.0,0.0,0.0,0.0,0.0,0.0,False,False,False,True,False,False,False,False,True,False,False,False,False,65.0,326.0,12.0,1.0
2782.0,1961.0,54456.0,0.0,1.0,23.0,0.0,352.0,0.0,27.0,10.0,0.0,15.0,3.0,6.0,1.0,7.0,6.0,0.0,0.0,0.0,0.0,0.0,0.0,False,False,False,False,True,False,False,False,True,False,False,False,False,64.0,404.0,14.0,1.0
6941.0,1971.0,31632.0,0.0,0.0,92.0,0.0,17.0,8.0,12.0,11.0,15.0,32.0,1.0,2.0,1.0,2.0,7.0,0.0,0.0,0.0,0.0,0.0,0.0,False,False,True,False,False,False,False,False,False,True,False,False,False,54.0,95.0,5.0,0.0
10972.0,1949.0,73201.82547288794,0.0,0.0,52.0,0.0,625.0,35.0,169.0,58.0,17.0,35.0,1.0,4.0,3.0,6.0,1.0,0.0,0.0,0.0,1.0,1.0,0.0,False,False,True,False,False,False,False,False,False,False,False,True,False,76.0,939.0,13.0,0.0
10708.0,1978.0,36975.0,1.0,0.0,50.0,0.0,10.0,6.0,11.0,0.0,4.0,2.0,1.0,1.0,0.0,3.0,7.0,0.0,0.0,0.0,0.0,0.0,0.0,True,False,False,False,False,False,False,False,False,True,False,False,False,47.0,33.0,4.0,1.0
6583.0,1955.0,72635.0,0.0,0.0,54.0,0.0,390.0,22.0,323.0,104.0,35.0,107.0,1.0,6.0,8.0,6.0,3.0,1.0,0.0,0.0,0.0,0.0,0.0,True,False,False,False,False,False,False,False,True,False,False,False,False,70.0,981.0,20.0,0.0
3641.0,1976.0,13624.0,1.0,0.0,93.0,0.0,10.0,2.0,15.0,2.0,1.0,6.0,2.0,2.0,0.0,3.0,6.0,0.0,0.0,0.0,0.0,0.0,0.0,False,False,True,False,False,False,False,False,True,False,False,False,False,49.0,36.0,5.0,1.0
10156.0,1975.0,84196.0,0.0,1.0,56.0,0.0,215.0,63.0,507.0,120.5,31.0,126.5,1.0,8.0,4.0,7.0,3.0,0.0,0.0,0.0,0.0,0.0,0.0,False,False,True,False,False,False,False,False,False,True,False,False,False,50.0,1237.0,19.0,1.0
4299.0,1960.0,70971.0,0.0,1.0,28.0,0.0,1001.0,17.0,556.0,93.0,81.0,17.0,6.0,11.0,10.0,5.0,7.0,0.0,0.0,0.0,0.0,0.0,1.0,False,False,True,False,False,False,False,False,False,False,True,False,False,65.0,1825.0,27.0,1.0
3469.0,1977.0,34487.0,1.0,1.0,94.0,0.0,19.0,18.0,33.0,24.0,1.0,8.0,3.0,3.0,0.0,3.0,9.0,0.0,0.0,0.0,0.0,0.0,0.0,False,False,False,False,True,False,False,True,False,False,False,False,False,48.0,103.0,6.0,2.0
5063.0,1977.0,28769.0,1.0,0.0,76.0,0.0,41.0,5.0,129.0,10.0,3.0,3.0,3.0,4.0,1.0,4.0,9.0,0.0,0.0,0.0,0.0,0.0,0.0,False,False,True,False,False,False,False,False,False,True,False,False,False,48.0,191.0,9.0,1.0
10727.0,1970.0,69084.0,1.0,0.0,43.0,0.0,1181.0,81.0,199.0,39.0,30.0,30.0,2.0,7.0,3.0,13.0,8.0,0.0,0.0,0.0,0.0,0.0,0.0,False,False,False,False,True,False,False,False,True,False,False,False,False,55.0,1586.0,23.0,1.0
9624.0,1958.0,65488.0,0.0,0.0,46.0,0.0,603.0,45.0,207.0,36.0,18.0,54.0,1.0,3.0,4.0,6.0,1.0,0.0,0.0,0.0,0.0,0.0,0.0,False,False,False,False,True,False,False,False,False,False,True,False,False,67.0,963.0,13.0,0.0
5156.0,1970.0,62466.0,0.0,1.0,13.0,0.0,129.0,81.0,259.0,120.5,81.0,83.0,5.0,6.0,3.0,12.0,4.0,0.0,0.0,0.0,0.0,0.0,0.0,True,False,False,False,False,False,False,False,True,False,False,False,False,55.0,889.0,21.0,1.0
4376.0,1960.0,32218.0,0.0,0.0,27.0,0.0,10.0,24.0,15.0,13.0,1.0,30.0,1.0,2.0,1.0,3.0,7.0,0.0,0.0,1.0,0.0,0.0,1.0,True,False,False,False,False,False,False,False,False,True,False,False,False,65.0,93.0,6.0,0.0
8923.0,1973.0,83917.0,0.0,0.0,12.0,0.0,514.0,22.0,556.0,42.0,81.0,79.0,1.0,6.0,7.0,7.0,3.0,0.0,0.0,0.0,0.0,0.0,1.0,False,False,True,False,False,False,False,False,False,True,False,False,False,52.0,1587.0,20.0,0.0
8461.0,1962.0,46102.0,2.0,1.0,3.0,0.0,14.0,0.0,1.0,0.0,0.0,1.0,1.0,1.0,0.0,2.0,7.0,0.0,0.0,0.0,0.0,0.0,0.0,False,False,True,False,False,False,False,True,False,False,False,False,False,63.0,16.0,3.0,2.5
6945.0,1952.0,84574.0,0.0,0.0,72.0,0.0,387.0,20.0,556.0,38.0,54.0,126.5,1.0,9.0,10.0,11.0,5.0,0.0,0.0,0.0,0.0,0.0,0.0,False,False,True,False,False,False,False,False,False,True,False,False,False,73.0,1375.0,31.0,0.0
944.0,1962.0,56181.0,0.0,1.0,6.0,0.0,121.0,81.0,69.0,8.0,44.0,48.0,1.0,4.0,2.0,7.0,4.0,0.0,0.0,0.0,0.0,0.0,0.0,False,False,True,False,False,False,False,False,True,False,False,False,False,63.0,393.0,13.0,1.0
1907.0,1950.0,63120.0,0.0,1.0,53.0,0.0,965.0,69.0,279.0,54.0,41.0,69.0,5.0,8.0,4.0,9.0,7.0,0.0,0.0,0.0,0.0,0.0,1.0,False,False,False,True,False,False,False,True,False,False,False,False,False,75.0,1477.0,21.0,1.0
701.0,1971.0,73691.0,0.0,1.0,58.0,0.0,707.0,21.0,250.0,85.0,43.0,73.0,2.0,6.0,2.0,8.0,2.0,0.0,0.0,1.0,0.0,0.0,0.0,False,False,True,False,False,False,False,False,True,False,False,False,False,54.0,1179.0,16.0,1.0
3856.0,1960.0,71186.85743032662,0.0,1.0,78.0,0.0,571.0,50.0,142.0,33.0,50.0,126.5,4.0,4.0,5.0,13.0,2.0,0.0,0.0,0.0,0.0,0.0,0.0,False,False,True,False,False,False,False,False,False,False,True,False,False,65.0,1005.0,22.0,1.0
4149.0,1948.0,76140.0,0.0,0.0,57.0,0.0,586.0,66.0,556.0,17.0,0.0,26.0,1.0,5.0,9.0,6.0,2.0,0.0,0.0,0.0,0.0,0.0,0.0,False,False,False,False,True,False,False,False,False,False,True,False,False,77.0,1348.0,20.0,0.0
2131.0,1959.0,62859.0,0.0,1.0,37.0,0.0,1063.0,81.0,102.0,16.0,12.0,25.0,4.0,9.0,4.0,6.0,6.0,0.0,0.0,0.0,0.0,0.0,0.0,False,False,False,False,True,False,False,True,False,False,False,False,False,66.0,1307.0,19.0,1.0
2942.0,1964.0,45906.0,0.0,1.0,20.0,0.0,305.0,3.0,27.0,4.0,3.0,126.5,2.0,5.0,4.0,4.0,5.0,0.0,0.0,1.0,0.0,0.0,0.0,False,False,True,False,False,False,False,False,False,True,False,False,False,61.0,486.0,13.0,1.0
1173.0,1947.0,77632.0,0.0,0.0,73.0,0.0,1200.0,81.0,556.0,0.0,42.0,126.5,1.0,4.0,2.0,6.0,2.0,0.0,0.0,0.0,1.0,1.0,1.0,False,False,False,True,False,False,False,False,False,False,True,False,False,78.0,2252.0,12.0,0.0
4381.0,1971.0,46463.0,1.0,1.0,56.0,0.0,163.0,2.0,40.0,8.0,11.0,11.0,6.0,3.0,1.0,6.0,6.0,0.0,0.0,0.0,0.0,0.0,0.0,False,False,False,False,True,False,False,False,True,False,False,False,False,54.0,235.0,10.0,2.0
4611.0,1970.0,105471.0,0.0,0.0,36.0,0.0,1009.0,81.0,104.0,120.5,21.0,126.5,0.0,9.0,8.0,13.0,3.0,1.0,0.0,0.0,0.0,1.0,1.0,False,False,True,False,False,False,False,False,False,False,True,False,False,55.0,1724.0,30.0,0.0
3376.0,1970.0,55282.0,1.0,0.45231294224653595,9.0,0.0,125.0,6.0,73.0,8.0,4.0,19.0,1.0,3.0,1.0,6.0,4.0,0.0,0.0,0.0,0.0,0.0,0.0,False,False,False,True,False,False,False,True,False,False,False,False,False,55.0,235.0,10.0,1.452312942246536
4679.0,1977.0,78710.0,0.0,1.0,42.0,0.0,721.0,0.0,152.0,119.0,50.0,50.0,3.0,7.0,6.0,12.0,4.0,0.0,0.0,0.0,0.0,0.0,0.0,False,False,False,True,False,False,False,False,True,False,False,False,False,48.0,1092.0,25.0,1.0
10928.0,1958.0,66886.0,0.0,1.0,28.0,0.0,315.0,4.0,62.0,41.0,31.0,126.5,2.0,7.0,1.0,7.0,5.0,0.0,0.0,0.0,0.0,0.0,0.0,False,False,True,False,False,False,False,False,False,False,True,False,False,67.0,599.0,15.0,1.0
4248.0,1960.0,98777.0,0.0,0.0,23.0,0.0,1000.0,19.0,556.0,120.5,81.0,38.0,0.0,4.0,6.0,9.0,1.0,0.0,0.0,0.0,1.0,0.0,0.0,False,False,False,True,False,False,False,False,False,True,False,False,False,65.0,2008.0,19.0,0.0
6728.0,1985.0,29103.0,1.0,0.0,38.0,0.0,16.0,0.0,17.0,6.0,3.0,6.0,2.0,1.0,0.0,3.0,9.0,0.0,0.0,0.0,0.0,0.0,0.0,False,False,True,False,False,False,False,False,False,False,True,False,False,40.0,48.0,4.0,1.0
6661.0,1974.0,67445.0,0.0,1.0,63.0,0.0,757.0,80.0,217.0,29.0,80.0,11.0,5.0,9.0,6.0,12.0,6.0,0.0,0.0,0.0,0.0,0.0,0.0,False,False,True,False,False,False,False,False,True,False,False,False,False,51.0,1174.0,27.0,1.0
4725.0,1950.0,50616.0,0.0,1.0,71.0,0.0,30.0,2.0,25.0,0.0,1.0,9.0,1.0,1.0,1.0,4.0,2.0,0.0,0.0,0.0,0.0,0.0,0.0,False,False,False,False,True,False,False,False,False,False,True,False,False,75.0,67.0,6.0,1.0
3277.0,1955.0,49431.0,0.0,1.0,9.0,0.0,219.0,3.0,100.0,26.0,0.0,17.0,2.0,7.0,1.0,5.0,8.0,0.0,0.0,0.0,0.0,0.0,0.0,False,False,True,False,False,False,False,True,False,False,False,False,False,70.0,365.0,13.0,1.0
5555.0,1975.0,118320.375,0.0,0.0,81.0,0.0,1.0,1.0,1.0,1.0,1.0,1.0,0.0,0.0,0.0,0.0,0.0,0.0,0.0,0.0,0.0,0.0,0.0,False,False,True,False,False,False,False,True,False,False,False,False,False,50.0,6.0,0.0,0.0
2564.0,1953.0,61278.0,0.0,1.0,87.0,0.0,111.0,3.0,28.0,2.0,6.0,15.0,2.0,3.0,1.0,4.0,6.0,0.0,0.0,0.0,0.0,0.0,0.0,False,False,True,False,False,False,False,False,False,False,True,False,False,72.0,165.0,8.0,1.0
946.0,1958.0,26490.0,0.0,0.0,92.0,0.0,45.0,47.0,52.0,21.0,20.0,25.0,2.0,3.0,1.0,5.0,6.0,0.0,0.0,0.0,0.0,0.0,0.0,True,False,False,False,False,False,False,False,False,False,True,False,False,67.0,210.0,9.0,0.0
3867.0,1947.0,73059.0,0.0,1.0,36.0,0.0,410.0,81.0,420.0,0.0,81.0,71.0,1.0,9.0,3.0,13.0,4.0,0.0,0.0,0.0,0.0,0.0,0.0,False,False,False,False,True,False,False,False,False,False,True,False,False,78.0,1095.0,25.0,1.0
6940.0,1966.0,46734.0,1.0,2.0,86.0,0.0,100.0,1.0,39.0,6.0,1.0,76.0,4.0,3.0,2.0,3.0,6.0,0.0,0.0,1.0,0.0,0.0,0.0,False,False,False,False,True,False,False,False,False,True,False,False,False,59.0,223.0,8.0,2.5
55.0,1963.0,56253.0,0.0,1.0,83.0,0.0,509.0,0.0,65.0,7.0,11.0,5.0,4.0,7.0,2.0,9.0,6.0,0.0,0.0,0.0,0.0,0.0,0.0,False,False,True,False,False,False,False,False,False,False,True,False,False,62.0,597.0,18.0,1.0
7093.0,1985.0,19986.0,1.0,0.0,74.0,0.0,3.0,6.0,5.0,0.0,2.0,6.0,1.0,0.0,0.0,3.0,7.0,0.0,0.0,0.0,0.0,0.0,0.0,False,False,True,False,False,False,False,False,True,False,False,False,False,40.0,22.0,3.0,1.0
5084.0,1975.0,58330.0,0.0,1.0,87.0,0.0,445.0,53.0,213.0,104.0,81.0,126.5,1.0,6.0,4.0,13.0,4.0,0.0,0.0,0.0,0.0,0.0,0.0,False,False,True,False,False,False,False,False,False,False,False,True,False,50.0,1064.0,23.0,1.0
1777.0,1980.0,25965.0,0.0,0.0,29.0,0.0,2.0,2.0,11.0,41.0,7.0,11.0,1.0,2.0,0.0,3.0,8.0,0.0,0.0,0.0,0.0,0.0,0.0,False,True,False,False,False,False,False,False,True,False,False,False,False,45.0,74.0,5.0,0.0
8162.0,1956.0,14661.0,0.0,0.0,88.0,0.0,4.0,1.0,11.0,6.0,2.0,2.0,1.0,1.0,0.0,3.0,6.0,0.0,0.0,0.0,0.0,0.0,0.0,False,False,False,True,False,False,False,False,False,False,True,False,False,69.0,26.0,4.0,0.0
10826.0,1959.0,18690.0,0.0,0.0,77.0,0.0,6.0,1.0,7.0,23.0,4.0,19.0,1.0,1.0,1.0,2.0,8.0,0.0,0.0,0.0,0.0,0.0,0.0,False,False,True,False,False,False,False,False,True,False,False,False,False,66.0,60.0,4.0,0.0
8754.0,1974.0,45068.0,0.0,1.0,25.0,0.0,14.0,0.0,3.0,0.0,0.0,3.0,1.0,1.0,0.0,2.0,7.0,0.0,0.0,0.0,0.0,0.0,0.0,False,False,False,False,True,False,False,False,False,False,True,False,False,51.0,20.0,3.0,1.0
1987.0,1987.0,21063.0,1.0,0.0,34.0,0.0,1.0,10.0,11.0,19.0,3.0,15.0,2.0,2.0,0.0,3.0,6.0,0.0,0.0,0.0,0.0,0.0,0.0,False,True,False,False,False,False,False,False,False,True,False,False,False,38.0,59.0,5.0,1.0
11007.0,1968.0,29187.0,1.0,0.0,43.0,0.0,26.0,0.0,6.0,0.0,0.0,2.0,1.0,1.0,0.0,3.0,8.0,0.0,0.0,0.0,0.0,0.0,0.0,False,False,False,False,True,False,False,False,True,False,False,False,False,57.0,34.0,4.0,1.0
7426.0,1971.0,54690.0,1.0,1.0,76.0,0.0,111.0,16.0,37.0,7.0,9.0,18.0,3.0,3.0,1.0,5.0,3.0,0.0,0.0,0.0,0.0,0.0,0.0,True,False,False,False,False,False,False,False,True,False,False,False,False,54.0,198.0,9.0,2.0
9153.0,1964.0,59304.0,0.0,1.0,81.0,0.0,418.0,61.0,428.0,80.0,51.0,10.0,3.0,7.0,8.0,10.0,5.0,0.0,0.0,0.0,0.0,0.0,0.0,False,False,False,False,True,False,False,False,True,False,False,False,False,61.0,1048.0,25.0,1.0
10379.0,1962.0,59247.0,0.0,2.0,87.0,0.0,327.0,9.0,122.0,19.0,14.0,83.0,5.0,5.0,2.0,9.0,6.0,0.0,0.0,0.0,0.0,0.0,0.0,False,False,False,True,False,False,False,False,False,True,False,False,False,63.0,574.0,16.0,2.0
9204.0,1970.0,66731.0,0.0,1.0,33.0,0.0,371.0,81.0,194.0,58.0,81.0,126.5,4.0,4.0,3.0,6.0,3.0,0.0,0.0,0.0,0.0,0.0,0.0,False,False,True,False,False,False,False,False,False,False,False,True,False,55.0,1029.0,13.0,1.0
3197.0,1980.0,77353.0,0.0,1.0,38.0,0.0,275.0,59.0,107.0,69.0,81.0,59.0,2.0,6.0,4.0,8.0,4.0,0.0,0.0,0.0,0.0,0.0,0.0,False,False,True,False,False,False,False,False,True,False,False,False,False,45.0,670.0,18.0,1.0
2920.0,1975.0,52614.0,0.0,0.4842954154532464,63.0,0.0,789.0,0.0,142.0,12.0,9.0,38.0,2.0,2.0,4.0,8.0,8.0,0.0,0.0,0.0,0.0,0.0,0.0,False,False,False,False,True,False,False,False,False,True,False,False,False,50.0,990.0,14.0,0.4842954154532464
6961.0,1974.0,26751.0,2.0,0.0,26.0,0.0,1.0,1.0,5.0,0.0,3.0,1.0,1.0,1.0,0.0,2.0,8.0,0.0,0.0,0.0,0.0,0.0,0.0,False,False,True,False,False,False,False,False,True,False,False,False,False,51.0,11.0,3.0,2.0
4673.0,1963.0,81300.0,0.0,1.0,17.0,0.0,1004.0,12.0,145.0,32.0,12.0,36.0,3.0,10.0,3.0,5.0,5.0,1.0,0.0,0.0,0.0,0.0,1.0,False,False,False,False,True,False,False,False,True,False,False,False,False,62.0,1241.0,18.0,1.0
9937.0,1979.0,70337.0,0.0,0.0,75.0,0.0,187.0,81.0,149.0,25.0,43.0,91.0,1.0,2.0,2.0,12.0,1.0,0.0,0.0,0.0,0.0,0.0,0.0,False,False,True,False,False,False,False,False,False,True,False,False,False,46.0,576.0,16.0,0.0
8779.0,1985.0,36145.0,1.0,0.0,13.0,0.0,56.0,4.0,76.0,17.0,1.0,18.0,4.0,4.0,1.0,3.0,9.0,0.0,0.0,1.0,0.0,0.0,1.0,False,False,True,False,False,False,False,False,True,False,False,False,False,40.0,172.0,8.0,1.0
9596.0,1980.0,65295.0,0.0,0.0,19.0,0.0,365.0,32.0,117.0,34.0,81.0,6.0,1.0,3.0,3.0,13.0,2.0,0.0,0.0,0.0,0.0,0.0,0.0,False,False,False,False,True,False,False,False,False,True,False,False,False,45.0,664.0,19.0,0.0
2891.0,1963.0,68118.0,0.0,1.0,51.0,0.0,595.0,23.0,123.0,10.0,23.0,126.5,2.0,8.0,9.0,4.0,6.0,0.0,0.0,0.0,0.0,0.0,0.0,False,False,True,False,False,False,False,True,False,False,False,False,False,62.0,928.0,21.0,1.0
4910.0,1967.0,68743.0,0.0,0.0,81.0,0.0,1132.0,81.0,384.0,120.5,81.0,115.0,1.0,11.0,5.0,13.0,7.0,0.0,0.0,0.0,0.0,0.0,0.0,False,False,True,False,False,False,False,True,False,False,False,False,False,58.0,2074.0,29.0,0.0
75.0,1982.0,41039.0,0.0,0.0,32.0,0.0,34.0,11.0,137.0,120.5,61.0,45.0,1.0,8.0,1.0,5.0,8.0,0.0,0.0,0.0,0.0,0.0,0.0,True,False,False,False,False,False,False,False,False,False,True,False,False,43.0,467.0,14.0,0.0
10120.0,1955.0,38946.0,0.0,1.0,84.0,0.0,116.0,6.0,82.0,6.0,6.0,41.0,2.0,3.0,1.0,6.0,5.0,0.0,0.0,0.0,0.0,0.0,0.0,False,False,True,False,False,False,False,False,False,False,True,False,False,70.0,257.0,10.0,1.0
6327.0,1967.0,65777.0,0.0,0.0,87.0,0.0,565.0,32.0,435.0,28.0,32.0,54.0,1.0,2.0,8.0,6.0,1.0,0.0,0.0,0.0,0.0,0.0,0.0,False,False,True,False,False,False,False,False,False,False,True,False,False,58.0,1146.0,16.0,0.0
10142.0,1976.0,66476.0,0.0,1.0,99.0,0.0,372.0,18.0,126.0,47.0,48.0,78.0,2.0,5.0,2.0,11.0,4.0,0.0,0.0,0.0,0.0,0.0,0.0,False,False,False,False,True,False,False,True,False,False,False,False,False,49.0,689.0,18.0,1.0
9826.0,1972.0,86857.0,0.0,0.0,96.0,0.0,899.0,81.0,556.0,120.5,81.0,40.0,1.0,5.0,6.0,10.0,2.0,0.0,0.0,0.0,0.0,0.0,1.0,False,False,False,False,True,False,False,False,False,True,False,False,False,53.0,2114.0,21.0,0.0
1501.0,1982.0,118320.375,0.0,0.0,21.0,0.0,55.0,16.0,556.0,17.0,3.0,4.0,6.0,0.0,10.0,1.0,0.0,0.0,0.0,0.0,0.0,0.0,0.0,False,False,False,False,True,False,False,False,True,False,False,False,False,43.0,1717.0,29.0,0.0
10767.0,1989.0,77845.0,0.0,0.0,40.0,0.0,760.0,40.0,480.0,0.0,40.0,26.0,1.0,3.0,5.0,12.0,1.0,1.0,0.0,0.0,0.0,1.0,0.0,False,False,False,False,True,False,False,False,False,False,True,False,False,36.0,1346.0,20.0,0.0
7279.0,1969.0,69476.0,0.0,0.0,3.0,0.0,260.0,81.0,556.0,63.0,9.0,67.0,1.0,4.0,6.0,4.0,2.0,0.0,0.0,0.0,0.0,0.0,0.0,False,False,False,False,True,False,False,False,False,False,True,False,False,56.0,1044.0,14.0,0.0
7230.0,1960.0,50611.0,0.0,1.0840434335757934,98.0,0.0,459.0,0.0,24.0,6.0,0.0,4.0,6.0,4.0,5.0,7.0,6.0,0.0,0.0,0.0,1.0,0.0,1.0,False,False,False,False,True,False,False,True,False,False,False,False,False,65.0,493.0,16.0,1.0840434335757934
143.0,1970.0,61209.0,0.0,0.0,73.0,0.0,466.0,0.0,224.0,119.0,49.0,99.0,1.0,5.0,3.0,4.0,2.0,0.0,0.0,0.0,0.0,0.0,0.0,False,False,True,False,False,False,False,False,False,True,False,False,False,55.0,957.0,12.0,0.0
450.0,1958.0,42315.0,0.0,1.0,90.0,0.0,67.0,15.0,80.0,17.0,11.0,80.0,3.0,1.0,4.0,4.0,3.0,0.0,0.0,0.0,0.0,0.0,0.0,False,False,False,True,False,False,False,False,False,False,True,False,False,67.0,270.0,9.0,1.0
9316.0,1952.0,13084.0,0.0,0.0,29.0,0.0,2.0,0.0,7.0,3.0,7.0,10.0,1.0,1.0,0.0,3.0,6.0,0.0,0.0,0.0,0.0,0.0,0.0,False,True,False,False,False,False,False,False,False,False,True,False,False,73.0,29.0,4.0,0.0
6379.0,1949.0,47570.0,1.0,1.0,3.0,0.0,67.0,1.0,20.0,0.0,2.0,31.0,3.0,2.0,2.0,2.0,7.0,0.0,0.0,0.0,0.0,0.0,1.0,False,False,False,True,False,False,False,False,False,False,False,True,False,76.0,121.0,6.0,2.0
9239.0,1961.0,61923.0,0.0,2.0,94.0,0.0,92.0,4.0,18.0,3.0,3.0,6.0,1.0,2.0,1.0,4.0,3.0,0.0,0.0,0.0,0.0,0.0,0.0,False,False,False,True,False,False,False,False,True,False,False,False,False,64.0,126.0,7.0,2.0
8315.0,1995.0,34824.0,0.0,0.0,65.0,0.0,4.0,2.0,11.0,2.0,0.0,4.0,1.0,1.0,0.0,2.0,6.0,0.0,0.0,0.0,0.0,0.0,0.0,False,False,True,False,False,False,False,False,False,True,False,False,False,30.0,23.0,3.0,0.0
2868.0,1949.0,26518.0,1.0,1.0,33.0,0.0,20.0,1.0,28.0,3.0,3.0,2.0,3.0,2.0,0.0,3.0,8.0,0.0,0.0,0.0,0.0,0.0,1.0,False,False,False,False,True,False,False,False,False,True,False,False,False,76.0,57.0,5.0,2.0
10888.0,1961.0,45938.0,0.0,0.0,46.0,0.0,273.0,11.0,178.0,62.0,81.0,29.0,2.0,8.0,4.0,6.0,6.0,0.0,0.0,0.0,0.0,0.0,0.0,False,False,True,False,False,False,False,False,False,True,False,False,False,64.0,636.0,18.0,0.0
1277.0,1960.0,78468.0,0.0,0.0,29.0,0.0,434.0,22.0,388.0,104.0,22.0,34.0,1.0,10.0,7.0,10.0,4.0,1.0,0.0,0.0,0.0,0.0,0.0,False,False,True,False,False,False,False,False,False,False,True,False,False,65.0,1004.0,27.0,0.0
9977.0,1973.0,78901.0,0.0,1.0,99.0,0.0,321.0,11.0,309.0,33.0,26.0,34.0,3.0,9.0,3.0,5.0,4.0,0.0,0.0,0.0,0.0,0.0,0.0,False,False,True,False,False,False,False,True,False,False,False,False,False,52.0,734.0,17.0,1.0
10196.0,1978.0,71427.0,2.0,0.0,26.0,0.0,212.0,81.0,177.0,15.0,64.0,23.0,2.0,8.0,2.0,8.0,4.0,0.0,0.0,0.0,0.0,0.0,0.0,False,False,True,False,False,False,False,False,True,False,False,False,False,47.0,614.0,18.0,2.0
6384.0,1978.0,71022.0,0.0,1.0,30.0,0.0,909.0,12.0,278.0,0.0,12.0,126.5,3.0,5.0,2.0,11.0,8.0,0.0,0.0,1.0,0.0,0.0,0.0,False,False,True,False,False,False,False,True,False,False,False,False,False,47.0,1453.0,18.0,1.0
8029.0,1988.0,90247.0,0.0,0.0,27.0,0.0,1184.0,32.0,352.0,21.0,16.0,16.0,1.0,3.0,4.0,7.0,1.0,1.0,0.0,0.0,1.0,1.0,1.0,False,False,False,True,False,False,False,False,False,True,False,False,False,37.0,1621.0,14.0,0.0
968.0,1968.0,41335.0,1.0,0.0,24.0,0.0,112.0,19.0,21.0,16.0,14.0,5.0,3.0,4.0,1.0,4.0,7.0,0.0,0.0,0.0,0.0,0.0,0.0,False,False,False,True,False,False,False,True,False,False,False,False,False,57.0,187.0,9.0,1.0
6988.0,1986.0,71952.0,1.0,0.0,93.0,0.0,656.0,80.0,455.0,52.0,81.0,93.0,2.0,8.0,4.0,8.0,4.0,0.0,0.0,1.0,0.0,1.0,0.0,False,False,True,False,False,False,False,False,True,False,False,False,False,39.0,1443.0,20.0,1.0
4472.0,1970.0,35682.0,1.0,0.0,34.0,0.0,23.0,0.0,8.0,6.0,2.0,18.0,1.0,1.0,1.0,3.0,2.0,0.0,0.0,0.0,0.0,0.0,0.0,False,False,False,False,True,False,False,True,False,False,False,False,False,55.0,57.0,5.0,1.0
6991.0,1951.0,43185.0,0.0,1.0,88.0,0.0,537.0,6.0,42.0,16.0,6.0,30.0,2.0,9.0,3.0,6.0,8.0,0.0,0.0,0.0,0.0,0.0,0.0,False,False,True,False,False,False,False,True,False,False,False,False,False,74.0,637.0,18.0,1.0
3336.0,1948.0,66375.0,0.0,1.0,96.0,0.0,712.0,0.0,45.0,0.0,0.0,126.5,3.0,2.0,4.0,5.0,7.0,0.0,0.0,1.0,0.0,0.0,0.0,False,False,False,False,True,False,False,False,False,False,True,False,False,77.0,948.0,11.0,1.0
4301.0,1971.0,35178.0,1.0,0.0,10.0,0.0,23.0,1.0,13.0,2.0,2.0,18.0,1.0,1.0,1.0,2.0,7.0,0.0,0.0,1.0,0.0,0.0,1.0,False,False,False,True,False,False,False,False,True,False,False,False,False,54.0,59.0,4.0,1.0
1940.0,1986.0,25252.0,1.0,0.0,26.0,0.0,1.0,3.0,4.0,2.0,2.0,6.0,1.0,1.0,0.0,2.0,8.0,0.0,0.0,0.0,0.0,0.0,0.0,False,False,True,False,False,False,False,False,True,False,False,False,False,39.0,18.0,3.0,1.0
1272.0,1965.0,55250.0,0.0,1.0,49.0,0.0,664.0,58.0,83.0,32.0,0.0,66.0,4.0,7.0,5.0,10.0,5.0,0.0,0.0,0.0,0.0,0.0,0.0,False,False,False,True,False,False,False,False,False,True,False,False,False,60.0,903.0,22.0,1.0
1388.0,1975.0,33249.0,1.0,0.0,11.0,0.0,6.0,10.0,21.0,19.0,14.0,42.0,2.0,2.0,1.0,3.0,6.0,0.0,0.0,0.0,0.0,0.0,0.0,False,False,True,False,False,False,False,False,False,True,False,False,False,50.0,112.0,6.0,1.0
1044.0,1953.0,58398.0,0.0,0.0,44.0,0.0,299.0,5.0,201.0,21.0,21.0,49.0,3.0,5.0,4.0,8.0,4.0,0.0,0.0,0.0,0.0,0.0,0.0,False,False,True,False,False,False,False,False,False,False,True,False,False,72.0,596.0,17.0,0.0
6969.0,1982.0,50272.0,1.0,0.0,75.0,0.0,99.0,13.0,66.0,43.0,8.0,4.0,3.0,4.0,1.0,5.0,7.0,0.0,0.0,0.0,0.0,0.0,0.0,False,False,True,False,False,False,False,False,False,False,True,False,False,43.0,233.0,10.0,1.0
10479.0,1975.0,76618.0,0.0,0.0,64.0,0.0,749.0,40.0,294.0,120.5,81.0,126.5,1.0,3.0,2.0,5.0,1.0,0.0,0.0,0.0,0.0,0.0,0.0,False,False,False,False,True,False,False,False,True,False,False,False,False,50.0,1511.0,10.0,0.0
3619.0,1960.0,87305.0,0.0,0.0,19.0,0.0,345.0,25.0,501.0,63.0,81.0,80.0,1.0,5.0,3.0,8.0,2.0,0.0,0.0,0.0,0.0,1.0,1.0,True,False,False,False,False,False,False,True,False,False,False,False,False,65.0,1152.0,16.0,0.0
1715.0,1978.0,25851.0,1.0,0.0,45.0,0.0,9.0,4.0,18.0,7.0,5.0,5.0,2.0,2.0,0.0,3.0,7.0,0.0,0.0,0.0,0.0,0.0,0.0,False,False,True,False,False,False,False,False,False,False,True,False,False,47.0,48.0,5.0,1.0
10159.0,1970.0,58710.0,0.0,1.0,77.0,0.0,440.0,81.0,368.0,0.0,81.0,126.5,6.0,11.0,5.0,9.0,6.0,0.0,0.0,0.0,0.0,0.0,0.0,False,False,True,False,False,False,False,True,False,False,False,False,False,55.0,1185.0,25.0,1.0
1463.0,1958.0,45160.0,1.0,1.0,9.0,0.0,8.0,2.0,5.0,3.0,0.0,3.0,1.0,1.0,0.0,2.0,7.0,0.0,0.0,0.0,0.0,0.0,0.0,False,False,True,False,False,False,False,False,False,True,False,False,False,67.0,21.0,3.0,2.0
5114.0,1965.0,74806.0,0.0,1.0,1.0,0.0,670.0,9.0,249.0,0.0,28.0,9.0,2.0,5.0,4.0,5.0,4.0,0.0,0.0,0.0,0.0,0.0,0.0,False,False,False,True,False,False,False,False,True,False,False,False,False,60.0,965.0,14.0,1.0
4990.0,1954.0,59111.0,0.0,0.0,90.0,0.0,524.0,0.0,134.0,28.0,28.0,126.5,1.0,11.0,1.0,8.0,7.0,0.0,0.0,0.0,0.0,0.0,0.0,False,False,True,False,False,False,False,False,True,False,False,False,False,71.0,869.0,20.0,0.0
4329.0,1984.0,18988.0,1.0,0.0,43.0,0.0,6.0,0.0,6.0,2.0,1.0,1.0,2.0,1.0,0.0,3.0,7.0,0.0,0.0,0.0,0.0,0.0,0.0,False,False,False,False,True,False,False,False,True,False,False,False,False,41.0,16.0,4.0,1.0
10936.0,1965.0,72190.0,0.0,0.0,79.0,0.0,597.0,81.0,556.0,120.5,81.0,126.5,1.0,5.0,6.0,4.0,3.0,0.0,0.0,0.0,0.0,0.0,0.0,False,False,True,False,False,False,False,False,True,False,False,False,False,60.0,1947.0,15.0,0.0
4692.0,1976.0,7500.0,1.0,0.0,19.0,0.0,7.0,0.0,12.0,13.0,7.0,32.0,5.0,4.0,1.0,2.0,9.0,0.0,0.0,1.0,0.0,0.0,1.0,False,False,True,False,False,False,False,False,True,False,False,False,False,49.0,71.0,7.0,1.0
7212.0,1966.0,44794.0,0.0,1.0,99.0,0.0,54.0,0.0,7.0,0.0,0.0,4.0,1.0,2.0,0.0,3.0,6.0,0.0,0.0,0.0,0.0,0.0,0.0,False,False,True,False,False,False,False,False,True,False,False,False,False,59.0,65.0,5.0,1.0
6086.0,1955.0,80395.0,0.0,0.0,62.0,0.0,445.0,25.0,556.0,80.0,76.0,48.0,1.0,6.0,5.0,12.0,2.0,1.0,0.0,0.0,0.0,0.0,0.0,False,False,True,False,False,False,False,False,True,False,False,False,False,70.0,1380.0,23.0,0.0
437.0,1976.0,75012.0,0.0,0.0,41.0,0.0,294.0,81.0,218.0,120.5,58.0,126.5,1.0,3.0,8.0,11.0,1.0,0.0,0.0,0.0,0.0,0.0,0.0,False,False,False,True,False,False,False,True,False,False,False,False,False,49.0,1027.0,22.0,0.0
11171.0,1965.0,56962.0,2.0,1.0,60.0,0.0,292.0,3.0,77.0,10.0,3.0,26.0,6.0,6.0,3.0,5.0,7.0,0.0,0.0,0.0,0.0,0.0,0.0,False,False,False,True,False,False,False,False,True,False,False,False,False,60.0,411.0,14.0,2.5
11101.0,1991.0,89891.0,0.0,0.0,17.0,0.0,412.0,22.0,132.0,59.0,28.0,126.5,1.0,11.0,6.0,8.0,4.0,0.0,0.0,0.0,0.0,1.0,0.0,False,False,True,False,False,False,False,False,False,False,True,False,False,34.0,836.0,25.0,0.0
5329.0,1949.0,35946.0,1.0,1.0,24.0,0.0,8.0,0.0,3.0,0.0,0.0,0.0,1.0,0.0,0.0,3.0,5.0,0.0,0.0,0.0,0.0,0.0,0.0,False,False,False,False,True,False,False,True,False,False,False,False,False,76.0,11.0,3.0,2.0
610.0,1953.0,53593.0,1.0,1.0,60.0,0.0,349.0,4.0,78.0,6.0,0.0,43.0,6.0,7.0,2.0,6.0,8.0,0.0,0.0,0.0,0.0,0.0,0.0,False,False,False,False,True,False,False,False,False,False,True,False,False,72.0,480.0,15.0,2.0
9384.0,1978.0,66373.0,1.0,1.0,57.0,0.0,328.0,9.0,124.0,12.0,24.0,109.0,6.0,4.0,2.0,10.0,3.0,0.0,0.0,0.0,0.0,0.0,0.0,False,False,True,False,False,False,False,False,True,False,False,False,False,47.0,606.0,16.0,2.0
5956.0,1948.0,45072.0,1.0,2.0,74.0,0.0,144.0,2.0,99.0,7.0,2.0,30.0,5.0,6.0,1.0,4.0,8.0,0.0,0.0,0.0,0.0,0.0,0.0,False,False,False,False,True,False,False,True,False,False,False,False,False,77.0,284.0,11.0,2.5
10430.0,1973.0,89694.0,1.0,1.0,22.0,0.0,1126.0,28.0,211.0,37.0,28.0,42.0,3.0,4.0,3.0,4.0,5.0,1.0,0.0,0.0,1.0,1.0,0.0,False,False,True,False,False,False,False,True,False,False,False,False,False,52.0,1472.0,11.0,2.0
7875.0,1949.0,72025.0,0.0,0.0,46.0,0.0,967.0,0.0,556.0,43.0,50.0,0.0,1.0,4.0,8.0,13.0,2.0,1.0,0.0,0.0,1.0,1.0,1.0,False,False,True,False,False,False,False,False,True,False,False,False,False,76.0,1677.0,25.0,0.0
7072.0,1973.0,70847.7000054505,0.0,1.0,69.0,0.0,432.0,79.0,341.0,120.5,81.0,126.5,2.0,8.0,5.0,4.0,4.0,0.0,0.0,0.0,0.0,0.0,0.0,False,False,True,False,False,False,False,False,True,False,False,False,False,52.0,1335.0,17.0,1.0
6255.0,1952.0,70545.0,0.0,1.0,29.0,0.0,138.0,39.0,63.0,55.0,18.0,21.0,1.0,4.0,1.0,7.0,2.0,0.0,0.0,0.0,0.0,0.0,0.0,False,False,False,True,False,False,False,False,False,False,True,False,False,73.0,334.0,12.0,1.0
6516.0,1989.0,17487.0,1.0,0.0,37.0,0.0,0.0,0.0,1.0,7.0,4.0,6.0,1.0,1.0,0.0,2.0,7.0,0.0,0.0,0.0,0.0,0.0,0.0,False,True,False,False,False,False,False,False,True,False,False,False,False,36.0,18.0,3.0,1.0
5564.0,1969.0,62882.0,0.0,1.0,26.0,0.0,509.0,81.0,497.0,78.0,24.0,97.0,2.0,7.0,5.0,6.0,4.0,0.0,0.0,0.0,0.0,0.0,0.0,False,False,True,False,False,False,False,False,False,False,True,False,False,56.0,1338.0,18.0,1.0
5682.0,1953.0,64108.0,0.0,1.0,8.0,0.0,948.0,10.0,86.0,13.0,21.0,21.0,4.0,6.0,9.0,11.0,5.0,0.0,0.0,0.0,0.0,0.0,0.0,False,False,False,False,True,False,False,False,False,True,False,False,False,72.0,1099.0,26.0,1.0
7458.0,1956.0,34941.0,1.0,1.0,26.0,0.0,39.0,2.0,25.0,4.0,3.0,24.0,2.0,3.0,0.0,3.0,8.0,0.0,0.0,0.0,0.0,0.0,0.0,False,False,False,True,False,False,False,False,False,False,True,False,False,69.0,97.0,6.0,2.0
5237.0,1950.0,48767.0,1.0,2.0,79.0,0.0,28.0,1.0,21.0,3.0,0.0,10.0,3.0,2.0,1.0,3.0,5.0,0.0,0.0,0.0,0.0,0.0,0.0,False,False,False,False,True,False,False,False,False,True,False,False,False,75.0,63.0,6.0,2.5
7761.0,1978.0,38702.0,1.0,0.0,71.0,0.0,13.0,11.0,24.0,13.0,8.0,40.0,2.0,3.0,0.0,4.0,6.0,0.0,0.0,0.0,0.0,0.0,0.0,True,False,False,False,False,False,False,False,False,False,True,False,False,47.0,109.0,7.0,1.0
5278.0,1964.0,82224.0,0.0,0.0,83.0,0.0,307.0,26.0,360.0,120.5,31.0,40.0,1.0,6.0,9.0,5.0,3.0,1.0,0.0,0.0,0.0,0.0,0.0,False,False,True,False,False,False,False,False,True,False,False,False,False,61.0,902.0,20.0,0.0
3560.0,1952.0,83844.0,0.0,0.0,57.0,0.0,901.0,31.0,345.0,75.0,31.0,126.5,1.0,4.0,4.0,11.0,1.0,0.0,0.0,0.0,0.0,1.0,0.0,False,False,True,False,False,False,False,False,False,False,True,False,False,73.0,1574.0,19.0,0.0
7235.0,1975.0,17003.0,1.0,0.0,37.0,0.0,2.0,5.0,12.0,4.0,8.0,7.0,3.0,2.0,0.0,4.0,5.0,0.0,0.0,0.0,0.0,0.0,0.0,True,False,False,False,False,False,False,False,True,False,False,False,False,50.0,38.0,6.0,1.0
10548.0,1995.0,71163.0,0.0,0.0,30.0,0.0,283.0,17.0,372.0,120.5,81.0,44.0,1.0,3.0,8.0,12.0,1.0,0.0,0.0,0.0,0.0,0.0,0.0,False,False,True,False,False,False,False,False,False,True,False,False,False,30.0,960.0,23.0,0.0
2281.0,1970.0,33697.0,1.0,0.0,34.0,0.0,4.0,3.0,7.0,0.0,3.0,11.0,1.0,1.0,0.0,2.0,7.0,0.0,0.0,1.0,0.0,0.0,0.0,False,False,True,False,False,False,False,False,False,True,False,False,False,55.0,28.0,3.0,1.0
4073.0,1954.0,63564.0,0.0,0.0,0.0,0.0,769.0,80.0,252.0,15.0,34.0,65.0,1.0,10.0,10.0,7.0,6.0,0.0,0.0,1.0,0.0,0.0,1.0,True,False,False,False,False,False,False,False,True,False,False,False,False,71.0,1215.0,27.0,0.0
6974.0,1972.0,83443.0,0.0,0.0,89.0,0.0,518.0,42.0,556.0,55.0,56.0,84.0,1.0,6.0,10.0,5.0,2.0,0.0,0.0,0.0,0.0,0.0,0.0,False,False,False,False,True,False,False,False,False,False,True,False,False,53.0,1497.0,21.0,0.0
7938.0,1958.0,51518.0,0.0,1.0,92.0,0.0,350.0,8.0,66.0,17.0,4.0,4.0,2.0,3.0,2.0,10.0,3.0,0.0,0.0,0.0,0.0,0.0,0.0,False,False,False,False,True,False,False,False,False,False,True,False,False,67.0,449.0,15.0,1.0
7094.0,1975.0,58330.0,0.0,1.0,87.0,0.0,445.0,53.0,213.0,104.0,81.0,126.5,1.0,6.0,4.0,13.0,4.0,0.0,0.0,0.0,0.0,0.0,0.0,False,False,True,False,False,False,False,False,False,False,False,True,False,50.0,1064.0,23.0,1.0
3667.0,1969.0,80952.0,0.0,-0.0446853411505046,20.0,0.0,778.0,81.0,556.0,41.0,27.0,44.0,1.0,8.0,5.0,11.0,8.0,1.0,0.0,0.0,1.0,1.0,1.0,False,False,True,False,False,False,False,False,True,False,False,False,False,56.0,1757.0,24.0,-0.0446853411505046
7723.0,1979.0,75507.0,0.0,0.0,56.0,0.0,709.0,81.0,374.0,104.0,80.0,80.0,1.0,8.0,6.0,6.0,3.0,0.0,0.0,0.0,0.0,0.0,0.0,False,False,True,False,False,False,False,False,False,False,True,False,False,46.0,1440.0,20.0,0.0
3870.0,1978.0,63855.0,0.0,0.0,28.0,0.0,359.0,35.0,314.0,93.0,81.0,89.0,1.0,7.0,3.0,13.0,4.0,0.0,0.0,0.0,0.0,0.0,0.0,True,False,False,False,False,False,False,False,False,False,True,False,False,47.0,1006.0,23.0,0.0
4012.0,1972.0,62220.0,0.0,1.0,55.0,0.0,799.0,12.0,375.0,16.0,12.0,12.0,5.0,7.0,6.0,5.0,6.0,0.0,0.0,0.0,0.0,0.0,1.0,False,False,False,False,True,False,False,False,False,False,True,False,False,53.0,1226.0,18.0,1.0
5909.0,1964.0,58512.0,0.0,1.0,25.0,0.0,895.0,10.0,101.0,13.0,0.0,126.5,5.0,3.0,4.0,8.0,8.0,0.0,0.0,0.0,0.0,0.0,0.0,False,False,True,False,False,False,False,False,True,False,False,False,False,61.0,1171.0,15.0,1.0
10470.0,1979.0,40662.0,1.0,0.0,0.0,0.0,40.0,2.0,23.0,0.0,4.0,23.0,2.0,2.0,1.0,3.0,4.0,0.0,0.0,0.0,0.0,0.0,0.0,False,False,False,True,False,False,False,False,True,False,False,False,False,46.0,92.0,6.0,1.0
6488.0,1959.0,43944.81216700036,0.0,1.0,86.0,0.0,76.0,0.0,7.0,0.0,0.0,16.0,1.0,3.0,2.0,2.0,5.0,0.0,0.0,0.0,0.0,0.0,0.0,False,False,False,False,True,False,False,False,True,False,False,False,False,66.0,99.0,7.0,1.0
10270.0,1981.0,35523.0,1.0,0.0,8.0,0.0,11.0,5.0,22.0,12.0,5.0,11.0,2.0,3.0,0.0,3.0,7.0,0.0,0.0,0.0,0.0,0.0,0.0,True,False,False,False,False,False,False,False,True,False,False,False,False,44.0,66.0,6.0,1.0
6887.0,1967.0,79146.0,1.0,1.0,33.0,0.0,245.0,16.0,223.0,21.0,43.0,16.0,2.0,8.0,1.0,8.0,6.0,0.0,0.0,0.0,0.0,0.0,0.0,False,False,True,False,False,False,False,False,False,True,False,False,False,58.0,564.0,17.0,2.0
6406.0,1988.0,78285.0,0.0,0.0,13.0,0.0,647.0,81.0,391.0,120.5,67.0,40.0,1.0,6.0,4.0,10.0,3.0,0.0,0.0,0.0,0.0,0.0,0.0,False,False,False,True,False,False,False,False,True,False,False,False,False,37.0,1427.0,20.0,0.0
7573.0,1978.0,31626.0,1.0,0.0,12.0,0.0,39.0,1.0,9.0,2.0,1.0,34.0,1.0,2.0,1.0,2.0,7.0,0.0,0.0,1.0,0.0,0.0,1.0,False,False,False,False,True,False,False,False,False,True,False,False,False,47.0,86.0,5.0,1.0
4508.0,1952.0,75127.0,0.0,0.0,92.0,0.0,203.0,35.0,305.0,46.0,17.0,126.5,1.0,2.0,10.0,5.0,1.0,0.0,0.0,0.0,0.0,0.0,0.0,False,False,True,False,False,False,False,False,False,True,False,False,False,73.0,833.0,18.0,0.0
221.0,1955.0,48726.0,0.0,1.0,90.0,0.0,138.0,3.0,38.0,4.0,0.0,59.0,3.0,3.0,2.0,4.0,6.0,0.0,0.0,0.0,0.0,0.0,0.0,False,False,True,False,False,False,False,False,True,False,False,False,False,70.0,242.0,9.0,1.0
5331.0,1977.0,74985.0,0.0,0.0,8.0,0.0,587.0,51.0,556.0,120.5,0.0,86.0,1.0,3.0,6.0,7.0,2.0,0.0,0.0,0.0,0.0,0.0,0.0,False,False,True,False,False,False,False,False,True,False,False,False,False,48.0,1869.0,16.0,0.0
1911.0,1987.0,67430.0,0.0,0.0,6.0,0.0,595.0,81.0,291.0,120.5,81.0,121.0,1.0,11.0,5.0,12.0,6.0,0.0,0.0,0.0,0.0,0.0,0.0,False,False,True,False,False,False,False,False,False,False,True,False,False,38.0,1364.0,28.0,0.0
20.0,1965.0,46891.0,0.0,1.0,91.0,0.0,43.0,12.0,23.0,29.0,15.0,61.0,1.0,2.0,1.0,4.0,4.0,0.0,0.0,0.0,0.0,0.0,0.0,True,False,False,False,False,False,False,False,True,False,False,False,False,60.0,183.0,7.0,1.0
8786.0,1956.0,62058.0,0.0,1.0,52.0,0.0,301.0,7.0,74.0,10.0,0.0,58.0,4.0,6.0,1.0,7.0,6.0,0.0,0.0,0.0,0.0,0.0,0.0,False,False,False,True,False,False,False,False,True,False,False,False,False,69.0,450.0,14.0,1.0
10582.0,1979.0,72063.0,0.0,1.0,3.0,0.0,180.0,32.0,348.0,76.0,32.0,90.0,2.0,5.0,2.0,12.0,2.0,0.0,0.0,0.0,0.0,0.0,0.0,False,False,True,False,False,False,False,False,True,False,False,False,False,46.0,758.0,19.0,1.0
1915.0,1951.0,71940.17901810416,0.0,0.0,57.0,0.0,794.0,81.0,243.0,120.5,0.0,126.5,1.0,8.0,5.0,6.0,3.0,0.0,0.0,0.0,0.0,0.0,0.0,False,False,False,False,True,False,False,False,True,False,False,False,False,74.0,1507.0,19.0,0.0
8897.0,1965.0,42720.0,1.0,1.0,9.0,0.0,392.0,5.0,91.0,28.0,26.0,112.0,6.0,7.0,3.0,7.0,8.0,0.0,0.0,0.0,0.0,0.0,1.0,False,False,True,False,False,False,False,False,False,True,False,False,False,60.0,654.0,17.0,2.0
2371.0,1972.0,33622.0,1.0,1.0,22.0,0.0,39.0,1.0,22.0,3.0,4.0,12.0,3.0,2.0,0.0,4.0,7.0,0.0,0.0,0.0,0.0,0.0,0.0,False,False,True,False,False,False,False,False,True,False,False,False,False,53.0,81.0,6.0,2.0
4303.0,1957.0,6835.0,0.0,1.0,76.0,0.0,107.0,2.0,12.0,2.0,2.0,12.0,0.0,0.0,0.0,1.0,13.0,0.0,0.0,0.0,0.0,0.0,0.0,False,False,False,False,True,False,False,False,False,False,True,False,False,68.0,137.0,1.0,1.0
6825.0,1953.0,41452.0,1.0,1.0,86.0,0.0,13.0,0.0,3.0,0.0,0.0,0.0,1.0,1.0,0.0,2.0,7.0,0.0,0.0,0.0,0.0,0.0,0.0,False,False,True,False,False,False,False,False,False,False,True,False,False,72.0,16.0,3.0,2.0
1072.0,1965.0,40760.0,0.0,1.0,64.0,0.0,70.0,0.0,17.0,0.0,0.0,6.0,2.0,2.0,1.0,3.0,6.0,0.0,0.0,0.0,0.0,0.0,0.0,False,False,False,False,True,False,False,False,False,True,False,False,False,60.0,93.0,6.0,1.0
4964.0,1958.0,74250.0,0.0,0.0,90.0,0.0,680.0,11.0,392.0,75.0,0.0,0.0,1.0,2.0,10.0,4.0,1.0,0.0,0.0,0.0,0.0,0.0,0.0,False,False,False,False,True,False,False,False,False,False,True,False,False,67.0,1158.0,17.0,0.0
2461.0,1955.0,51124.0,1.0,1.0,79.0,0.0,26.0,1.0,11.0,0.0,1.0,4.0,2.0,1.0,0.0,3.0,3.0,0.0,0.0,0.0,0.0,0.0,0.0,False,False,False,True,False,False,False,False,False,True,False,False,False,70.0,43.0,4.0,2.0
10736.0,1971.0,72258.0,0.0,1.0,28.0,0.0,522.0,0.0,522.0,120.5,81.0,126.5,2.0,6.0,9.0,5.0,2.0,0.0,0.0,0.0,0.0,0.0,0.0,False,False,True,False,False,False,False,False,False,True,False,False,False,54.0,1525.0,20.0,1.0
3194.0,1974.0,71466.0,0.0,0.0,86.0,0.0,412.0,12.0,546.0,78.0,81.0,0.0,1.0,4.0,4.0,10.0,1.0,0.0,0.0,0.0,0.0,0.0,0.0,False,False,False,False,True,False,False,False,False,True,False,False,False,51.0,1230.0,18.0,0.0
10839.0,1976.0,36283.0,1.0,1.0,42.0,0.0,6.0,5.0,5.0,8.0,0.0,5.0,2.0,1.0,0.0,3.0,4.0,0.0,0.0,0.0,0.0,0.0,0.0,False,False,True,False,False,False,False,False,False,False,True,False,False,49.0,29.0,4.0,2.0
49.0,1970.0,20587.0,1.0,0.0,39.0,0.0,2.0,3.0,6.0,4.0,1.0,9.0,1.0,1.0,1.0,2.0,7.0,0.0,0.0,0.0,0.0,0.0,0.0,False,False,True,False,False,False,False,False,False,True,False,False,False,55.0,25.0,4.0,1.0
4290.0,1972.0,30467.0,1.0,0.0,8.0,0.0,1.0,3.0,8.0,2.0,5.0,5.0,1.0,1.0,0.0,2.0,7.0,0.0,0.0,0.0,0.0,0.0,0.0,False,False,True,False,False,False,False,False,True,False,False,False,False,53.0,24.0,3.0,1.0
10219.0,1972.0,31590.0,1.0,0.0,40.0,0.0,6.0,2.0,15.0,6.0,6.0,3.0,1.0,1.0,0.0,3.0,8.0,0.0,0.0,0.0,0.0,0.0,0.0,False,False,True,False,False,False,False,False,False,False,True,False,False,53.0,38.0,4.0,1.0
4211.0,1986.0,20425.0,1.0,0.0,5.0,0.0,4.0,12.0,5.0,3.0,16.0,17.0,2.0,2.0,0.0,3.0,7.0,0.0,0.0,0.0,0.0,0.0,0.0,False,True,False,False,False,False,False,False,True,False,False,False,False,39.0,57.0,5.0,1.0
1135.0,1960.0,17144.0,1.0,1.0,96.0,0.0,18.0,2.0,19.0,0.0,2.0,6.0,5.0,3.0,0.0,4.0,7.0,0.0,0.0,0.0,0.0,0.0,0.0,False,False,False,True,False,False,False,False,False,False,True,False,False,65.0,47.0,7.0,2.0
6299.0,1968.0,42564.0,0.0,1.0,28.0,0.0,324.0,48.0,186.0,39.0,18.0,126.5,6.0,6.0,8.0,4.0,7.0,0.0,0.0,1.0,0.0,0.0,1.0,False,False,False,False,True,False,False,True,False,False,False,False,False,57.0,813.0,18.0,1.0
10846.0,1978.0,43783.0,1.0,0.0,22.0,0.0,327.0,9.0,125.0,25.0,4.0,126.5,6.0,7.0,1.0,8.0,7.0,0.0,0.0,1.0,0.0,0.0,0.0,False,False,False,True,False,False,False,False,True,False,False,False,False,47.0,629.0,16.0,1.0
347.0,1976.0,40780.0,0.0,1.0,30.0,0.0,229.0,27.0,71.0,13.0,3.0,34.0,4.0,7.0,1.0,5.0,9.0,0.0,0.0,0.0,0.0,0.0,0.0,False,False,True,False,False,False,False,True,False,False,False,False,False,49.0,377.0,13.0,1.0
6543.0,1945.0,62847.0,0.0,0.0,45.0,0.0,521.0,81.0,556.0,80.0,76.0,61.0,1.0,3.0,6.0,4.0,2.0,0.0,0.0,0.0,0.0,0.0,0.0,False,False,False,True,False,False,False,False,False,False,True,False,False,80.0,1612.0,13.0,0.0
10446.0,1957.0,82017.0,0.0,0.0,58.0,0.0,184.0,23.0,446.0,30.0,23.0,23.0,1.0,5.0,4.0,7.0,2.0,1.0,0.0,0.0,1.0,1.0,1.0,False,False,False,False,True,False,False,False,True,False,False,False,False,68.0,729.0,16.0,0.0
3479.0,1950.0,16813.0,0.0,0.0,49.0,0.0,4.0,8.0,11.0,12.0,2.0,13.0,1.0,2.0,0.0,3.0,7.0,0.0,0.0,1.0,0.0,0.0,0.0,False,False,True,False,False,False,False,False,False,True,False,False,False,75.0,50.0,5.0,0.0
11075.0,1978.0,51267.0,1.0,1.0,37.0,0.0,183.0,2.0,64.0,7.0,2.0,12.0,4.0,3.0,3.0,5.0,4.0,0.0,0.0,0.0,0.0,0.0,0.0,False,False,True,False,False,False,False,False,True,False,False,False,False,47.0,270.0,11.0,2.0
4442.0,1961.0,46524.0,0.0,1.0,70.0,0.0,31.0,19.0,35.0,26.0,14.0,52.0,2.0,1.0,1.0,5.0,3.0,0.0,0.0,0.0,0.0,0.0,0.0,False,False,True,False,False,False,False,False,False,True,False,False,False,64.0,177.0,7.0,1.0
199.0,1962.0,45183.0,0.0,0.0,33.0,0.0,219.0,3.0,60.0,12.0,9.0,12.0,1.0,4.0,1.0,7.0,7.0,0.0,0.0,0.0,1.0,0.0,0.0,False,False,False,True,False,False,False,False,False,True,False,False,False,63.0,315.0,12.0,0.0
6722.0,1954.0,70421.0,0.0,1.0,98.0,0.0,479.0,28.0,136.0,75.0,14.0,35.0,3.0,10.0,3.0,7.0,6.0,0.0,0.0,0.0,0.0,0.0,0.0,False,False,False,False,True,False,False,False,True,False,False,False,False,71.0,767.0,20.0,1.0
796.0,1965.0,60161.0,0.0,1.0,17.0,0.0,584.0,44.0,212.0,46.0,8.0,126.5,3.0,11.0,4.0,8.0,8.0,0.0,0.0,0.0,0.0,0.0,0.0,True,False,False,False,False,False,False,True,False,False,False,False,False,60.0,1071.0,23.0,1.0
3749.0,1973.0,73926.0,0.0,0.0,54.0,0.0,627.0,81.0,556.0,120.5,81.0,15.0,1.0,6.0,5.0,12.0,3.0,0.0,0.0,0.0,0.0,0.0,0.0,False,False,True,False,False,False,False,False,False,False,True,False,False,52.0,1580.0,23.0,0.0
8523.0,1968.0,19329.0,1.0,0.0,39.0,0.0,24.0,1.0,16.0,12.0,2.0,5.0,3.0,4.0,0.0,3.0,8.0,0.0,0.0,0.0,0.0,0.0,0.0,False,False,True,False,False,False,False,False,True,False,False,False,False,57.0,60.0,7.0,1.0
310.0,1970.0,61872.0,0.0,1.0,81.0,0.0,330.0,5.0,159.0,36.0,27.0,16.0,4.0,4.0,4.0,9.0,4.0,0.0,0.0,0.0,0.0,0.0,0.0,False,False,False,True,False,False,False,False,True,False,False,False,False,55.0,573.0,17.0,1.0
8629.0,1956.0,46984.0,1.0,1.0,71.0,0.0,19.0,1.0,10.0,2.0,1.0,8.0,1.0,1.0,0.0,3.0,5.0,0.0,0.0,0.0,0.0,0.0,0.0,False,False,True,False,False,False,False,False,False,False,False,True,False,69.0,41.0,4.0,2.0
236.0,1951.0,34838.0,1.0,1.0,62.0,0.0,28.0,23.0,29.0,29.0,14.0,47.0,3.0,2.0,1.0,4.0,6.0,0.0,0.0,0.0,0.0,0.0,0.0,False,False,True,False,False,False,False,False,True,False,False,False,False,74.0,170.0,7.0,2.0
9930.0,1944.0,82716.0,0.0,0.0,8.0,0.0,606.0,81.0,228.0,15.0,81.0,22.0,1.0,6.0,8.0,13.0,2.0,0.0,0.0,0.0,0.0,0.0,0.0,False,False,False,False,True,False,False,False,False,True,False,False,False,81.0,1167.0,27.0,0.0
3483.0,1958.0,48192.0,0.0,0.0,76.0,0.0,1039.0,43.0,204.0,120.5,58.0,29.0,3.0,2.0,8.0,12.0,8.0,1.0,1.0,0.0,1.0,0.0,1.0,False,False,True,False,False,False,False,False,True,False,False,False,False,67.0,1526.0,22.0,0.0
4599.0,1976.0,49681.0,0.0,2.0,66.0,0.0,411.0,0.0,26.0,0.0,0.0,21.0,6.0,7.0,1.0,7.0,7.0,0.0,0.0,0.0,0.0,0.0,0.0,False,False,False,True,False,False,False,False,True,False,False,False,False,49.0,458.0,15.0,2.0
7326.0,1971.0,56850.0,0.0,1.0,83.0,0.0,34.0,1.0,19.0,2.0,7.0,0.0,1.0,1.0,1.0,3.0,2.0,0.0,0.0,0.0,0.0,0.0,0.0,False,False,False,True,False,False,False,False,True,False,False,False,False,54.0,63.0,5.0,1.0
7352.0,1957.0,55267.0,0.0,1.0,28.0,0.0,161.0,28.0,136.0,32.0,3.0,45.0,4.0,3.0,4.0,6.0,3.0,0.0,0.0,0.0,0.0,0.0,0.0,False,False,True,False,False,False,False,False,True,False,False,False,False,68.0,405.0,13.0,1.0
2350.0,1972.0,59666.0,1.0,1.0,87.0,0.0,623.0,53.0,178.0,23.0,17.0,126.5,6.0,3.0,2.0,8.0,8.0,0.0,0.0,0.0,1.0,0.0,0.0,False,False,True,False,False,False,False,False,True,False,False,False,False,53.0,1027.0,13.0,2.0
9145.0,1972.0,72504.0,0.0,1.0,43.0,0.0,604.0,26.0,470.0,120.5,81.0,94.0,2.0,5.0,9.0,6.0,2.0,0.0,0.0,0.0,0.0,0.0,0.0,False,False,True,False,False,False,False,False,False,True,False,False,False,53.0,1478.0,20.0,1.0
2964.0,1981.0,26872.0,0.0,0.0,0.0,0.0,3.0,10.0,8.0,3.0,16.0,32.0,1.0,1.0,1.0,2.0,6.0,0.0,0.0,0.0,0.0,0.0,0.0,False,False,True,False,False,False,False,False,True,False,False,False,False,44.0,72.0,4.0,0.0
5585.0,1972.0,21359.0,1.0,0.0,1.0,0.0,12.0,2.0,17.0,6.0,1.0,10.0,2.0,2.0,0.0,3.0,8.0,0.0,0.0,0.0,0.0,0.0,1.0,False,False,True,False,False,False,False,False,False,True,False,False,False,53.0,48.0,5.0,1.0
9687.0,1975.0,73170.0,0.0,0.0,1.0,0.0,184.0,81.0,256.0,50.0,30.0,32.0,1.0,5.0,4.0,6.0,2.0,0.0,0.0,0.0,0.0,0.0,0.0,False,False,True,False,False,False,False,False,False,True,False,False,False,50.0,726.0,15.0,0.0
3732.0,1955.0,52750.0,0.0,1.0,72.0,0.0,393.0,0.0,239.0,90.0,69.0,69.0,6.0,5.0,7.0,9.0,4.0,0.0,0.0,0.0,0.0,0.0,0.0,False,False,False,True,False,False,False,False,True,False,False,False,False,70.0,860.0,21.0,1.0
6303.0,1986.0,91820.0,0.0,0.0,72.0,0.0,410.0,73.0,556.0,76.0,81.0,30.0,0.0,5.0,5.0,12.0,1.0,0.0,0.0,0.0,0.0,0.0,0.0,False,False,False,False,True,False,False,False,False,False,True,False,False,39.0,1497.0,22.0,0.0
11176.0,1970.0,65968.0,0.0,1.0,12.0,0.0,376.0,9.0,83.0,19.0,4.0,4.0,2.0,5.0,4.0,7.0,3.0,0.0,0.0,0.0,0.0,0.0,0.0,False,False,False,False,True,False,False,False,False,False,True,False,False,55.0,495.0,16.0,1.0
2986.0,1976.0,30772.0,1.0,1.0,89.0,0.0,7.0,2.0,4.0,2.0,1.0,4.0,1.0,1.0,0.0,2.0,6.0,0.0,0.0,0.0,0.0,0.0,0.0,False,False,True,False,False,False,False,False,True,False,False,False,False,49.0,20.0,3.0,2.0
7462.0,1954.0,22507.0,0.0,0.0,67.0,0.0,68.0,0.0,226.0,51.0,81.0,68.0,3.0,10.0,2.0,4.0,9.0,0.0,0.0,0.0,0.0,0.0,0.0,False,False,True,False,False,False,False,False,False,True,False,False,False,71.0,570.0,16.0,0.0
3900.0,1972.0,65685.0,0.0,1.0,54.0,0.0,642.0,14.0,49.0,0.0,7.0,57.0,1.0,9.0,2.0,9.0,5.0,0.0,0.0,0.0,0.0,0.0,0.0,False,False,True,False,False,False,False,False,True,False,False,False,False,53.0,769.0,20.0,1.0
7034.0,1978.0,25804.0,1.0,0.0,34.0,0.0,8.0,7.0,9.0,13.0,6.0,12.0,2.0,2.0,0.0,3.0,8.0,0.0,0.0,0.0,0.0,0.0,0.0,True,False,False,False,False,False,False,False,True,False,False,False,False,47.0,55.0,5.0,1.0
9493.0,1980.0,76412.0,0.0,0.0,15.0,0.0,840.0,53.0,556.0,23.0,71.0,17.0,1.0,5.0,4.0,8.0,3.0,1.0,0.0,0.0,0.0,1.0,1.0,False,False,False,False,True,False,False,False,False,True,False,False,False,45.0,1808.0,17.0,0.0
1143.0,1972.0,22063.0,1.0,0.0,43.0,0.0,7.0,10.0,13.0,3.0,11.0,11.0,2.0,2.0,0.0,3.0,7.0,0.0,0.0,0.0,0.0,0.0,0.0,False,False,True,False,False,False,False,False,True,False,False,False,False,53.0,55.0,5.0,1.0
1.0,1961.0,57091.0,0.0,0.0,0.0,0.0,464.0,5.0,64.0,7.0,0.0,37.0,1.0,7.0,3.0,7.0,5.0,0.0,1.0,0.0,0.0,0.0,1.0,False,False,True,False,False,False,False,False,False,True,False,False,False,64.0,577.0,17.0,0.0
3855.0,1963.0,22419.0,0.0,0.0,74.0,0.0,30.0,3.0,47.0,19.0,21.0,42.0,1.0,3.0,2.0,2.0,8.0,0.0,0.0,0.0,0.0,0.0,0.0,False,False,True,False,False,False,False,False,True,False,False,False,False,62.0,162.0,7.0,0.0
5536.0,1959.0,87771.0,0.0,1.0,61.0,0.0,1225.0,38.0,287.0,50.0,57.0,33.0,1.0,5.0,10.0,4.0,6.0,1.0,1.0,0.0,1.0,1.0,1.0,False,False,True,False,False,False,False,False,False,False,True,False,False,66.0,1957.0,19.0,1.0
5989.0,1959.0,78353.0,0.0,1.0,51.0,0.0,752.0,81.0,476.0,39.0,81.0,34.0,1.0,10.0,2.0,11.0,8.0,0.0,0.0,0.0,0.0,0.0,0.0,True,False,False,False,False,False,False,True,False,False,False,False,False,66.0,1576.0,23.0,1.0
9499.0,1954.0,93404.0,1.0,2.0,97.0,0.0,1225.0,15.0,287.0,20.0,0.0,15.0,3.0,3.0,4.0,7.0,5.0,0.0,0.0,0.0,1.0,1.0,0.0,False,False,True,False,False,False,False,False,True,False,False,False,False,71.0,1616.0,14.0,2.5
6768.0,1962.0,37859.0,1.0,2.0,75.0,0.0,22.0,1.0,8.0,2.0,1.0,2.0,2.0,1.0,0.0,3.0,8.0,0.0,0.0,0.0,0.0,0.0,0.0,False,False,True,False,False,False,False,True,False,False,False,False,False,63.0,36.0,4.0,2.5
2150.0,1958.0,80995.0,0.0,1.0,83.0,0.0,860.0,28.0,409.0,73.0,56.0,56.0,1.0,8.0,9.0,4.0,4.0,0.0,0.0,0.0,0.0,0.0,0.0,False,False,False,False,True,False,False,False,False,False,False,True,False,67.0,1482.0,21.0,1.0
6646.0,1984.0,16529.0,1.0,0.0,23.0,0.0,3.0,0.0,5.0,13.0,0.0,1.0,1.0,1.0,0.0,3.0,6.0,0.0,0.0,0.0,0.0,0.0,0.0,False,False,True,False,False,False,False,False,False,False,True,False,False,41.0,22.0,4.0,1.0
4887.0,1976.0,55412.0,1.0,1.0,65.0,0.0,10.0,5.0,28.0,11.0,1.0,8.0,1.0,2.0,0.0,3.0,5.0,0.0,0.0,0.0,0.0,0.0,0.0,False,False,False,False,True,False,False,True,False,False,False,False,False,49.0,63.0,5.0,2.0
8560.0,1992.0,48789.0,0.0,0.0,94.0,0.0,351.0,16.0,156.0,7.0,5.0,126.5,1.0,6.0,4.0,7.0,6.0,0.0,0.0,0.0,0.0,0.0,0.0,False,False,True,False,False,False,False,False,False,True,False,False,False,33.0,680.0,17.0,0.0
3321.0,1967.0,56575.0,0.0,2.0,42.0,0.0,421.0,5.0,90.0,0.0,16.0,10.0,3.0,7.0,3.0,7.0,5.0,0.0,0.0,0.0,0.0,0.0,0.0,False,False,False,False,True,False,False,False,False,False,True,False,False,58.0,542.0,17.0,2.0
11003.0,1980.0,25130.0,1.0,0.0,10.0,0.0,2.0,5.0,7.0,0.0,18.0,18.0,2.0,2.0,0.0,3.0,7.0,0.0,0.0,0.0,0.0,0.0,0.0,True,False,False,False,False,False,False,False,False,False,True,False,False,45.0,50.0,5.0,1.0
10402.0,1967.0,35441.0,1.0,1.0,94.0,0.0,25.0,1.0,9.0,2.0,1.0,1.0,2.0,1.0,0.0,3.0,8.0,0.0,0.0,0.0,0.0,0.0,0.0,False,False,True,False,False,False,False,False,True,False,False,False,False,58.0,39.0,4.0,2.0
9904.0,1956.0,71391.0,0.0,1.0,50.0,0.0,336.0,81.0,274.0,46.0,81.0,126.5,5.0,6.0,5.0,12.0,3.0,0.0,0.0,0.0,0.0,0.0,0.0,False,False,True,False,False,False,False,False,True,False,False,False,False,69.0,1043.0,23.0,1.0
6141.0,1972.0,49494.0,1.0,0.0,46.0,0.0,191.0,9.0,97.0,0.0,6.0,82.0,2.0,6.0,1.0,5.0,7.0,0.0,0.0,0.0,0.0,0.0,0.0,False,False,False,True,False,False,False,False,False,True,False,False,False,53.0,385.0,12.0,1.0
5687.0,1980.0,81702.0,0.0,0.0,98.0,0.0,563.0,50.0,556.0,28.0,31.0,126.5,1.0,7.0,7.0,12.0,3.0,0.0,0.0,0.0,0.0,0.0,0.0,False,False,True,False,False,False,False,True,False,False,False,False,False,45.0,1633.0,26.0,0.0
10856.0,1980.0,45889.0,0.0,1.0,42.0,0.0,31.0,0.0,6.0,0.0,1.0,8.0,1.0,1.0,0.0,3.0,6.0,0.0,0.0,0.0,0.0,0.0,0.0,True,False,False,False,False,False,False,False,False,True,False,False,False,45.0,46.0,4.0,1.0
5121.0,1977.0,56628.0,0.0,1.0,30.0,0.0,479.0,5.0,82.0,7.0,17.0,126.5,2.0,7.0,6.0,5.0,5.0,0.0,0.0,1.0,0.0,0.0,0.0,False,False,True,False,False,False,False,False,False,True,False,False,False,48.0,761.0,18.0,1.0
4186.0,1950.0,34026.0,1.0,1.0,11.0,0.0,18.0,6.0,15.0,12.0,8.0,17.0,3.0,2.0,1.0,3.0,5.0,0.0,0.0,0.0,0.0,0.0,0.0,False,False,True,False,False,False,False,False,False,False,True,False,False,75.0,76.0,6.0,2.0
368.0,1974.0,40049.0,0.0,1.0,61.0,0.0,91.0,65.0,52.0,10.0,44.0,28.0,3.0,3.0,2.0,6.0,5.0,0.0,0.0,0.0,0.0,0.0,0.0,False,False,True,False,False,False,False,False,True,False,False,False,False,51.0,290.0,11.0,1.0
3312.0,1988.0,34176.0,1.0,0.0,12.0,0.0,5.0,7.0,24.0,19.0,14.0,20.0,4.0,3.0,0.0,4.0,6.0,0.0,0.0,0.0,0.0,0.0,0.0,False,False,True,False,False,False,False,False,False,True,False,False,False,37.0,89.0,7.0,1.0
11121.0,1981.0,19419.0,1.0,0.0,76.0,0.0,2.0,14.0,28.0,16.0,3.0,7.0,4.0,4.0,0.0,3.0,9.0,0.0,0.0,0.0,0.0,0.0,0.0,False,False,True,False,False,False,False,False,True,False,False,False,False,44.0,70.0,7.0,1.0
5332.0,1960.0,82504.0,0.0,0.0,2.0,0.0,362.0,50.0,431.0,120.5,35.0,54.0,1.0,3.0,6.0,7.0,1.0,0.0,0.0,0.0,0.0,0.0,0.0,True,False,False,False,False,False,False,False,True,False,False,False,False,65.0,1066.0,16.0,0.0
5848.0,1970.0,81205.0,0.0,0.0,43.0,0.0,724.0,74.0,556.0,97.0,55.0,126.5,1.0,5.0,6.0,7.0,2.0,0.0,1.0,1.0,0.0,1.0,1.0,False,False,True,False,False,False,False,False,False,False,True,False,False,55.0,2009.0,18.0,0.0
10343.0,1991.0,61618.0,0.0,0.0,27.0,0.0,605.0,81.0,399.0,0.0,45.0,126.5,2.0,3.0,6.0,8.0,3.0,0.0,0.0,0.0,0.0,0.0,0.0,True,False,False,False,False,False,False,False,False,True,False,False,False,34.0,1345.0,17.0,0.0
5935.0,1956.0,55284.0,0.0,1.0,60.0,0.0,547.0,7.0,140.0,0.0,7.0,63.0,3.0,7.0,5.0,8.0,5.0,0.0,0.0,0.0,0.0,0.0,0.0,False,False,False,True,False,False,False,False,False,True,False,False,False,69.0,764.0,20.0,1.0
2895.0,1963.0,49980.0,0.0,1.0,79.0,0.0,104.0,1.0,54.0,13.0,9.0,14.0,2.0,3.0,1.0,5.0,5.0,0.0,0.0,0.0,0.0,0.0,0.0,False,False,True,False,False,False,False,False,False,True,False,False,False,62.0,195.0,9.0,1.0
10262.0,1980.0,15072.0,2.0,0.0,96.0,0.0,8.0,2.0,15.0,0.0,10.0,18.0,4.0,3.0,1.0,3.0,5.0,0.0,0.0,0.0,0.0,0.0,0.0,False,False,True,False,False,False,False,False,True,False,False,False,False,45.0,53.0,7.0,2.0
7848.0,1974.0,49166.0,0.0,1.0,17.0,0.0,224.0,2.0,25.0,7.0,0.0,110.0,2.0,5.0,3.0,3.0,6.0,0.0,0.0,0.0,0.0,0.0,0.0,False,False,True,False,False,False,False,False,False,True,False,False,False,51.0,368.0,11.0,1.0
9477.0,1954.0,65324.0,0.0,1.0,0.0,0.0,384.0,0.0,102.0,21.0,32.0,5.0,3.0,6.0,2.0,9.0,4.0,0.0,0.0,0.0,0.0,0.0,0.0,False,False,True,False,False,False,False,False,True,False,False,False,False,71.0,544.0,17.0,1.0
4856.0,1957.0,82347.0,0.0,0.0,38.0,0.0,556.0,54.0,556.0,120.5,81.0,63.0,1.0,7.0,7.0,10.0,3.0,1.0,0.0,1.0,0.0,0.0,0.0,True,False,False,False,False,False,False,False,True,False,False,False,False,68.0,1853.0,24.0,0.0
7186.0,1966.0,30843.0,1.0,1.0,43.0,0.0,24.0,0.0,2.0,0.0,0.0,9.0,2.0,1.0,1.0,2.0,5.0,0.0,0.0,1.0,0.0,0.0,0.0,False,False,False,False,True,False,False,False,False,False,True,False,False,59.0,35.0,4.0,2.0
5794.0,1974.0,46374.0,0.0,1.0,1.0,0.0,408.0,0.0,21.0,0.0,0.0,17.0,3.0,7.0,1.0,7.0,8.0,1.0,0.0,0.0,1.0,0.0,1.0,False,False,False,False,True,False,False,False,True,False,False,False,False,51.0,446.0,15.0,1.0
1456.0,1979.0,60474.0,0.0,1.0,25.0,0.0,265.0,81.0,303.0,120.5,9.0,126.5,6.0,10.0,2.0,12.0,7.0,0.0,0.0,0.0,0.0,0.0,0.0,False,False,True,False,False,False,False,False,False,True,False,False,False,46.0,1180.0,24.0,1.0
4877.0,1973.0,38576.0,0.0,1.0,2.0,0.0,34.0,0.0,7.0,0.0,0.0,0.0,1.0,1.0,0.0,3.0,7.0,0.0,0.0,0.0,0.0,0.0,0.0,False,False,False,True,False,False,False,False,True,False,False,False,False,52.0,41.0,4.0,1.0
425.0,1985.0,55357.0,2.0,0.0,66.0,0.0,374.0,64.0,116.0,84.0,25.0,64.0,3.0,6.0,2.0,11.0,5.0,0.0,0.0,0.0,0.0,0.0,0.0,False,False,True,False,False,False,False,False,True,False,False,False,False,40.0,727.0,19.0,2.0
3007.0,1966.0,31913.47665283736,1.0,1.0,49.0,0.0,27.0,2.0,10.0,0.0,0.0,1.0,2.0,1.0,0.0,3.0,8.0,0.0,0.0,0.0,0.0,0.0,0.0,False,False,True,False,False,False,False,False,False,False,True,False,False,59.0,40.0,4.0,2.0
1031.0,1989.0,85710.0,0.0,0.0,5.0,0.0,600.0,20.0,350.0,29.0,30.0,33.0,1.0,6.0,9.0,10.0,2.0,0.0,0.0,0.0,0.0,1.0,0.0,True,False,False,False,False,False,False,False,True,False,False,False,False,36.0,1062.0,25.0,0.0
4297.0,1969.0,23228.0,1.0,0.0,71.0,0.0,13.0,2.0,18.0,6.0,1.0,0.0,2.0,2.0,0.0,3.0,8.0,0.0,0.0,0.0,0.0,0.0,0.0,False,False,True,False,False,False,False,False,False,False,True,False,False,56.0,40.0,5.0,1.0
807.0,1969.0,44602.0,1.0,1.0,35.0,0.0,167.0,2.0,89.0,0.0,0.0,34.0,6.0,6.0,1.0,4.0,8.0,0.0,0.0,0.0,0.0,0.0,0.0,False,False,False,True,False,False,False,False,False,False,True,False,False,56.0,292.0,11.0,2.0
9553.0,1987.0,7500.0,0.0,0.0,94.0,0.0,0.0,2.0,3.0,4.0,1.0,5.0,1.0,0.0,0.0,3.0,6.0,0.0,0.0,0.0,0.0,0.0,0.0,False,False,True,False,False,False,False,False,True,False,False,False,False,38.0,15.0,3.0,0.0
4271.0,1989.0,38683.0,1.0,0.0,80.0,0.0,46.0,35.0,69.0,84.0,41.0,66.0,6.0,4.0,1.0,6.0,7.0,0.0,0.0,0.0,0.0,0.0,0.0,True,False,False,False,False,False,False,False,False,False,True,False,False,36.0,341.0,11.0,1.0
4120.0,1975.0,49514.0,1.0,0.0,61.0,0.0,88.0,39.0,78.0,58.0,13.0,93.0,2.0,6.0,1.0,4.0,7.0,0.0,0.0,0.0,0.0,0.0,0.0,True,False,False,False,False,False,False,False,False,True,False,False,False,50.0,369.0,11.0,1.0
2036.0,1973.0,57906.0,0.0,1.0,29.0,0.0,243.0,11.0,119.0,10.0,3.0,15.0,3.0,4.0,2.0,8.0,4.0,0.0,0.0,0.0,0.0,0.0,0.0,False,False,False,False,True,False,False,False,False,False,True,False,False,52.0,401.0,14.0,1.0
115.0,1966.0,43456.0,0.0,1.0,0.0,0.0,275.0,11.0,68.0,25.0,7.0,7.0,3.0,5.0,1.0,8.0,5.0,0.0,0.0,0.0,0.0,0.0,0.0,False,False,False,True,False,False,False,False,False,True,False,False,False,59.0,393.0,14.0,1.0
4259.0,1986.0,19485.0,2.0,0.0,80.0,0.0,6.0,0.0,4.0,0.0,0.0,0.0,1.0,1.0,0.0,2.0,7.0,0.0,0.0,0.0,0.0,0.0,0.0,False,False,False,True,False,False,False,False,False,True,False,False,False,39.0,10.0,3.0,2.0
8687.0,1978.0,53172.0,0.0,1.0,54.0,0.0,121.0,62.0,90.0,68.0,20.0,125.0,3.0,2.0,3.0,8.0,3.0,0.0,0.0,0.0,0.0,0.0,0.0,False,False,True,False,False,False,False,False,False,False,True,False,False,47.0,486.0,13.0,1.0
2447.0,1979.0,30545.0,1.0,0.0,71.0,0.0,4.0,12.0,15.0,19.0,7.0,12.0,2.0,2.0,0.0,3.0,7.0,0.0,0.0,0.0,0.0,0.0,0.0,False,False,True,False,False,False,False,False,False,False,True,False,False,46.0,69.0,5.0,1.0
10140.0,1983.0,70123.0,0.0,0.0,27.0,0.0,1225.0,0.0,396.0,23.0,0.0,0.0,1.0,5.0,7.0,4.0,3.0,0.0,1.0,0.0,1.0,0.0,0.0,False,False,False,False,True,False,False,False,False,False,True,False,False,42.0,1727.0,16.0,0.0
9353.0,1959.0,62450.0,0.0,1.0,61.0,0.0,515.0,47.0,267.0,62.0,66.0,38.0,2.0,5.0,5.0,4.0,3.0,0.0,0.0,0.0,1.0,0.0,0.0,False,False,True,False,False,False,False,False,False,True,False,False,False,66.0,995.0,14.0,1.0
3623.0,1976.0,21675.0,1.0,0.0,55.0,0.0,4.0,0.0,16.0,17.0,4.0,4.0,3.0,4.0,0.0,3.0,7.0,0.0,0.0,0.0,0.0,0.0,0.0,False,False,True,False,False,False,False,False,False,False,True,False,False,49.0,45.0,7.0,1.0
738.0,1981.0,42395.0,1.0,1.0,35.0,0.0,48.0,13.0,57.0,24.0,15.0,25.0,4.0,3.0,1.0,4.0,7.0,0.0,0.0,0.0,0.0,0.0,0.0,True,False,False,False,False,False,False,False,False,True,False,False,False,44.0,182.0,8.0,2.0
7631.0,1978.0,61346.0,1.0,0.0,34.0,0.0,562.0,58.0,168.0,43.0,16.0,126.5,1.0,5.0,7.0,10.0,3.0,0.0,0.0,0.0,0.0,0.0,0.0,False,False,False,True,False,False,False,False,False,False,True,False,False,47.0,989.0,22.0,1.0
4789.0,1953.0,80812.0,0.0,0.0,95.0,0.0,769.0,22.0,500.0,120.5,81.0,33.0,1.0,4.0,8.0,5.0,2.0,1.0,0.0,1.0,0.0,1.0,0.0,False,False,True,False,False,False,False,False,False,False,True,False,False,72.0,1677.0,17.0,0.0
773.0,1971.0,42835.0,1.0,1.0,64.0,0.0,379.0,4.0,93.0,12.0,9.0,98.0,6.0,6.0,6.0,4.0,6.0,0.0,0.0,0.0,0.0,0.0,0.0,False,False,False,True,False,False,False,True,False,False,False,False,False,54.0,595.0,16.0,2.0
10602.0,1983.0,39922.0,1.0,0.0,30.0,0.0,29.0,12.0,59.0,19.0,1.0,36.0,2.0,3.0,0.0,4.0,8.0,0.0,0.0,0.0,0.0,0.0,0.0,False,False,True,False,False,False,False,False,True,False,False,False,False,42.0,156.0,7.0,1.0
1446.0,1956.0,86424.0,0.0,0.0,12.0,0.0,387.0,68.0,556.0,89.0,45.0,68.0,1.0,6.0,9.0,12.0,1.0,0.0,0.0,0.0,0.0,0.0,0.0,False,False,False,True,False,False,False,False,False,True,False,False,False,69.0,1226.0,27.0,0.0
3270.0,1978.0,17117.0,1.0,0.0,96.0,0.0,12.0,23.0,38.0,30.0,18.0,7.0,4.0,3.0,1.0,3.0,9.0,0.0,0.0,0.0,0.0,0.0,0.0,True,False,False,False,False,False,False,False,False,False,True,False,False,47.0,128.0,7.0,1.0
8443.0,1972.0,24762.0,1.0,0.0,16.0,0.0,6.0,10.0,12.0,3.0,15.0,40.0,3.0,3.0,1.0,2.0,8.0,0.0,0.0,1.0,0.0,0.0,1.0,False,False,True,False,False,False,False,False,False,True,False,False,False,53.0,86.0,6.0,1.0
9653.0,1975.0,35797.0,0.0,1.0,16.0,0.0,27.0,1.0,14.0,4.0,1.0,21.0,2.0,2.0,0.0,3.0,8.0,0.0,0.0,0.0,0.0,0.0,0.0,False,False,True,False,False,False,False,False,True,False,False,False,False,50.0,68.0,5.0,1.0
8916.0,1975.0,36627.0,2.0,0.0,78.0,0.0,9.0,1.0,5.0,0.0,0.0,1.0,1.0,0.0,0.0,3.0,5.0,0.0,0.0,0.0,0.0,0.0,0.0,False,False,True,False,False,False,False,True,False,False,False,False,False,50.0,16.0,3.0,2.0
8017.0,1981.0,51111.0,1.0,1.0,83.0,0.0,22.0,0.0,19.0,6.0,5.0,3.0,2.0,2.0,0.0,3.0,6.0,0.0,0.0,0.0,0.0,0.0,0.0,True,False,False,False,False,False,False,False,True,False,False,False,False,44.0,55.0,5.0,2.0
5830.0,1972.0,89202.25044879138,0.0,0.0,96.0,0.0,899.0,81.0,556.0,120.5,81.0,40.0,1.0,5.0,6.0,10.0,2.0,0.0,0.0,0.0,0.0,0.0,1.0,False,False,False,False,True,False,False,False,False,True,False,False,False,53.0,2114.0,21.0,0.0
4597.0,1970.0,82072.0,0.0,0.0,67.0,0.0,889.0,55.0,556.0,120.5,81.0,126.5,1.0,3.0,2.0,13.0,1.0,0.0,0.0,0.0,0.0,0.0,0.0,False,False,False,False,True,False,False,False,False,False,True,False,False,55.0,2018.0,18.0,0.0
7023.0,1953.0,46231.0,2.0,1.0,87.0,0.0,189.0,2.0,55.0,0.0,5.0,12.0,4.0,6.0,1.0,4.0,9.0,0.0,0.0,0.0,0.0,0.0,0.0,False,False,False,False,True,False,False,False,False,True,False,False,False,72.0,263.0,11.0,2.5
8086.0,1959.0,42243.0,1.0,1.0,34.0,0.0,48.0,0.0,2.0,0.0,0.0,5.0,2.0,2.0,0.0,3.0,7.0,0.0,0.0,0.0,0.0,0.0,0.0,False,False,True,False,False,False,False,False,True,False,False,False,False,66.0,55.0,5.0,2.0
8825.0,1962.0,51195.0,1.0,1.0,46.0,0.0,230.0,14.0,156.0,82.0,24.0,58.0,6.0,9.0,2.0,5.0,8.0,0.0,0.0,0.0,0.0,0.0,0.0,False,False,True,False,False,False,False,False,False,False,True,False,False,63.0,564.0,16.0,2.0
2930.0,1978.0,68092.0,0.0,0.0,7.0,0.0,852.0,60.0,207.0,78.0,36.0,48.0,2.0,2.0,6.0,10.0,5.0,0.0,0.0,0.0,0.0,0.0,0.0,False,False,False,True,False,False,False,False,False,True,False,False,False,47.0,1281.0,18.0,0.0
1928.0,1973.0,31814.0,1.0,0.0,73.0,0.0,35.0,3.0,20.0,4.0,1.0,20.0,2.0,2.0,0.0,3.0,9.0,0.0,0.0,1.0,0.0,0.0,0.0,False,False,True,False,False,False,False,False,True,False,False,False,False,52.0,83.0,5.0,1.0
7108.0,1965.0,51390.0,1.0,1.0,54.0,0.0,205.0,20.0,47.0,23.0,2.0,56.0,6.0,5.0,2.0,5.0,5.0,0.0,0.0,0.0,0.0,0.0,0.0,False,False,False,True,False,False,False,False,False,False,False,True,False,60.0,353.0,12.0,2.0
10925.0,1983.0,76630.0,0.0,0.0,93.0,0.0,255.0,31.0,446.0,40.0,56.0,126.5,1.0,3.0,10.0,11.0,1.0,0.0,0.0,0.0,0.0,0.0,0.0,False,False,True,False,False,False,False,False,True,False,False,False,False,42.0,1003.0,24.0,0.0
9960.0,1991.0,26868.0,1.0,0.0,52.0,0.0,0.0,0.0,1.0,8.0,3.0,2.0,1.0,1.0,0.0,2.0,7.0,0.0,0.0,0.0,0.0,0.0,0.0,False,True,False,False,False,False,False,False,False,True,False,False,False,34.0,14.0,3.0,1.0
8800.0,1943.0,48948.0,0.0,0.0,53.0,0.0,437.0,8.0,206.0,120.5,49.0,42.0,2.0,7.0,10.0,5.0,6.0,0.0,0.0,1.0,0.0,0.0,1.0,False,False,False,False,True,False,False,True,False,False,False,False,False,82.0,902.0,22.0,0.0
9224.0,1972.0,55260.0,0.0,1.0,81.0,0.0,825.0,8.0,53.0,11.0,0.0,126.5,2.0,8.0,10.0,5.0,6.0,0.0,0.0,0.0,0.0,0.0,0.0,False,False,False,False,True,False,False,False,False,True,False,False,False,53.0,1139.0,23.0,1.0
5519.0,1956.0,64090.0,0.0,1.0,8.0,0.0,316.0,58.0,161.0,76.0,51.0,126.5,1.0,6.0,9.0,4.0,5.0,0.0,0.0,0.0,0.0,0.0,1.0,False,False,True,False,False,False,False,False,False,False,True,False,False,69.0,797.0,19.0,1.0
5046.0,1958.0,78331.0,0.0,1.0,97.0,0.0,756.0,81.0,354.0,120.5,81.0,61.0,2.0,10.0,6.0,7.0,4.0,0.0,0.0,0.0,0.0,0.0,0.0,False,False,True,False,False,False,False,True,False,False,False,False,False,67.0,1638.0,23.0,1.0
7037.0,1974.0,37087.0,1.0,0.0,50.0,0.0,194.0,55.0,134.0,15.0,0.0,3.0,3.0,4.0,2.0,8.0,6.0,0.0,0.0,0.0,0.0,0.0,0.0,False,False,False,False,True,False,False,False,True,False,False,False,False,51.0,401.0,14.0,1.0
905.0,1986.0,21846.0,1.0,0.0,38.0,0.0,7.0,17.0,18.0,6.0,10.0,26.0,4.0,4.0,0.0,3.0,8.0,0.0,0.0,0.0,0.0,0.0,0.0,False,False,True,False,False,False,False,True,False,False,False,False,False,39.0,84.0,7.0,1.0
8624.0,1958.0,81320.0,0.0,0.0,61.0,0.0,183.0,33.0,493.0,59.0,81.0,57.0,1.0,4.0,3.0,10.0,2.0,0.0,0.0,0.0,0.0,0.0,0.0,False,False,True,False,False,False,False,False,True,False,False,False,False,67.0,928.0,17.0,0.0
8945.0,1970.0,54137.0,0.0,0.7130936559405434,46.0,0.0,171.0,0.0,11.0,0.0,1.0,20.0,2.0,4.0,1.0,4.0,6.0,0.0,0.0,0.0,0.0,0.0,0.0,False,False,True,False,False,False,False,True,False,False,False,False,False,55.0,203.0,9.0,0.7130936559405434
6445.0,1967.0,66825.0,0.0,0.0,73.0,0.0,243.0,81.0,405.0,29.0,40.0,40.0,1.0,4.0,5.0,6.0,2.0,0.0,0.0,0.0,0.0,0.0,0.0,False,False,True,False,False,False,False,False,False,False,True,False,False,58.0,858.0,15.0,0.0
2727.0,1973.0,57100.0,0.0,0.0,19.0,0.0,181.0,21.0,69.0,39.0,3.0,96.0,1.0,3.0,3.0,6.0,3.0,0.0,0.0,0.0,0.0,0.0,0.0,False,False,True,False,False,False,False,False,False,False,True,False,False,52.0,409.0,12.0,0.0
6404.0,1969.0,58917.0,1.0,2.0,10.0,0.0,151.0,7.0,89.0,0.0,7.0,28.0,5.0,4.0,1.0,6.0,5.0,0.0,0.0,0.0,0.0,0.0,0.0,False,False,True,False,False,False,False,False,False,False,True,False,False,56.0,282.0,11.0,2.5
11074.0,1977.0,85072.0,0.0,0.0,94.0,0.0,494.0,81.0,391.0,120.5,11.0,126.5,1.0,3.0,4.0,10.0,0.0,0.0,0.0,0.0,0.0,0.0,0.0,False,False,True,False,False,False,False,False,False,True,False,False,False,48.0,1423.0,17.0,0.0
10150.0,1961.0,86429.0,0.0,0.0,10.0,0.0,464.0,28.0,556.0,29.0,18.0,37.0,0.0,7.0,4.0,7.0,2.0,1.0,0.0,0.0,0.0,0.0,1.0,False,False,True,False,False,False,False,False,False,True,False,False,False,64.0,1449.0,18.0,0.0
1968.0,1971.0,45684.0,1.0,0.0,37.0,0.0,5.0,1.0,5.0,10.0,0.0,7.0,1.0,1.0,0.0,2.0,7.0,0.0,0.0,0.0,0.0,0.0,0.0,False,False,True,False,False,False,False,False,False,False,False,True,False,54.0,28.0,3.0,1.0
6534.0,1974.0,47889.0,1.0,0.0,94.0,0.0,29.0,0.0,29.0,0.0,5.0,4.0,1.0,2.0,0.0,3.0,5.0,0.0,0.0,0.0,0.0,0.0,0.0,False,False,True,False,False,False,False,False,False,False,True,False,False,51.0,67.0,5.0,1.0
9485.0,1986.0,45921.0,0.0,0.0,23.0,0.0,102.0,9.0,49.0,24.0,3.0,12.0,1.0,2.0,1.0,6.0,4.0,0.0,0.0,0.0,0.0,0.0,0.0,False,False,False,False,True,False,False,False,True,False,False,False,False,39.0,199.0,9.0,0.0
7053.0,1966.0,78420.0,0.0,0.0,75.0,0.0,604.0,28.0,556.0,91.0,28.0,28.0,1.0,3.0,10.0,8.0,1.0,0.0,0.0,0.0,0.0,0.0,0.0,False,False,False,False,True,False,False,False,False,True,False,False,False,59.0,1453.0,21.0,0.0
4654.0,1992.0,75114.0,0.0,0.0,40.0,0.0,571.0,12.0,523.0,63.0,60.0,24.0,1.0,3.0,10.0,5.0,2.0,0.0,0.0,0.0,0.0,0.0,0.0,False,False,True,False,False,False,False,False,False,False,True,False,False,33.0,1253.0,18.0,0.0
9760.0,1963.0,52278.0,0.0,1.0,24.0,0.0,953.0,0.0,71.0,0.0,0.0,126.5,6.0,10.0,5.0,10.0,8.0,0.0,0.0,0.0,0.0,0.0,1.0,False,False,False,False,True,False,False,False,False,False,False,True,False,62.0,1198.0,25.0,1.0
1048.0,1972.0,35641.0,1.0,0.0,11.0,0.0,63.0,3.0,67.0,8.0,9.0,28.0,2.0,3.0,1.0,4.0,7.0,0.0,0.0,0.0,0.0,0.0,1.0,False,False,False,True,False,False,False,False,True,False,False,False,False,53.0,178.0,8.0,1.0
10619.0,1994.0,95529.0,0.0,0.0,29.0,0.0,770.0,29.0,556.0,120.5,27.0,24.0,1.0,7.0,3.0,7.0,3.0,0.0,0.0,0.0,0.0,1.0,1.0,False,False,True,False,False,False,False,False,False,True,False,False,False,31.0,1990.0,17.0,0.0
9308.0,1954.0,62820.0,0.0,0.0,51.0,0.0,398.0,61.0,265.0,120.5,61.0,53.0,1.0,3.0,4.0,6.0,1.0,0.0,0.0,0.0,0.0,0.0,0.0,False,False,True,False,False,False,False,False,True,False,False,False,False,71.0,976.0,13.0,0.0
10505.0,1960.0,73113.0,0.0,0.0,86.0,0.0,741.0,19.0,154.0,50.0,9.0,28.0,1.0,3.0,4.0,7.0,2.0,0.0,0.0,0.0,0.0,0.0,0.0,False,False,False,True,False,False,False,False,False,False,True,False,False,65.0,1001.0,14.0,0.0
8362.0,1982.0,84169.0,0.0,0.0,9.0,0.0,1225.0,19.0,403.0,0.0,19.0,0.0,1.0,7.0,6.0,6.0,3.0,0.0,0.0,0.0,1.0,1.0,1.0,False,False,False,False,True,False,False,False,True,False,False,False,False,43.0,1919.0,19.0,0.0
2625.0,1954.0,42607.0,0.0,1.0,30.0,0.0,156.0,29.0,56.0,30.0,32.0,47.0,2.0,3.0,2.0,7.0,3.0,0.0,0.0,0.0,0.0,0.0,0.0,True,False,False,False,False,False,False,False,False,True,False,False,False,71.0,350.0,12.0,1.0
4637.0,1954.0,74637.0,0.0,0.0,73.0,0.0,960.0,64.0,464.0,120.5,0.0,16.0,1.0,6.0,9.0,9.0,3.0,1.0,0.0,0.0,0.0,0.0,0.0,False,False,False,False,True,False,False,False,False,True,False,False,False,71.0,1650.0,24.0,0.0
9972.0,1955.0,46015.0,1.0,1.0,25.0,0.0,38.0,0.0,2.0,0.0,0.0,6.0,1.0,1.0,0.0,3.0,7.0,0.0,1.0,1.0,0.0,0.0,0.0,False,False,False,False,True,False,False,False,False,False,True,False,False,70.0,46.0,4.0,2.0
4483.0,1993.0,72354.0,0.0,0.0,67.0,0.0,315.0,26.0,473.0,120.5,12.0,126.5,1.0,2.0,10.0,6.0,1.0,0.0,0.0,0.0,0.0,0.0,0.0,False,False,True,False,False,False,False,False,False,True,False,False,False,32.0,1228.0,18.0,0.0
4487.0,1969.0,35775.65315618251,1.0,0.0,67.0,0.0,15.0,20.0,25.0,2.0,7.0,26.0,1.0,2.0,0.0,4.0,6.0,0.0,0.0,0.0,0.0,0.0,1.0,False,False,False,True,False,False,False,False,False,True,False,False,False,56.0,95.0,6.0,1.0
4988.0,1948.0,34469.0,1.0,0.847796323779832,58.0,0.0,19.0,6.0,20.0,0.0,5.0,12.0,3.0,1.0,1.0,4.0,4.0,0.0,0.0,0.0,0.0,0.0,0.0,False,False,False,False,True,False,False,False,True,False,False,False,False,77.0,62.0,6.0,1.847796323779832
8931.0,1986.0,83033.0,1.0,0.0,82.0,0.0,812.0,81.0,431.0,120.5,81.0,33.0,1.0,11.0,4.0,10.0,5.0,1.0,0.0,0.0,0.0,0.0,0.0,False,False,True,False,False,False,False,False,False,False,True,False,False,39.0,1761.0,25.0,1.0
5871.0,1979.0,24401.0,0.0,0.0,98.0,0.0,73.0,28.0,217.0,10.0,24.0,115.0,3.0,6.0,1.0,6.0,8.0,0.0,0.0,0.0,0.0,0.0,0.0,False,False,False,True,False,False,False,False,False,False,True,False,False,46.0,467.0,13.0,0.0
2008.0,1978.0,77583.0,0.0,0.0,93.0,0.0,372.0,23.0,384.0,120.5,12.0,108.0,1.0,4.0,5.0,9.0,2.0,1.0,0.0,0.0,0.0,0.0,0.0,False,False,True,False,False,False,False,False,True,False,False,False,False,47.0,1149.0,18.0,0.0
3139.0,1982.0,74116.0,0.0,0.0,53.0,0.0,871.0,81.0,556.0,120.5,55.0,126.5,1.0,4.0,4.0,10.0,2.0,0.0,0.0,0.0,1.0,0.0,0.0,True,False,False,False,False,False,False,False,False,True,False,False,False,43.0,2052.0,18.0,0.0
10037.0,1993.0,74293.0,0.0,0.0,66.0,0.0,375.0,81.0,335.0,93.0,81.0,81.0,1.0,5.0,4.0,6.0,2.0,0.0,0.0,0.0,0.0,0.0,0.0,False,False,True,False,False,False,False,False,False,True,False,False,False,32.0,1127.0,15.0,0.0
10673.0,1976.0,68397.0,0.0,1.0,6.0,0.0,760.0,80.0,466.0,17.0,13.0,80.0,1.0,6.0,9.0,5.0,3.0,0.0,0.0,0.0,0.0,0.0,0.0,False,False,False,False,True,False,False,False,True,False,False,False,False,49.0,1416.0,20.0,1.0
5303.0,1974.0,79632.0,0.0,0.0,42.0,0.0,471.0,0.0,510.0,99.0,21.0,12.0,1.0,6.0,4.0,9.0,2.0,0.0,0.0,0.0,0.0,0.0,0.0,False,False,False,False,True,False,False,False,False,False,True,False,False,51.0,1113.0,19.0,0.0
538.0,1989.0,46107.0,1.0,0.0,78.0,0.0,31.0,9.0,27.0,16.0,9.0,33.0,1.0,1.0,1.0,4.0,3.0,0.0,0.0,0.0,0.0,0.0,0.0,False,False,True,False,False,False,False,False,False,True,False,False,False,36.0,125.0,6.0,1.0
7922.0,1951.0,64950.0,0.0,1.0,29.0,0.0,819.0,0.0,72.0,12.0,0.0,63.0,2.0,11.0,2.0,10.0,7.0,0.0,0.0,0.0,1.0,0.0,0.0,False,False,False,False,True,False,False,False,False,True,False,False,False,74.0,966.0,23.0,1.0
5692.0,1989.0,26265.33297381617,1.0,0.0,82.0,0.0,1.0,4.0,3.0,8.0,9.0,7.0,1.0,1.0,0.0,3.0,8.0,0.0,0.0,0.0,0.0,0.0,0.0,False,True,False,False,False,False,False,False,True,False,False,False,False,36.0,32.0,4.0,1.0
4843.0,1952.0,75127.0,0.0,0.0,92.0,0.0,203.0,35.0,305.0,46.0,17.0,126.5,1.0,2.0,10.0,5.0,1.0,0.0,0.0,0.0,0.0,0.0,0.0,False,False,True,False,False,False,False,False,False,True,False,False,False,73.0,833.0,18.0,0.0
6383.0,1971.0,32892.0,1.0,0.0,78.0,0.0,26.0,0.0,15.0,2.0,1.0,2.0,2.0,3.0,0.0,3.0,8.0,0.0,0.0,0.0,0.0,0.0,0.0,False,False,False,False,True,False,False,False,False,False,True,False,False,54.0,46.0,6.0,1.0
1628.0,1971.0,71796.0,0.0,0.33562349295852556,54.0,0.0,354.0,21.0,311.0,120.5,75.0,32.0,1.0,9.0,3.0,4.0,4.0,0.0,0.0,0.0,0.0,0.0,0.0,False,False,True,False,False,False,False,False,False,False,True,False,False,54.0,960.0,16.0,0.33562349295852556
1204.0,1970.0,67536.0,0.0,1.0,45.0,0.0,1225.0,0.0,447.0,23.0,71.0,35.0,3.0,11.0,5.0,11.0,8.0,1.0,0.0,0.0,0.0,0.0,0.0,False,False,False,False,True,False,False,False,True,False,False,False,False,55.0,1829.0,27.0,1.0
3673.0,1971.0,55239.0,0.0,1.0,59.0,0.0,371.0,17.0,238.0,23.0,24.0,106.0,3.0,7.0,5.0,11.0,5.0,0.0,0.0,0.0,0.0,0.0,0.0,False,False,True,False,False,False,False,False,False,True,False,False,False,54.0,779.0,23.0,1.0
760.0,1975.0,60554.0,1.0,0.0,8.0,0.0,588.0,7.0,76.0,110.0,15.0,15.0,2.0,8.0,4.0,9.0,6.0,0.0,0.0,0.0,0.0,0.0,0.0,False,False,False,False,True,False,False,True,False,False,False,False,False,50.0,811.0,21.0,1.0
8957.0,1952.0,64831.0,1.0,1.0,51.0,0.0,480.0,81.0,249.0,75.0,81.0,126.5,6.0,6.0,3.0,5.0,6.0,0.0,0.0,0.0,0.0,0.0,0.0,True,False,False,False,False,False,False,False,False,True,False,False,False,73.0,1120.0,14.0,2.0
4128.0,1962.0,56067.0,0.0,1.0,51.0,0.0,517.0,12.0,54.0,16.0,6.0,120.0,2.0,7.0,4.0,7.0,5.0,0.0,0.0,0.0,0.0,0.0,0.0,False,False,False,False,True,False,False,False,False,False,True,False,False,63.0,725.0,18.0,1.0
6810.0,1983.0,82025.0,0.0,0.0,76.0,0.0,267.0,81.0,556.0,48.0,70.0,98.0,1.0,3.0,2.0,6.0,1.0,0.0,0.0,0.0,0.0,1.0,1.0,False,False,True,False,False,False,False,True,False,False,False,False,False,42.0,1187.0,11.0,0.0
5386.0,1953.0,94384.0,0.0,0.0,62.0,0.0,1111.0,24.0,556.0,120.5,45.0,126.5,0.0,5.0,8.0,5.0,2.0,1.0,0.0,0.0,1.0,1.0,1.0,False,False,True,False,False,False,False,False,False,False,True,False,False,72.0,2302.0,18.0,0.0
8700.0,1986.0,14906.0,0.0,0.0,86.0,0.0,7.0,7.0,14.0,7.0,16.0,15.0,3.0,2.0,1.0,3.0,7.0,0.0,0.0,0.0,0.0,0.0,0.0,False,True,False,False,False,False,False,False,False,True,False,False,False,39.0,66.0,6.0,0.0
3202.0,1987.0,51563.0,0.0,0.0,60.0,0.0,1166.0,0.0,48.0,0.0,0.0,36.0,1.0,4.0,4.0,10.0,8.0,0.0,0.0,0.0,1.0,1.0,0.0,False,False,False,False,True,False,False,False,True,False,False,False,False,38.0,1250.0,18.0,0.0
1328.0,1982.0,57937.0,0.0,1.0,56.0,0.0,261.0,42.0,144.0,55.0,48.0,126.5,3.0,4.0,4.0,9.0,3.0,0.0,0.0,0.0,0.0,0.0,0.0,True,False,False,False,False,False,False,False,True,False,False,False,False,43.0,683.0,17.0,1.0
8405.0,1979.0,68274.0,1.0,1.0,83.0,0.0,135.0,25.0,51.0,23.0,25.0,46.0,2.0,4.0,2.0,5.0,3.0,0.0,0.0,0.0,0.0,0.0,0.0,False,False,True,False,False,False,False,True,False,False,False,False,False,46.0,305.0,11.0,2.0
6515.0,1977.0,39771.0,1.0,0.0,92.0,0.0,6.0,2.0,18.0,2.0,8.0,14.0,1.0,2.0,0.0,3.0,4.0,0.0,0.0,0.0,0.0,0.0,0.0,False,False,True,False,False,False,False,False,False,False,True,False,False,48.0,50.0,5.0,1.0
2882.0,1975.0,67893.0,0.0,1.0,31.0,0.0,711.0,28.0,142.0,49.0,18.0,47.0,2.0,3.0,2.0,9.0,8.0,0.0,0.0,0.0,0.0,0.0,0.0,True,False,False,False,False,False,False,True,False,False,False,False,False,50.0,995.0,14.0,1.0
7574.0,1979.0,27922.0,1.0,0.0,80.0,0.0,11.0,0.0,13.0,2.0,4.0,11.0,1.0,2.0,0.0,3.0,4.0,0.0,0.0,0.0,0.0,0.0,0.0,False,False,False,False,True,False,False,False,False,False,True,False,False,46.0,41.0,5.0,1.0
6387.0,1976.0,52190.0,1.0,1.0,39.0,0.0,42.0,0.0,17.0,0.0,0.0,18.0,3.0,2.0,1.0,3.0,5.0,0.0,0.0,1.0,0.0,0.0,0.0,False,False,False,False,True,False,False,False,False,False,True,False,False,49.0,77.0,6.0,2.0
5320.0,1973.0,44051.0,1.0,1.0,20.0,0.0,79.0,7.0,58.0,6.0,3.0,18.0,4.0,3.0,1.0,4.0,6.0,0.0,0.0,0.0,0.0,0.0,1.0,False,False,False,True,False,False,False,True,False,False,False,False,False,52.0,171.0,8.0,2.0
5048.0,1971.0,42767.0,2.0,0.0,53.0,0.0,20.0,6.0,43.0,19.0,5.0,38.0,1.0,3.0,1.0,2.0,8.0,0.0,0.0,0.0,0.0,0.0,0.0,False,False,False,False,True,False,False,False,False,True,False,False,False,54.0,131.0,6.0,2.0
8146.0,1976.0,46106.0,1.0,1.0,84.0,0.0,30.0,0.0,8.0,2.0,0.0,14.0,1.0,1.0,1.0,2.0,6.0,0.0,0.0,0.0,0.0,0.0,0.0,False,False,False,True,False,False,False,False,False,False,True,False,False,49.0,54.0,4.0,2.0
10031.0,1976.0,16927.0,1.0,1.0,50.0,0.0,20.0,2.0,23.0,3.0,1.0,4.0,5.0,3.0,0.0,4.0,8.0,0.0,0.0,0.0,0.0,0.0,0.0,False,False,False,False,True,False,False,False,True,False,False,False,False,49.0,53.0,7.0,2.0
5748.0,1965.0,59754.0,0.0,1.0,96.0,0.0,115.0,27.0,44.0,4.0,81.0,126.5,3.0,5.0,2.0,6.0,5.0,0.0,0.0,0.0,0.0,0.0,1.0,False,False,True,False,False,False,False,False,True,False,False,False,False,60.0,475.0,13.0,1.0
2134.0,1952.0,53700.0,0.0,1.0,94.0,0.0,263.0,5.0,233.0,69.0,41.0,83.0,4.0,5.0,5.0,8.0,5.0,0.0,0.0,0.0,0.0,0.0,0.0,False,False,True,False,False,False,False,False,False,True,False,False,False,73.0,694.0,18.0,1.0
1523.0,1973.0,59041.0,1.0,1.0,25.0,0.0,69.0,2.0,15.0,2.0,2.0,6.0,2.0,2.0,0.0,4.0,5.0,0.0,0.0,0.0,0.0,0.0,0.0,False,False,True,False,False,False,False,False,True,False,False,False,False,52.0,96.0,6.0,2.0
9665.0,1957.0,54237.0,0.0,1.0,48.0,0.0,267.0,3.0,30.0,4.0,0.0,57.0,4.0,5.0,2.0,5.0,6.0,0.0,0.0,0.0,0.0,0.0,0.0,False,False,False,False,True,False,False,True,False,False,False,False,False,68.0,361.0,12.0,1.0
4640.0,1967.0,70647.0,0.0,1.0,65.0,0.0,561.0,81.0,171.0,25.0,81.0,114.0,2.0,4.0,7.0,13.0,2.0,0.0,0.0,0.0,0.0,0.0,0.0,False,False,True,False,False,False,False,True,False,False,False,False,False,58.0,1079.0,24.0,1.0
3635.0,1962.0,52597.0,0.0,1.0,69.0,0.0,492.0,0.0,37.0,7.0,0.0,42.0,3.0,6.0,3.0,8.0,5.0,0.0,0.0,0.0,0.0,0.0,0.0,False,False,False,False,True,False,False,False,False,True,False,False,False,63.0,578.0,17.0,1.0
3547.0,1969.0,41021.0,1.0,0.0,12.0,0.0,14.0,7.0,9.0,6.0,16.0,12.0,2.0,2.0,0.0,3.0,6.0,0.0,0.0,0.0,0.0,0.0,1.0,False,False,False,True,False,False,False,False,False,False,True,False,False,56.0,64.0,5.0,1.0
2456.0,1975.0,40233.0,0.0,1.0,84.0,0.0,80.0,4.0,46.0,0.0,17.0,2.0,5.0,2.0,1.0,5.0,6.0,0.0,0.0,0.0,0.0,0.0,0.0,False,False,False,False,True,False,False,False,True,False,False,False,False,50.0,149.0,8.0,1.0
5633.0,1980.0,50183.0,1.0,1.0,47.0,0.0,97.0,12.0,84.0,13.0,10.0,15.0,6.0,3.0,1.0,6.0,5.0,0.0,0.0,0.0,0.0,0.0,0.0,False,False,True,False,False,False,False,False,True,False,False,False,False,45.0,231.0,10.0,2.0
7801.0,1959.0,54753.0,0.0,1.0,87.0,0.0,197.0,81.0,227.0,7.0,59.0,126.5,3.0,5.0,2.0,11.0,4.0,0.0,0.0,0.0,0.0,0.0,0.0,False,False,True,False,False,False,False,False,False,False,True,False,False,66.0,728.0,18.0,1.0
10489.0,1973.0,92955.0,0.0,0.0,35.0,0.0,693.0,21.0,556.0,31.0,24.0,84.0,1.0,6.0,7.0,9.0,2.0,1.0,0.0,0.0,0.0,1.0,1.0,False,False,True,False,False,False,False,False,True,False,False,False,False,52.0,1778.0,22.0,0.0
7011.0,1973.0,33471.0,1.0,0.0,47.0,0.0,43.0,2.0,27.0,0.0,9.0,12.0,3.0,3.0,0.0,4.0,7.0,0.0,0.0,0.0,0.0,0.0,0.0,False,False,True,False,False,False,False,False,True,False,False,False,False,52.0,93.0,7.0,1.0
2620.0,1974.0,34596.0,1.0,0.0,48.0,0.0,14.0,0.0,2.0,0.0,0.0,7.0,1.0,1.0,0.0,2.0,8.0,0.0,0.0,0.0,0.0,0.0,1.0,False,False,False,False,True,False,False,False,True,False,False,False,False,51.0,23.0,3.0,1.0
3933.0,1980.0,44010.0,1.0,0.0,46.0,0.0,186.0,36.0,234.0,86.0,72.0,48.0,6.0,10.0,2.0,6.0,9.0,0.0,0.0,0.0,0.0,0.0,0.0,False,False,True,False,False,False,False,False,False,False,True,False,False,45.0,662.0,18.0,1.0
10981.0,1988.0,84219.0,0.0,0.0,27.0,0.0,434.0,81.0,400.0,45.0,81.0,45.0,1.0,3.0,4.0,10.0,1.0,0.0,0.0,0.0,0.0,0.0,0.0,False,False,True,False,False,False,False,False,True,False,False,False,False,37.0,1198.0,17.0,0.0
1734.0,1968.0,40706.0,2.0,1.0,37.0,0.0,59.0,0.0,11.0,4.0,2.0,5.0,4.0,3.0,0.0,4.0,7.0,0.0,0.0,0.0,0.0,0.0,0.0,False,False,False,False,True,False,False,False,False,False,True,False,False,57.0,81.0,7.0,2.5
10995.0,1988.0,15716.0,1.0,0.0,8.0,1.0,16.0,5.0,30.0,8.0,7.0,26.0,3.0,3.0,0.0,4.0,8.0,0.0,0.0,0.0,0.0,0.0,0.0,True,False,False,False,False,False,False,False,True,False,False,False,False,37.0,92.0,7.0,1.0
6357.0,1959.0,59052.0,0.0,1.0,29.0,0.0,230.0,35.0,75.0,63.0,57.0,31.0,3.0,7.0,1.0,7.0,5.0,0.0,0.0,0.0,0.0,0.0,0.0,True,False,False,False,False,False,False,True,False,False,False,False,False,66.0,491.0,15.0,1.0
9209.0,1971.0,80573.0,0.0,0.0,85.0,0.0,829.0,81.0,430.0,60.0,81.0,15.0,1.0,4.0,6.0,13.0,2.0,0.0,0.0,0.0,0.0,0.0,0.0,False,False,False,True,False,False,False,False,False,False,True,False,False,54.0,1564.0,23.0,0.0
10286.0,1962.0,83715.0,0.0,0.0,2.0,0.0,318.0,8.0,407.0,120.5,35.0,8.0,1.0,2.0,8.0,13.0,0.0,0.0,0.0,0.0,0.0,0.0,0.0,False,False,True,False,False,False,False,False,True,False,False,False,False,63.0,926.0,23.0,0.0
2611.0,1959.0,82576.0,0.0,0.0,66.0,0.0,1206.0,55.0,445.0,120.5,18.0,18.0,1.0,2.0,4.0,12.0,1.0,0.0,0.0,0.0,0.0,1.0,0.0,False,False,False,True,False,False,False,False,False,False,True,False,False,66.0,1910.0,18.0,0.0
1600.0,1965.0,56962.0,2.0,1.0,60.0,0.0,292.0,3.0,77.0,10.0,3.0,26.0,6.0,6.0,3.0,5.0,7.0,0.0,0.0,0.0,0.0,0.0,0.0,False,False,False,True,False,False,False,False,True,False,False,False,False,60.0,411.0,14.0,2.5
3308.0,1952.0,46515.76420921659,1.0,1.0,54.0,0.0,30.0,9.0,12.0,2.0,11.0,30.0,3.0,2.0,0.0,4.0,4.0,0.0,0.0,0.0,0.0,0.0,0.0,False,False,True,False,False,False,False,False,True,False,False,False,False,73.0,94.0,6.0,2.0
5407.0,1954.0,53103.0,0.0,1.0,70.0,0.0,729.0,17.0,133.0,11.0,0.0,126.5,5.0,10.0,6.0,7.0,7.0,0.0,0.0,1.0,0.0,0.0,0.0,False,False,True,False,False,False,False,False,False,False,True,False,False,71.0,1085.0,23.0,1.0
2166.0,1960.0,46779.0,1.0,1.0,55.0,0.0,12.0,1.0,3.0,0.0,0.0,7.0,1.0,0.0,1.0,2.0,4.0,0.0,0.0,0.0,0.0,0.0,0.0,True,False,False,False,False,False,False,False,False,False,False,True,False,65.0,23.0,3.0,2.0
3955.0,1965.0,4861.0,0.0,0.0,20.0,0.0,2.0,1.0,1.0,1.0,0.0,1.0,0.0,0.0,0.0,0.0,13.0,0.0,0.0,0.0,0.0,0.0,0.0,False,False,True,False,False,False,False,True,False,False,False,False,False,60.0,6.0,0.0,0.0
6634.0,1979.0,33462.0,1.0,0.0,78.0,0.0,22.0,3.0,18.0,0.0,0.0,11.0,1.0,2.0,0.0,3.0,7.0,0.0,0.0,0.0,0.0,0.0,0.0,False,False,False,True,False,False,False,True,False,False,False,False,False,46.0,54.0,5.0,1.0
3056.0,1978.0,63693.0,0.0,1.0,63.0,0.0,587.0,43.0,337.0,42.0,81.0,54.0,3.0,11.0,6.0,9.0,6.0,0.0,0.0,0.0,0.0,0.0,0.0,False,False,True,False,False,False,False,True,False,False,False,False,False,47.0,1150.0,26.0,1.0
5718.0,1950.0,80763.0,0.0,0.0,17.0,0.0,674.0,81.0,108.0,120.5,42.0,126.5,1.0,5.0,10.0,6.0,3.0,1.0,0.0,0.0,0.0,1.0,1.0,False,False,True,False,False,False,False,False,True,False,False,False,False,75.0,1415.0,22.0,0.0
6872.0,1974.0,65352.0,0.0,1.0,43.0,0.0,284.0,3.0,84.0,4.0,7.0,23.0,2.0,4.0,2.0,8.0,4.0,0.0,0.0,0.0,0.0,0.0,0.0,False,False,False,False,True,False,False,False,True,False,False,False,False,51.0,405.0,14.0,1.0
8164.0,1978.0,82170.0,0.0,0.0,13.0,0.0,1023.0,81.0,556.0,49.0,55.0,37.0,1.0,5.0,6.0,7.0,2.0,0.0,0.0,0.0,0.0,0.0,0.0,False,False,False,False,True,False,False,False,True,False,False,False,False,47.0,1908.0,18.0,0.0
4580.0,1969.0,75759.0,0.0,0.0,46.0,0.0,1225.0,22.0,556.0,89.0,81.0,126.5,1.0,9.0,7.0,9.0,5.0,1.0,0.0,1.0,0.0,1.0,1.0,False,False,True,False,False,False,False,False,True,False,False,False,False,56.0,2486.0,25.0,0.0
9305.0,1976.0,79689.0,0.0,0.0,65.0,0.0,311.0,26.0,556.0,120.5,37.0,121.0,1.0,4.0,9.0,13.0,2.0,0.0,0.0,0.0,0.0,0.0,0.0,True,False,False,False,False,False,False,False,False,True,False,False,False,49.0,1315.0,26.0,0.0
453.0,1956.0,35340.0,1.0,1.0,1.0,0.0,27.0,0.0,12.0,0.0,1.0,5.0,2.0,2.0,0.0,3.0,5.0,0.0,0.0,0.0,0.0,0.0,0.0,False,False,False,False,True,False,False,False,False,False,False,True,False,69.0,45.0,5.0,2.0
8545.0,1954.0,85683.0,0.0,0.0,6.0,0.0,1225.0,17.0,311.0,45.0,69.0,51.0,1.0,2.0,4.0,10.0,1.0,1.0,1.0,0.0,1.0,1.0,1.0,False,False,True,False,False,False,False,True,False,False,False,False,False,71.0,1789.0,16.0,0.0
9850.0,1972.0,24884.0,1.0,0.0,32.0,0.0,3.0,6.0,7.0,0.0,0.0,3.0,1.0,0.0,0.0,3.0,7.0,0.0,0.0,0.0,0.0,0.0,0.0,True,False,False,False,False,False,False,False,True,False,False,False,False,53.0,19.0,3.0,1.0
7378.0,1981.0,42021.0,1.0,0.0,34.0,0.0,393.0,5.0,136.0,7.0,5.0,27.0,5.0,10.0,1.0,6.0,9.0,0.0,0.0,1.0,0.0,0.0,0.0,False,False,False,True,False,False,False,False,False,False,True,False,False,44.0,573.0,17.0,1.0
7646.0,1989.0,64449.0,1.0,0.0,70.0,0.0,218.0,63.0,282.0,120.5,35.0,70.0,4.0,5.0,3.0,12.0,4.0,0.0,0.0,0.0,0.0,0.0,0.0,False,False,True,False,False,False,False,False,False,True,False,False,False,36.0,805.0,20.0,1.0
1640.0,1954.0,64587.0,1.0,1.0,49.0,0.0,66.0,0.0,16.0,0.0,6.0,20.0,2.0,1.0,1.0,4.0,3.0,0.0,0.0,0.0,0.0,0.0,0.0,False,False,True,False,False,False,False,True,False,False,False,False,False,71.0,108.0,6.0,2.0
5184.0,1995.0,34824.0,0.0,0.0,65.0,0.0,4.0,2.0,11.0,2.0,0.0,4.0,1.0,1.0,0.0,2.0,6.0,0.0,0.0,0.0,0.0,0.0,0.0,False,False,True,False,False,False,False,False,False,True,False,False,False,30.0,23.0,3.0,0.0
8492.0,1978.0,75437.0,0.0,0.0,25.0,0.0,795.0,0.0,545.0,95.0,58.0,0.0,1.0,8.0,4.0,10.0,6.0,1.0,0.0,0.0,0.0,0.0,0.0,False,False,True,False,False,False,False,False,False,False,True,False,False,47.0,1493.0,22.0,0.0
11188.0,1957.0,26091.0,1.0,1.0,84.0,0.0,15.0,10.0,19.0,8.0,17.0,20.0,3.0,2.0,1.0,3.0,5.0,0.0,0.0,0.0,0.0,0.0,0.0,False,False,True,False,False,False,False,False,False,False,True,False,False,68.0,89.0,6.0,2.0
1212.0,1973.0,52845.0,1.0,0.0,7.0,0.0,384.0,25.0,292.0,120.5,41.0,64.0,3.0,8.0,8.0,6.0,6.0,0.0,0.0,1.0,0.0,0.0,0.0,False,False,True,False,False,False,False,False,True,False,False,False,False,52.0,936.0,22.0,1.0
9097.0,1956.0,46086.0,0.0,1.0,34.0,0.0,244.0,8.0,32.0,7.0,2.0,50.0,4.0,3.0,1.0,8.0,4.0,0.0,0.0,0.0,0.0,0.0,0.0,False,False,True,False,False,False,False,True,False,False,False,False,False,69.0,343.0,12.0,1.0
10473.0,1956.0,78028.0,0.0,1.0,38.0,0.0,158.0,19.0,288.0,25.0,0.0,38.0,1.0,6.0,4.0,9.0,7.0,0.0,0.0,0.0,1.0,1.0,1.0,False,False,False,False,True,False,False,False,False,False,False,True,False,69.0,528.0,19.0,1.0
7962.0,1987.0,95169.0,0.0,0.0,1.0,0.0,1225.0,21.0,449.0,106.0,20.0,20.0,1.0,4.0,3.0,4.0,1.0,1.0,0.0,0.0,0.0,1.0,1.0,False,False,False,False,True,False,False,False,False,True,False,False,False,38.0,1901.0,11.0,0.0
9984.0,1981.0,56337.0,1.0,1.0,25.0,0.0,349.0,16.0,144.0,28.0,5.0,126.5,5.0,8.0,5.0,4.0,8.0,1.0,0.0,1.0,0.0,0.0,1.0,True,False,False,False,False,False,False,False,True,False,False,False,False,44.0,724.0,17.0,2.0
5527.0,1987.0,22434.0,1.0,0.0,25.0,0.0,4.0,12.0,11.0,3.0,13.0,15.0,2.0,2.0,0.0,3.0,8.0,0.0,0.0,0.0,0.0,0.0,0.0,False,False,True,False,False,False,False,False,False,False,True,False,False,38.0,58.0,5.0,1.0
6374.0,1954.0,36930.0,0.0,1.0,50.0,0.0,223.0,2.0,31.0,0.0,2.0,39.0,5.0,5.0,2.0,4.0,8.0,0.0,0.0,0.0,0.0,0.0,0.0,False,False,False,False,True,False,False,False,True,False,False,False,False,71.0,297.0,11.0,1.0
7453.0,1954.0,36130.0,0.0,1.0,46.0,0.0,157.0,43.0,127.0,68.0,56.0,37.0,6.0,3.0,8.0,4.0,4.0,0.0,0.0,1.0,0.0,0.0,1.0,False,False,True,False,False,False,False,False,False,True,False,False,False,71.0,488.0,15.0,1.0
8952.0,1953.0,65569.0,0.0,1.0,96.0,0.0,397.0,46.0,288.0,20.0,38.0,70.0,2.0,6.0,5.0,10.0,3.0,0.0,0.0,0.0,0.0,0.0,0.0,False,False,False,True,False,False,False,False,True,False,False,False,False,72.0,859.0,21.0,1.0
241.0,1952.0,83844.0,0.0,0.0,57.0,0.0,901.0,31.0,345.0,75.0,31.0,126.5,1.0,4.0,4.0,11.0,1.0,0.0,0.0,0.0,0.0,1.0,0.0,False,False,True,False,False,False,False,False,False,False,True,False,False,73.0,1574.0,19.0,0.0
8975.0,1968.0,19514.0,1.0,1.0,47.0,0.0,14.0,3.0,21.0,2.0,1.0,28.0,4.0,3.0,1.0,2.0,8.0,0.0,0.0,1.0,0.0,0.0,0.0,False,False,True,False,False,False,False,False,True,False,False,False,False,57.0,69.0,6.0,2.0
6119.0,1963.0,36736.0,1.0,1.0,52.0,0.0,10.0,0.0,3.0,0.0,0.0,4.0,1.0,1.0,0.0,2.0,6.0,0.0,0.0,0.0,0.0,0.0,0.0,False,False,False,False,True,False,False,False,False,True,False,False,False,62.0,17.0,3.0,2.0
5236.0,1979.0,77568.0,0.0,1.0,30.0,0.0,1225.0,0.0,396.0,120.5,81.0,126.5,1.0,10.0,2.0,8.0,5.0,1.0,0.0,0.0,1.0,1.0,0.0,False,False,True,False,False,False,False,False,False,False,True,False,False,46.0,2194.0,20.0,1.0
5723.0,1976.0,49187.0,0.0,1.0,63.0,0.0,81.0,1.0,31.0,2.0,1.0,0.0,1.0,1.0,1.0,5.0,2.0,0.0,0.0,0.0,0.0,0.0,0.0,False,False,True,False,False,False,False,False,False,False,True,False,False,49.0,116.0,7.0,1.0
1710.0,1978.0,30168.0,1.0,0.0,51.0,0.0,154.0,20.0,66.0,0.0,12.0,27.0,6.0,6.0,1.0,4.0,9.0,0.0,0.0,0.0,0.0,0.0,0.0,False,False,True,False,False,False,False,False,False,True,False,False,False,47.0,279.0,11.0,1.0
1970.0,1968.0,34053.0,0.0,1.0,14.0,0.0,63.0,0.0,21.0,7.0,0.0,12.0,1.0,3.0,0.0,3.0,8.0,0.0,0.0,0.0,0.0,0.0,0.0,False,False,False,True,False,False,False,False,False,False,True,False,False,57.0,103.0,6.0,1.0
5313.0,1971.0,38196.0,1.0,1.0,20.0,0.0,30.0,0.0,11.0,0.0,0.0,3.0,3.0,2.0,0.0,4.0,5.0,0.0,0.0,0.0,0.0,0.0,0.0,False,False,False,True,False,False,False,False,True,False,False,False,False,54.0,44.0,6.0,2.0
10634.0,1951.0,59412.0,0.0,0.7307165904106263,56.0,0.0,90.0,67.0,165.0,30.0,43.0,11.0,1.0,4.0,2.0,8.0,3.0,0.0,0.0,0.0,0.0,0.0,0.0,False,False,False,True,False,False,False,False,True,False,False,False,False,74.0,406.0,14.0,0.7307165904106263
7010.0,1965.0,70924.0,0.0,0.0,41.0,0.0,635.0,81.0,254.0,120.5,81.0,76.0,1.0,6.0,6.0,7.0,3.0,0.0,0.0,0.0,0.0,1.0,0.0,True,False,False,False,False,False,False,False,True,False,False,False,False,60.0,1363.0,19.0,0.0
8562.0,1969.0,54165.0,0.0,0.603819530550247,72.0,0.0,127.0,4.0,73.0,15.0,6.0,11.0,1.0,2.0,1.0,7.0,2.0,0.0,0.0,0.0,0.0,0.0,0.0,False,False,True,False,False,False,False,False,False,False,True,False,False,56.0,236.0,10.0,0.603819530550247
3158.0,1973.0,32300.0,1.0,0.0,1.0,0.0,13.0,3.0,6.0,6.0,5.0,6.0,1.0,1.0,0.0,3.0,8.0,0.0,0.0,0.0,0.0,0.0,0.0,False,False,True,False,False,False,False,False,True,False,False,False,False,52.0,39.0,4.0,1.0
4436.0,1976.0,20180.0,0.0,0.0,27.0,0.0,18.0,42.0,24.0,15.0,20.0,18.0,1.0,2.0,1.0,4.0,7.0,0.0,0.0,0.0,0.0,0.0,0.0,False,False,True,False,False,False,False,False,False,True,False,False,False,49.0,137.0,7.0,0.0
5287.0,1973.0,34961.0,1.0,0.0,77.0,0.0,45.0,2.0,26.0,4.0,1.0,1.0,3.0,3.0,1.0,3.0,7.0,0.0,0.0,0.0,0.0,0.0,0.0,False,False,True,False,False,False,False,False,True,False,False,False,False,52.0,79.0,7.0,1.0
2445.0,1974.0,28440.0,1.0,0.0,87.0,0.0,38.0,1.0,24.0,0.0,0.0,0.0,1.0,2.0,0.0,3.0,8.0,0.0,0.0,0.0,0.0,0.0,0.0,False,False,False,False,True,False,False,False,False,False,True,False,False,51.0,63.0,5.0,1.0
6059.0,1953.0,64504.0,1.0,2.0,81.0,0.0,986.0,36.0,168.0,16.0,0.0,108.0,6.0,11.0,3.0,4.0,7.0,0.0,0.0,0.0,0.0,0.0,1.0,False,False,False,False,True,False,False,False,False,False,True,False,False,72.0,1314.0,18.0,2.5
4550.0,1966.0,33564.0,0.0,1.0,51.0,0.0,61.0,0.0,3.0,0.0,0.0,7.0,1.0,1.0,1.0,3.0,5.0,0.0,0.0,0.0,0.0,0.0,0.0,False,False,False,True,False,False,False,False,False,False,True,False,False,59.0,71.0,5.0,1.0
4240.0,1978.0,28081.98982005872,1.0,0.0,79.0,0.0,4.0,9.0,16.0,17.0,0.0,12.0,2.0,2.0,1.0,2.0,8.0,0.0,0.0,0.0,0.0,0.0,0.0,False,False,True,False,False,False,False,False,True,False,False,False,False,47.0,58.0,5.0,1.0
8911.0,1967.0,56320.0,0.0,1.0,11.0,0.0,201.0,53.0,172.0,116.0,77.0,83.0,3.0,5.0,4.0,9.0,4.0,0.0,0.0,0.0,0.0,0.0,0.0,False,False,False,False,True,False,False,False,True,False,False,False,False,58.0,702.0,18.0,1.0
3706.0,1978.0,28647.0,1.0,0.0,54.0,0.0,19.0,8.0,29.0,0.0,12.0,26.0,1.0,2.0,2.0,2.0,7.0,0.0,0.0,1.0,0.0,0.0,1.0,False,False,True,False,False,False,False,False,False,True,False,False,False,47.0,94.0,6.0,1.0
3628.0,1987.0,15038.0,1.0,0.0,93.0,0.0,4.0,8.0,11.0,19.0,12.0,26.0,2.0,2.0,1.0,2.0,9.0,0.0,0.0,0.0,0.0,0.0,0.0,False,True,False,False,False,False,False,False,False,True,False,False,False,38.0,80.0,5.0,1.0
10175.0,1958.0,32173.0,0.0,1.0,0.0,0.0,18.0,0.0,2.0,0.0,0.0,2.0,1.0,1.0,0.0,3.0,4.0,0.0,0.0,0.0,0.0,0.0,0.0,False,False,False,False,True,False,False,True,False,False,False,False,False,67.0,22.0,4.0,1.0
8985.0,1964.0,68316.0,0.0,1.0,54.0,0.0,806.0,80.0,161.0,120.0,11.0,33.0,5.0,10.0,7.0,10.0,6.0,0.0,0.0,0.0,0.0,0.0,0.0,True,False,False,False,False,False,False,False,False,False,True,False,False,61.0,1211.0,27.0,1.0
5204.0,1971.0,74538.0,0.0,0.0,21.0,0.0,380.0,81.0,556.0,110.0,81.0,28.0,1.0,8.0,8.0,5.0,3.0,0.0,0.0,0.0,0.0,1.0,1.0,False,False,True,False,False,False,False,False,False,False,True,False,False,54.0,1461.0,21.0,0.0
9220.0,1971.0,91700.0,0.0,0.0,58.0,0.0,576.0,81.0,556.0,120.5,81.0,19.0,1.0,8.0,6.0,5.0,3.0,0.0,0.0,0.0,0.0,0.0,1.0,False,False,True,False,False,False,False,False,False,True,False,False,False,54.0,1968.0,19.0,0.0
9888.0,1969.0,68695.0,0.0,0.0,3.0,0.0,458.0,81.0,356.0,106.0,50.0,40.0,1.0,4.0,4.0,7.0,2.0,0.0,0.0,0.0,0.0,0.0,0.0,False,False,True,False,False,False,False,False,False,False,True,False,False,56.0,1091.0,15.0,0.0
5263.0,1977.0,31056.0,1.0,0.0,99.0,0.0,5.0,10.0,13.0,3.0,8.0,16.0,1.0,1.0,0.0,3.0,8.0,0.0,0.0,0.0,0.0,0.0,0.0,True,False,False,False,False,False,False,False,True,False,False,False,False,48.0,55.0,4.0,1.0
1020.0,1973.0,79593.0,0.0,0.0,70.0,0.0,350.0,60.0,556.0,110.0,81.0,126.5,1.0,5.0,6.0,7.0,2.0,0.0,0.0,0.0,0.0,1.0,0.0,False,False,True,False,False,False,False,False,True,False,False,False,False,52.0,1366.0,18.0,0.0
9503.0,1980.0,28071.0,0.0,0.0,65.0,0.0,39.0,33.0,130.0,41.0,26.0,44.0,2.0,5.0,1.0,5.0,8.0,0.0,0.0,0.0,0.0,0.0,0.0,False,False,True,False,False,False,False,False,False,True,False,False,False,45.0,313.0,11.0,0.0
10613.0,1958.0,37334.0,1.0,1.0,44.0,0.0,26.0,1.0,16.0,2.0,2.0,15.0,4.0,3.0,0.0,4.0,4.0,0.0,0.0,0.0,0.0,0.0,0.0,False,False,False,False,True,False,False,False,False,False,True,False,False,67.0,62.0,7.0,2.0
67.0,1972.0,36853.23968720785,1.0,1.0,6.0,0.0,68.0,0.0,16.0,0.0,0.0,8.0,3.0,2.0,0.0,4.0,7.0,0.0,0.0,0.0,0.0,0.0,0.0,False,False,False,True,False,False,False,False,False,True,False,False,False,53.0,92.0,6.0,2.0
6019.0,1971.0,37126.0,1.0,0.0,9.0,0.0,45.0,3.0,9.0,4.0,4.0,7.0,1.0,1.0,2.0,2.0,6.0,0.0,0.0,1.0,0.0,0.0,1.0,False,False,False,False,True,False,False,False,True,False,False,False,False,54.0,72.0,5.0,1.0
5863.0,1953.0,47703.0,0.0,1.0,95.0,0.0,359.0,0.0,134.0,13.0,26.0,123.0,4.0,6.0,3.0,8.0,5.0,0.0,0.0,0.0,0.0,0.0,0.0,False,False,True,False,False,False,False,False,True,False,False,False,False,72.0,655.0,17.0,1.0
3717.0,1959.0,61180.0,0.0,1.0,70.0,0.0,403.0,24.0,29.0,6.0,24.0,126.5,2.0,5.0,5.0,6.0,3.0,0.0,0.0,1.0,0.0,0.0,0.0,False,False,True,False,False,False,False,False,True,False,False,False,False,66.0,704.0,16.0,1.0
6730.0,1954.0,38998.0,1.0,1.0,92.0,1.0,34.0,1.0,14.0,0.0,0.0,5.0,3.0,2.0,0.0,3.0,8.0,0.0,0.0,0.0,0.0,0.0,0.0,False,False,True,False,False,False,False,False,True,False,False,False,False,71.0,54.0,5.0,2.0
10749.0,1991.0,8028.0,0.0,0.0,62.0,0.0,73.0,18.0,66.0,7.0,12.0,2.0,6.0,0.0,1.0,0.0,13.0,0.0,0.0,0.0,0.0,0.0,0.0,False,False,True,False,False,False,False,False,False,True,False,False,False,34.0,178.0,1.0,0.0
4998.0,1962.0,76081.0,0.0,0.0,85.0,0.0,292.0,30.0,415.0,63.0,33.0,126.5,1.0,4.0,5.0,4.0,2.0,1.0,0.0,0.0,0.0,0.0,0.0,False,False,True,False,False,False,False,False,False,False,True,False,False,63.0,1033.0,13.0,0.0
6287.0,1986.0,34728.0,1.0,0.0,2.0,0.0,14.0,0.0,16.0,0.0,0.0,6.0,1.0,1.0,1.0,2.0,6.0,0.0,0.0,0.0,0.0,0.0,1.0,False,False,True,False,False,False,False,False,False,False,True,False,False,39.0,36.0,4.0,1.0
5985.0,1965.0,33168.0,0.0,1.0,0.0,0.0,80.0,1.0,37.0,0.0,1.0,3.0,3.0,2.0,1.0,4.0,7.0,0.0,0.0,0.0,0.0,0.0,0.0,False,False,False,True,False,False,False,False,False,True,False,False,False,60.0,122.0,7.0,1.0
4754.0,1966.0,33585.0,0.0,1.0,91.0,0.0,30.0,11.0,33.0,13.0,6.0,29.0,1.0,2.0,0.0,4.0,4.0,0.0,0.0,0.0,0.0,0.0,0.0,False,False,False,True,False,False,False,False,True,False,False,False,False,59.0,122.0,6.0,1.0
4002.0,1960.0,77037.0,0.0,1.0,3.0,0.0,463.0,81.0,333.0,120.5,53.0,10.0,1.0,7.0,7.0,12.0,3.0,0.0,0.0,0.0,0.0,0.0,0.0,False,False,False,False,True,False,False,False,True,False,False,False,False,65.0,1123.0,26.0,1.0
8870.0,1984.0,35196.0,1.0,0.0,68.0,0.0,75.0,12.0,141.0,43.0,39.0,126.5,6.0,6.0,1.0,5.0,8.0,0.0,0.0,0.0,0.0,0.0,1.0,False,False,True,False,False,False,False,False,False,False,True,False,False,41.0,497.0,12.0,1.0
966.0,1966.0,44529.0,0.0,1.0,98.0,0.0,538.0,13.0,91.0,17.0,6.0,26.0,6.0,6.0,2.0,11.0,5.0,0.0,0.0,0.0,1.0,0.0,0.0,False,False,True,False,False,False,False,False,True,False,False,False,False,59.0,691.0,19.0,1.0
4767.0,1965.0,70924.0,0.0,0.0,41.0,0.0,635.0,81.0,254.0,120.5,81.0,76.0,1.0,6.0,6.0,7.0,3.0,0.0,0.0,0.0,0.0,1.0,0.0,True,False,False,False,False,False,False,False,True,False,False,False,False,60.0,1363.0,19.0,0.0
9725.0,1966.0,28764.0,1.0,1.0,16.0,0.0,8.0,0.0,3.0,0.0,0.0,1.0,1.0,1.0,0.0,2.0,8.0,0.0,0.0,1.0,0.0,0.0,0.0,False,False,False,False,True,False,False,False,False,False,True,False,False,59.0,12.0,3.0,2.0
4475.0,1949.0,69098.0,0.0,0.0,82.0,0.0,1225.0,22.0,556.0,120.5,0.0,126.5,1.0,7.0,8.0,9.0,5.0,0.0,0.0,0.0,0.0,0.0,0.0,False,False,False,False,True,False,False,False,True,False,False,False,False,76.0,2440.0,24.0,0.0
5740.0,1970.0,25959.0,1.0,1.0,1.0,0.0,4.0,2.0,12.0,7.0,5.0,26.0,2.0,1.0,2.0,2.0,6.0,0.0,0.0,0.0,0.0,0.0,1.0,True,False,False,False,False,False,False,True,False,False,False,False,False,55.0,56.0,5.0,2.0
5731.0,1983.0,27100.0,1.0,0.0,64.0,0.0,12.0,0.0,13.0,2.0,0.0,10.0,1.0,1.0,0.0,3.0,7.0,0.0,0.0,0.0,0.0,0.0,0.0,False,False,False,True,False,False,False,False,True,False,False,False,False,42.0,37.0,4.0,1.0
7290.0,1985.0,70596.0,0.0,0.0,68.0,0.0,347.0,44.0,534.0,17.0,0.0,26.0,1.0,3.0,5.0,12.0,2.0,0.0,0.0,0.0,0.0,0.0,0.0,False,False,True,False,False,False,False,False,False,True,False,False,False,40.0,968.0,20.0,0.0
3846.0,1974.0,42557.0,0.0,1.0,98.0,0.0,192.0,5.0,53.0,0.0,5.0,15.0,4.0,6.0,1.0,4.0,8.0,0.0,0.0,0.0,0.0,0.0,0.0,False,False,True,False,False,False,False,False,True,False,False,False,False,51.0,270.0,11.0,1.0
8104.0,1951.0,53312.0,0.0,0.0,32.0,0.0,241.0,0.0,12.0,0.0,0.0,25.0,1.0,5.0,1.0,5.0,7.0,0.0,0.0,0.0,0.0,0.0,0.0,False,False,False,False,True,False,False,False,True,False,False,False,False,74.0,278.0,11.0,0.0
4507.0,1952.0,72228.0,0.0,0.0,87.0,0.0,631.0,28.0,491.0,30.0,14.0,56.0,1.0,6.0,7.0,8.0,3.0,0.0,0.0,0.0,0.0,0.0,0.0,False,False,True,False,False,False,False,False,False,True,False,False,False,73.0,1250.0,21.0,0.0
11013.0,1987.0,67605.0,0.0,0.0,84.0,0.0,336.0,28.0,282.0,120.5,54.0,54.0,1.0,2.0,8.0,6.0,1.0,0.0,0.0,0.0,0.0,0.0,0.0,False,False,True,False,False,False,False,False,False,False,True,False,False,38.0,938.0,16.0,0.0
4491.0,1949.0,62845.0,1.0,1.0,3.0,0.0,1099.0,0.0,45.0,0.0,0.0,34.0,6.0,3.0,4.0,10.0,8.0,0.0,0.0,0.0,1.0,0.0,0.0,False,False,False,True,False,False,False,False,True,False,False,False,False,76.0,1178.0,17.0,2.0
3759.0,1958.0,65196.0,0.0,2.0,34.0,0.0,743.0,19.0,181.0,12.0,0.0,126.5,2.0,7.0,6.0,11.0,5.0,0.0,0.0,1.0,0.0,0.0,0.0,False,False,True,False,False,False,False,False,False,False,True,False,False,67.0,1155.0,24.0,2.0
1162.0,1987.0,42000.0,0.0,0.0,23.0,0.0,124.0,81.0,267.0,85.0,59.0,35.0,2.0,5.0,2.0,11.0,5.0,0.0,0.0,0.0,0.0,0.0,1.0,False,False,False,False,True,False,False,False,False,True,False,False,False,38.0,653.0,18.0,0.0
2055.0,1973.0,35860.0,1.0,1.0,37.0,0.0,15.0,0.0,8.0,4.0,2.0,20.0,2.0,1.0,1.0,2.0,5.0,0.0,0.0,1.0,0.0,0.0,0.0,False,False,False,False,True,False,False,True,False,False,False,False,False,52.0,49.0,4.0,2.0
10766.0,1964.0,65526.0,0.0,1.0,22.0,0.0,397.0,19.0,69.0,12.0,0.0,9.0,1.0,4.0,4.0,8.0,2.0,0.0,0.0,0.0,0.0,0.0,0.0,False,False,False,False,True,False,False,False,True,False,False,False,False,61.0,506.0,16.0,1.0
4415.0,1961.0,16860.0,1.0,1.0,19.0,0.0,10.0,4.0,4.0,3.0,3.0,14.0,3.0,1.0,1.0,3.0,7.0,0.0,0.0,0.0,0.0,0.0,0.0,False,False,True,False,False,False,False,False,True,False,False,False,False,64.0,38.0,5.0,2.0
3005.0,1992.0,83528.0,0.0,0.0,7.0,0.0,530.0,81.0,556.0,120.5,44.0,126.5,1.0,4.0,10.0,8.0,1.0,1.0,0.0,1.0,0.0,0.0,1.0,False,False,True,False,False,False,False,False,False,True,False,False,False,33.0,1650.0,22.0,0.0
2223.0,1965.0,64176.0,0.0,1.0,52.0,0.0,1215.0,33.0,249.0,64.0,81.0,126.5,6.0,8.0,9.0,8.0,6.0,0.0,0.0,0.0,0.0,0.0,0.0,True,False,False,False,False,False,False,True,False,False,False,False,False,60.0,1826.0,25.0,1.0
4817.0,1956.0,22304.0,0.0,0.0,91.0,0.0,3.0,2.0,7.0,0.0,4.0,2.0,1.0,1.0,0.0,2.0,8.0,0.0,0.0,0.0,0.0,0.0,0.0,False,False,True,False,False,False,False,True,False,False,False,False,False,69.0,18.0,3.0,0.0
2875.0,1978.0,67023.0,0.0,0.28799374990981974,93.0,1.0,444.0,44.0,382.0,11.0,8.0,17.0,1.0,3.0,7.0,13.0,2.0,0.0,0.0,0.0,0.0,0.0,0.0,False,False,True,False,False,False,False,False,True,False,False,False,False,47.0,906.0,23.0,0.28799374990981974
10536.0,1971.0,32892.0,1.0,0.0,78.0,0.0,26.0,0.0,15.0,2.0,1.0,2.0,2.0,3.0,0.0,3.0,8.0,0.0,0.0,0.0,0.0,0.0,0.0,False,False,False,False,True,False,False,False,False,False,True,False,False,54.0,46.0,6.0,1.0
11112.0,1966.0,70713.0,0.0,1.0,23.0,0.0,736.0,81.0,279.0,82.0,76.0,126.5,6.0,5.0,6.0,8.0,3.0,0.0,0.0,0.0,0.0,0.0,0.0,False,False,True,False,False,False,False,False,False,False,True,False,False,59.0,1477.0,19.0,1.0
3807.0,1955.0,59925.0,0.0,1.0,83.0,0.0,473.0,21.0,176.0,19.0,21.0,56.0,3.0,9.0,2.0,9.0,6.0,0.0,0.0,0.0,0.0,0.0,0.0,False,False,True,False,False,False,False,False,False,False,True,False,False,70.0,766.0,20.0,1.0
9197.0,1953.0,39722.0,0.0,1.0,92.0,0.0,32.0,0.0,5.0,2.0,0.0,8.0,2.0,2.0,0.0,3.0,5.0,0.0,0.0,0.0,0.0,0.0,0.0,False,False,True,False,False,False,False,False,True,False,False,False,False,72.0,47.0,5.0,1.0
10832.0,1958.0,46610.0,0.0,0.0,4.0,0.0,288.0,10.0,30.0,4.0,10.0,125.0,1.0,6.0,1.0,6.0,6.0,0.0,0.0,0.0,0.0,0.0,0.0,False,False,True,False,False,False,False,False,False,False,True,False,False,67.0,467.0,13.0,0.0
6421.0,1961.0,88347.0,0.0,0.0,32.0,0.0,1050.0,81.0,555.0,77.0,81.0,118.0,1.0,4.0,7.0,9.0,1.0,1.0,0.0,0.0,0.0,0.0,0.0,False,False,True,False,False,False,False,False,False,False,True,False,False,64.0,2116.0,20.0,0.0
4207.0,1981.0,87171.0,0.0,0.0,27.0,0.0,1001.0,44.0,107.0,58.0,44.0,44.0,1.0,6.0,7.0,11.0,2.0,0.0,0.0,1.0,0.0,1.0,0.0,False,False,False,False,True,False,False,False,True,False,False,False,False,44.0,1298.0,24.0,0.0
577.0,1976.0,26907.0,1.0,1.0,10.0,0.0,9.0,1.0,7.0,0.0,3.0,2.0,2.0,1.0,0.0,3.0,7.0,0.0,0.0,0.0,0.0,0.0,0.0,True,False,False,False,False,False,False,False,False,False,True,False,False,49.0,22.0,4.0,2.0
10855.0,1968.0,50014.0,1.0,0.0,9.0,0.0,234.0,14.0,77.0,19.0,10.0,42.0,2.0,4.0,1.0,8.0,5.0,0.0,0.0,0.0,0.0,0.0,0.0,False,False,False,True,False,False,False,False,False,True,False,False,False,57.0,396.0,13.0,1.0
3081.0,1978.0,41014.0,1.0,0.0,65.0,0.0,7.0,2.0,6.0,2.0,0.0,3.0,1.0,1.0,0.0,2.0,7.0,0.0,0.0,0.0,0.0,0.0,0.0,False,False,False,False,True,False,False,False,True,False,False,False,False,47.0,20.0,3.0,1.0
3535.0,1965.0,66294.0,0.0,0.0,68.0,0.0,251.0,81.0,334.0,65.0,81.0,117.0,1.0,4.0,3.0,5.0,2.0,0.0,0.0,0.0,0.0,0.0,0.0,False,False,True,False,False,False,False,False,False,True,False,False,False,60.0,967.0,12.0,0.0
247.0,1971.0,36715.0,1.0,0.0,16.0,0.0,172.0,10.0,125.0,21.0,13.0,16.0,6.0,7.0,2.0,4.0,9.0,0.0,0.0,0.0,0.0,0.0,1.0,False,False,True,False,False,False,False,False,True,False,False,False,False,54.0,357.0,13.0,1.0
8707.0,1956.0,79456.0,0.0,0.0,12.0,0.0,565.0,42.0,548.0,64.0,81.0,99.0,1.0,5.0,6.0,4.0,3.0,0.0,0.0,0.0,0.0,0.0,1.0,False,False,True,False,False,False,False,False,True,False,False,False,False,69.0,1401.0,15.0,0.0
9523.0,1982.0,40479.0,1.0,0.0,95.0,0.0,5.0,0.0,8.0,2.0,0.0,0.0,1.0,0.0,0.0,3.0,4.0,0.0,0.0,0.0,0.0,0.0,0.0,False,False,True,False,False,False,False,False,False,False,True,False,False,43.0,15.0,3.0,1.0
6072.0,1970.0,75345.0,0.0,0.0,16.0,0.0,918.0,57.0,556.0,99.0,38.0,126.5,1.0,5.0,8.0,6.0,3.0,1.0,0.0,0.0,0.0,0.0,1.0,False,False,False,True,False,False,False,False,False,True,False,False,False,55.0,2087.0,19.0,0.0
6295.0,1977.0,54233.0,0.0,1.0,46.0,0.0,652.0,8.0,158.0,21.0,0.0,126.5,4.0,11.0,6.0,5.0,8.0,0.0,0.0,0.0,0.0,0.0,0.0,False,False,True,False,False,False,False,False,True,False,False,False,False,48.0,981.0,22.0,1.0
10914.0,1970.0,24163.0,1.0,1.0,3.0,0.0,4.0,1.0,7.0,2.0,1.0,2.0,2.0,1.0,0.0,3.0,4.0,0.0,0.0,0.0,0.0,0.0,0.0,False,False,True,False,False,False,False,False,False,True,False,False,False,55.0,17.0,4.0,2.0
1509.0,1958.0,84460.0,0.0,0.0,80.0,0.0,152.0,27.0,103.0,106.0,54.0,81.0,0.0,9.0,9.0,4.0,5.0,1.0,1.0,0.0,1.0,1.0,1.0,False,False,False,False,True,False,False,False,False,False,True,False,False,67.0,523.0,22.0,0.0
5577.0,1983.0,32368.284195141343,1.0,0.0,77.0,0.0,8.0,0.0,9.0,2.0,1.0,3.0,1.0,1.0,0.0,2.0,6.0,0.0,0.0,0.0,0.0,0.0,0.0,False,False,True,False,False,False,False,False,False,False,True,False,False,42.0,23.0,3.0,1.0
7348.0,1958.0,71691.0,0.0,0.0,0.0,0.0,336.0,81.0,411.0,120.5,32.0,43.0,1.0,4.0,7.0,5.0,2.0,0.0,0.0,0.0,0.0,0.0,1.0,False,False,False,False,True,False,False,False,False,True,False,False,False,67.0,1192.0,16.0,0.0
1127.0,1973.0,85844.0,0.0,0.0,62.0,0.0,938.0,19.0,556.0,25.0,81.0,38.0,1.0,6.0,6.0,7.0,2.0,0.0,0.0,0.0,0.0,1.0,0.0,False,False,False,False,True,False,False,False,True,False,False,False,False,52.0,1958.0,19.0,0.0
1833.0,1974.0,39190.0,1.0,0.0,91.0,0.0,68.0,8.0,18.0,19.0,8.0,12.0,2.0,2.0,1.0,4.0,5.0,0.0,0.0,0.0,0.0,0.0,0.0,False,False,False,False,True,False,False,False,False,True,False,False,False,51.0,133.0,7.0,1.0
4944.0,1959.0,71367.0,0.0,0.0,24.0,0.0,227.0,23.0,389.0,42.0,21.0,75.0,1.0,4.0,5.0,7.0,2.0,0.0,0.0,0.0,0.0,0.0,0.0,False,False,True,False,False,False,False,False,False,False,True,False,False,66.0,777.0,16.0,0.0
9080.0,1972.0,38578.0,1.0,1.0,2.0,0.0,38.0,4.0,22.0,3.0,3.0,3.0,3.0,3.0,0.0,3.0,8.0,0.0,0.0,0.0,0.0,0.0,0.0,False,False,False,False,True,False,False,False,False,True,False,False,False,53.0,73.0,6.0,2.0
6466.0,1965.0,57236.0,1.0,1.0,22.0,0.0,105.0,0.0,9.0,2.0,1.0,4.0,3.0,2.0,1.0,4.0,3.0,0.0,0.0,0.0,0.0,0.0,0.0,False,False,False,False,True,False,False,False,True,False,False,False,False,60.0,121.0,7.0,2.0
9964.0,1979.0,61825.0,0.0,1.0,56.0,0.0,162.0,50.0,100.0,55.0,30.0,27.0,1.0,4.0,2.0,8.0,4.0,0.0,0.0,0.0,0.0,0.0,0.0,False,False,True,False,False,False,False,False,False,True,False,False,False,46.0,424.0,14.0,1.0
4790.0,1958.0,79803.0,0.0,1.0,54.0,0.0,574.0,8.0,216.0,21.0,16.0,33.0,1.0,4.0,3.0,5.0,1.0,0.0,0.0,0.0,0.0,0.0,0.0,False,False,True,False,False,False,False,True,False,False,False,False,False,67.0,868.0,12.0,1.0
10245.0,1986.0,80910.0,0.0,0.0,71.0,0.0,160.0,80.0,369.0,67.0,39.0,41.0,1.0,3.0,3.0,8.0,1.0,0.0,0.0,0.0,0.0,0.0,0.0,True,False,False,False,False,False,False,False,False,True,False,False,False,39.0,756.0,14.0,0.0
1109.0,1982.0,27590.0,1.0,0.0,38.0,0.0,6.0,0.0,5.0,0.0,0.0,1.0,1.0,1.0,0.0,2.0,7.0,0.0,0.0,0.0,0.0,0.0,0.0,False,False,False,True,False,False,False,False,False,False,True,False,False,43.0,12.0,3.0,1.0
6001.0,1979.0,65648.56950431276,0.0,1.0,62.0,0.0,614.0,35.0,160.0,58.0,35.0,35.0,2.0,5.0,8.0,10.0,5.0,0.0,0.0,0.0,0.0,0.0,0.0,False,False,True,False,False,False,False,False,True,False,False,False,False,46.0,937.0,23.0,1.0
5538.0,1975.0,83829.0,0.0,0.0,78.0,0.0,897.0,81.0,430.0,120.5,81.0,27.0,0.0,4.0,7.0,6.0,1.0,1.0,0.0,1.0,0.0,1.0,1.0,False,False,True,False,False,False,False,True,False,False,False,False,False,50.0,1862.0,17.0,0.0
10552.0,1979.0,54210.0,0.0,1.0,18.0,0.0,70.0,54.0,109.0,80.0,9.0,45.0,2.0,4.0,1.0,7.0,5.0,0.0,0.0,0.0,0.0,0.0,0.0,True,False,False,False,False,False,False,False,True,False,False,False,False,46.0,367.0,12.0,1.0
1545.0,1986.0,38508.0,1.0,0.0,95.0,0.0,120.0,19.0,206.0,25.0,19.0,54.0,6.0,7.0,2.0,5.0,8.0,0.0,0.0,0.0,0.0,0.0,0.0,False,False,True,False,False,False,False,False,True,False,False,False,False,39.0,443.0,14.0,1.0
7409.0,1970.0,53187.0,1.0,0.0,66.0,0.0,211.0,2.0,30.0,7.0,7.0,10.0,2.0,4.0,1.0,6.0,5.0,0.0,0.0,0.0,0.0,0.0,0.0,False,False,True,False,False,False,False,False,False,False,True,False,False,55.0,267.0,11.0,1.0
4444.0,1972.0,30023.0,1.0,0.0,28.0,0.0,11.0,0.0,16.0,7.0,6.0,21.0,1.0,2.0,0.0,3.0,8.0,0.0,0.0,0.0,0.0,0.0,0.0,False,False,True,False,False,False,False,False,True,False,False,False,False,53.0,61.0,5.0,1.0
146.0,1960.0,76045.0,0.0,0.5068462505141227,78.0,0.0,760.0,53.0,400.0,17.0,81.0,0.0,1.0,4.0,5.0,11.0,2.0,1.0,0.0,0.0,0.0,0.0,0.0,False,False,False,False,True,False,False,False,False,True,False,False,False,65.0,1323.0,20.0,0.5068462505141227
6271.0,1952.0,50870.0,0.0,1.0,13.0,0.0,53.0,0.0,8.0,0.0,0.0,2.0,1.0,2.0,0.0,3.0,5.0,0.0,0.0,0.0,0.0,0.0,0.0,False,False,False,False,True,False,False,False,True,False,False,False,False,73.0,63.0,5.0,1.0
10065.0,1970.0,15315.0,0.0,0.0,27.0,0.0,7.0,4.0,13.0,15.0,8.0,17.0,2.0,2.0,0.0,4.0,5.0,0.0,0.0,0.0,0.0,0.0,0.0,True,False,False,False,False,False,False,False,True,False,False,False,False,55.0,64.0,6.0,0.0
4741.0,1974.0,65463.0,1.0,0.0,17.0,0.0,391.0,32.0,70.0,21.0,32.0,16.0,2.0,6.0,2.0,9.0,5.0,0.0,0.0,0.0,1.0,0.0,0.0,True,False,False,False,False,False,False,False,True,False,False,False,False,51.0,562.0,17.0,1.0
246.0,1965.0,66480.0,1.0,1.0,71.0,0.0,199.0,9.0,57.0,20.0,21.0,6.0,6.0,4.0,1.0,7.0,4.0,0.0,0.0,0.0,0.0,0.0,0.0,False,False,True,False,False,False,False,False,True,False,False,False,False,60.0,312.0,12.0,2.0
375.0,1954.0,76773.0,0.0,0.0,79.0,0.0,516.0,56.0,449.0,86.0,33.0,16.0,1.0,2.0,2.0,11.0,1.0,0.0,0.0,0.0,0.0,0.0,0.0,False,False,True,False,False,False,False,True,False,False,False,False,False,71.0,1156.0,15.0,0.0
1524.0,1983.0,81698.0,0.0,0.0,1.0,0.0,709.0,45.0,115.0,30.0,81.0,45.0,1.0,8.0,2.0,5.0,5.0,1.0,0.0,0.0,0.0,0.0,1.0,True,False,False,False,False,False,False,False,False,True,False,False,False,42.0,1104.0,15.0,0.0
10022.0,1973.0,54466.0,1.0,1.0,78.0,0.0,12.0,0.0,4.0,0.0,0.0,0.0,1.0,1.0,0.0,2.0,5.0,0.0,0.0,0.0,0.0,0.0,0.0,False,False,False,False,True,False,False,False,False,True,False,False,False,52.0,16.0,3.0,2.0
7451.0,1960.0,98777.0,0.0,0.0,23.0,0.0,1000.0,19.0,556.0,120.5,81.0,38.0,0.0,4.0,6.0,9.0,1.0,0.0,0.0,0.0,1.0,0.0,0.0,False,False,False,True,False,False,False,False,False,True,False,False,False,65.0,2008.0,19.0,0.0
11010.0,1984.0,16269.0,1.0,0.0,75.0,0.0,19.0,3.0,18.0,3.0,1.0,0.0,3.0,3.0,0.0,3.0,8.0,0.0,0.0,0.0,0.0,0.0,0.0,False,False,False,False,True,False,False,False,False,True,False,False,False,41.0,44.0,6.0,1.0
4356.0,1971.0,71819.0,0.0,1.0,70.0,0.0,1224.0,28.0,140.0,0.0,14.0,126.5,3.0,3.0,3.0,5.0,6.0,0.0,0.0,0.0,1.0,1.0,0.0,False,False,True,False,False,False,False,False,False,False,True,False,False,54.0,1574.0,11.0,1.0
3885.0,1983.0,33569.0,1.0,0.0,10.0,0.0,16.0,2.0,18.0,3.0,0.0,24.0,1.0,1.0,1.0,2.0,8.0,0.0,0.0,1.0,0.0,0.0,1.0,False,False,False,False,True,False,False,False,True,False,False,False,False,42.0,63.0,4.0,1.0
1175.0,1983.0,36262.0,0.0,0.0,24.0,0.0,88.0,39.0,54.0,64.0,28.0,126.5,1.0,3.0,5.0,3.0,6.0,0.0,0.0,1.0,0.0,0.0,1.0,False,False,False,True,False,False,False,False,True,False,False,False,False,42.0,426.0,11.0,0.0
880.0,1966.0,22634.0,0.0,0.0,47.0,0.0,2.0,23.0,11.0,8.0,6.0,46.0,1.0,2.0,1.0,2.0,8.0,0.0,0.0,0.0,0.0,0.0,0.0,False,True,False,False,False,False,False,False,False,False,True,False,False,59.0,96.0,5.0,0.0
2320.0,1978.0,47025.0,0.0,1.0,98.0,0.0,508.0,11.0,59.0,23.0,5.0,29.0,5.0,11.0,1.0,6.0,9.0,0.0,0.0,0.0,0.0,0.0,0.0,True,False,False,False,False,False,False,False,True,False,False,False,False,47.0,635.0,18.0,1.0
850.0,1968.0,70566.0,0.0,1.0,4.0,0.0,381.0,28.0,215.0,84.0,28.0,21.0,2.0,6.0,5.0,9.0,3.0,0.0,0.0,0.0,0.0,0.0,0.0,False,False,True,False,False,False,False,False,False,True,False,False,False,57.0,757.0,20.0,1.0
4713.0,1979.0,31605.0,1.0,0.0,15.0,0.0,74.0,0.0,42.0,2.0,1.0,6.0,2.0,2.0,1.0,4.0,7.0,0.0,0.0,0.0,0.0,0.0,0.0,False,False,False,False,True,False,False,False,True,False,False,False,False,46.0,125.0,7.0,1.0
675.0,1973.0,52034.0,1.0,1.0,67.0,0.0,146.0,0.0,93.0,7.0,13.0,73.0,5.0,4.0,2.0,5.0,7.0,0.0,0.0,0.0,0.0,0.0,0.0,False,False,False,True,False,False,False,True,False,False,False,False,False,52.0,332.0,11.0,2.0
5025.0,1979.0,48526.0,1.0,0.0,32.0,0.0,23.0,17.0,23.0,43.0,20.0,9.0,1.0,2.0,1.0,4.0,3.0,0.0,0.0,0.0,0.0,0.0,0.0,False,False,True,False,False,False,False,False,False,True,False,False,False,46.0,135.0,7.0,1.0
2308.0,1954.0,46734.0,0.0,0.7711444320271319,40.0,0.0,110.0,5.0,137.0,26.0,23.0,29.0,2.0,6.0,1.0,5.0,7.0,0.0,0.0,0.0,0.0,0.0,0.0,False,False,True,False,False,False,False,False,True,False,False,False,False,71.0,330.0,12.0,0.7711444320271319
5995.0,1962.0,39552.0,1.0,1.0,54.0,0.0,165.0,3.0,147.0,4.0,24.0,41.0,6.0,6.0,2.0,5.0,8.0,0.0,0.0,0.0,0.0,0.0,1.0,False,False,True,False,False,False,False,True,False,False,False,False,False,63.0,384.0,13.0,2.0
6749.0,1966.0,86358.0,1.0,1.0,78.0,0.0,957.0,47.0,494.0,82.0,47.0,95.0,4.0,5.0,3.0,6.0,8.0,0.0,0.0,0.0,0.0,0.0,0.0,False,False,True,False,False,False,False,False,False,True,False,False,False,59.0,1722.0,14.0,2.0
1010.0,1977.0,46931.0,2.0,1.0,94.0,0.0,41.0,0.0,17.0,3.0,1.0,16.0,2.0,1.0,1.0,3.0,3.0,0.0,0.0,0.0,0.0,0.0,0.0,False,False,True,False,False,False,False,False,False,False,True,False,False,48.0,78.0,5.0,2.5
8977.0,1985.0,16581.0,0.0,0.0,51.0,0.0,1.0,3.0,4.0,2.0,3.0,11.0,1.0,0.0,0.0,3.0,4.0,0.0,0.0,0.0,0.0,0.0,0.0,False,True,False,False,False,False,False,False,False,True,False,False,False,40.0,24.0,3.0,0.0
4756.0,1952.0,63998.0,0.0,0.0,42.0,0.0,176.0,29.0,556.0,0.0,33.0,112.0,1.0,7.0,6.0,11.0,4.0,0.0,0.0,0.0,0.0,0.0,1.0,True,False,False,False,False,False,False,True,False,False,False,False,False,73.0,1168.0,24.0,0.0
3412.0,1951.0,67381.0,0.0,1.0,67.0,0.0,815.0,8.0,53.0,11.0,0.0,70.0,4.0,2.0,2.0,9.0,7.0,0.0,0.0,0.0,1.0,0.0,0.0,False,False,False,True,False,False,False,False,True,False,False,False,False,74.0,957.0,13.0,1.0
606.0,1967.0,25930.0,1.0,1.0,87.0,0.0,6.0,1.0,2.0,2.0,0.0,4.0,1.0,1.0,0.0,2.0,7.0,0.0,0.0,0.0,0.0,0.0,0.0,False,False,True,False,False,False,False,False,False,True,False,False,False,58.0,15.0,3.0,2.0
5961.0,1978.0,42693.0,1.0,0.0,29.0,0.0,8.0,4.0,20.0,6.0,3.0,16.0,1.0,1.0,0.0,3.0,5.0,0.0,0.0,0.0,0.0,0.0,0.0,False,False,True,False,False,False,False,False,True,False,False,False,False,47.0,57.0,4.0,1.0
2975.0,1976.0,85606.0,0.0,1.0,89.0,0.0,717.0,42.0,556.0,120.5,30.0,84.0,2.0,6.0,7.0,9.0,3.0,1.0,0.0,0.0,0.0,0.0,0.0,False,False,True,False,False,False,False,False,False,False,True,False,False,49.0,1956.0,22.0,1.0
2894.0,1985.0,72903.0,0.0,0.0,74.0,0.0,1067.0,81.0,556.0,0.0,19.0,39.0,1.0,7.0,5.0,8.0,4.0,1.0,0.0,0.0,1.0,1.0,1.0,False,False,True,False,False,False,False,False,False,True,False,False,False,40.0,2013.0,20.0,0.0
7613.0,1974.0,49669.0,1.0,0.0,97.0,0.0,166.0,5.0,107.0,11.0,8.0,29.0,2.0,5.0,1.0,6.0,6.0,0.0,0.0,0.0,0.0,0.0,0.0,True,False,False,False,False,False,False,False,False,False,True,False,False,51.0,326.0,12.0,1.0
10542.0,1968.0,36778.0,1.0,1.0,63.0,0.0,29.0,4.0,34.0,2.0,4.0,4.0,3.0,3.0,0.0,3.0,9.0,0.0,0.0,0.0,0.0,0.0,0.0,False,False,False,False,True,False,False,False,True,False,False,False,False,57.0,77.0,6.0,2.0
8015.0,1962.0,85696.0,0.0,0.0,88.0,0.0,714.0,76.0,395.0,116.0,0.0,12.0,1.0,4.0,6.0,9.0,1.0,0.0,0.0,0.0,0.0,0.0,1.0,False,False,False,False,True,False,False,True,False,False,False,False,False,63.0,1313.0,19.0,0.0
10617.0,1989.0,10979.0,0.0,0.0,34.0,0.0,8.0,4.0,10.0,2.0,2.0,4.0,2.0,3.0,0.0,3.0,5.0,0.0,0.0,0.0,0.0,0.0,0.0,False,False,False,True,False,False,False,True,False,False,False,False,False,36.0,30.0,6.0,0.0
11166.0,1961.0,49678.0,0.0,1.0,81.0,0.0,229.0,5.0,56.0,3.0,2.0,20.0,2.0,6.0,2.0,4.0,7.0,0.0,0.0,0.0,0.0,0.0,0.0,False,False,True,False,False,False,False,False,True,False,False,False,False,64.0,315.0,12.0,1.0
849.0,1953.0,56129.0,0.0,1.0,65.0,0.0,320.0,48.0,133.0,39.0,72.0,48.0,4.0,6.0,2.0,10.0,4.0,0.0,0.0,0.0,0.0,0.0,0.0,False,False,False,True,False,False,False,False,False,False,True,False,False,72.0,660.0,18.0,1.0
523.0,1989.0,37155.0,1.0,0.0,51.0,0.0,23.0,0.0,26.0,7.0,15.0,3.0,1.0,2.0,0.0,4.0,5.0,0.0,0.0,0.0,0.0,0.0,0.0,False,False,True,False,False,False,False,False,True,False,False,False,False,36.0,74.0,6.0,1.0
4066.0,1978.0,21282.0,1.0,0.0,76.0,0.0,1.0,5.0,8.0,4.0,8.0,20.0,2.0,2.0,1.0,2.0,6.0,0.0,0.0,0.0,0.0,0.0,0.0,True,False,False,False,False,False,False,True,False,False,False,False,False,47.0,46.0,5.0,1.0
8414.0,1962.0,33419.0,0.0,1.0,76.0,0.0,56.0,0.0,12.0,0.0,0.0,18.0,2.0,2.0,0.0,4.0,7.0,0.0,0.0,0.0,0.0,0.0,0.0,False,False,False,False,True,False,False,False,False,True,False,False,False,63.0,86.0,6.0,1.0
819.0,1945.0,63285.0,0.0,0.0,84.0,0.0,508.0,81.0,249.0,50.0,38.0,126.5,1.0,6.0,5.0,13.0,3.0,0.0,0.0,0.0,0.0,0.0,0.0,False,False,True,False,False,False,False,False,False,False,False,True,False,80.0,1103.0,24.0,0.0
4961.0,1974.0,21255.0,1.0,0.0,56.0,0.0,29.0,0.0,25.0,2.0,2.0,3.0,4.0,2.0,1.0,4.0,4.0,0.0,0.0,0.0,0.0,0.0,0.0,False,False,False,True,False,False,False,False,False,False,True,False,False,51.0,61.0,7.0,1.0
749.0,1981.0,36118.87944333996,1.0,0.0,31.0,0.0,46.0,7.0,59.0,2.0,4.0,27.0,2.0,3.0,1.0,3.0,6.0,0.0,0.0,1.0,0.0,0.0,1.0,False,False,True,False,False,False,False,False,False,False,True,False,False,44.0,145.0,7.0,1.0
5430.0,1956.0,54450.0,1.0,1.6794105767202083,0.0,0.0,454.0,0.0,171.0,8.0,19.0,32.0,6.0,9.0,2.0,8.0,8.0,0.0,0.0,0.0,0.0,0.0,0.0,False,False,True,False,False,False,False,False,False,False,True,False,False,69.0,684.0,19.0,2.5
7755.0,1954.0,57744.0,0.0,1.0,91.0,0.0,350.0,3.0,39.0,0.0,0.0,19.0,2.0,9.0,1.0,4.0,8.0,0.0,0.0,0.0,0.0,0.0,0.0,False,False,False,False,True,False,False,False,True,False,False,False,False,71.0,411.0,14.0,1.0
10525.0,1986.0,26576.0,1.0,0.0,40.0,0.0,10.0,0.0,8.0,0.0,0.0,9.0,1.0,1.0,0.0,2.0,9.0,0.0,0.0,1.0,0.0,0.0,1.0,False,False,True,False,False,False,False,False,False,True,False,False,False,39.0,27.0,3.0,1.0
1453.0,1943.0,57513.0,0.0,0.0,59.0,0.0,735.0,40.0,183.0,52.0,20.0,30.0,2.0,9.0,3.0,13.0,6.0,0.0,0.0,0.0,0.0,0.0,0.0,False,False,False,False,True,False,False,False,False,False,False,True,False,82.0,1060.0,25.0,0.0
8310.0,1964.0,68142.0,0.0,1.0,96.0,0.0,897.0,81.0,196.0,91.0,81.0,37.0,3.0,10.0,4.0,7.0,6.0,0.0,0.0,0.0,0.0,0.0,0.0,False,False,True,False,False,False,False,False,False,False,True,False,False,61.0,1459.0,21.0,1.0
10710.0,1979.0,7500.0,0.0,1.0,61.0,0.0,5.0,2.0,3.0,3.0,0.0,5.0,1.0,1.0,0.0,2.0,8.0,0.0,0.0,0.0,0.0,0.0,0.0,False,False,True,False,False,False,False,False,True,False,False,False,False,46.0,18.0,3.0,1.0
5031.0,1974.0,83145.0,0.0,0.0,14.0,0.0,777.0,35.0,556.0,39.0,81.0,114.0,1.0,5.0,9.0,11.0,2.0,0.0,0.0,0.0,0.0,1.0,1.0,False,False,True,False,False,False,False,False,False,False,True,False,False,51.0,1833.0,25.0,0.0
2613.0,1960.0,54197.0,0.0,1.0,16.0,0.0,162.0,6.0,37.0,6.0,13.0,13.0,2.0,1.0,3.0,6.0,1.0,0.0,0.0,0.0,0.0,0.0,0.0,False,False,False,True,False,False,False,False,True,False,False,False,False,65.0,237.0,10.0,1.0
213.0,1963.0,23091.0,1.0,1.0,98.0,0.0,35.0,0.0,11.0,0.0,0.0,2.0,4.0,2.0,1.0,3.0,7.0,0.0,0.0,0.0,0.0,0.0,0.0,False,False,True,False,False,False,False,False,False,True,False,False,False,62.0,48.0,6.0,2.0
967.0,1976.0,46049.0,1.0,1.0,11.0,0.0,342.0,9.0,112.0,19.0,14.0,19.0,6.0,5.0,2.0,9.0,7.0,0.0,0.0,0.0,0.0,0.0,1.0,False,False,True,False,False,False,False,False,True,False,False,False,False,49.0,515.0,16.0,2.0
1077.0,1974.0,56715.0,0.0,0.0,52.0,0.0,258.0,81.0,239.0,120.5,81.0,9.0,1.0,7.0,3.0,4.0,4.0,0.0,0.0,0.0,0.0,0.0,0.0,False,False,True,False,False,False,False,False,False,False,True,False,False,51.0,1020.0,14.0,0.0
7959.0,1961.0,79410.0,0.0,0.0,19.0,0.0,658.0,80.0,483.0,120.5,13.0,13.0,1.0,3.0,2.0,5.0,1.0,0.0,0.0,0.0,0.0,0.0,0.0,False,False,True,False,False,False,False,False,True,False,False,False,False,64.0,1370.0,10.0,0.0
640.0,1951.0,57304.0,0.0,1.0,61.0,0.0,356.0,80.0,329.0,120.5,17.0,106.0,2.0,7.0,6.0,10.0,5.0,0.0,0.0,0.0,0.0,0.0,0.0,False,False,True,False,False,False,False,False,True,False,False,False,False,74.0,1026.0,23.0,1.0
4252.0,1965.0,44375.0,0.0,1.0,73.0,0.0,213.0,5.0,28.0,7.0,7.0,41.0,1.0,4.0,1.0,6.0,5.0,0.0,0.0,0.0,0.0,0.0,0.0,False,False,True,False,False,False,False,False,True,False,False,False,False,60.0,301.0,11.0,1.0
8432.0,1956.0,54450.0,1.0,1.0,0.0,0.0,454.0,0.0,171.0,8.0,19.0,32.0,6.0,9.0,2.0,8.0,8.0,0.0,0.0,0.0,0.0,0.0,0.0,False,False,True,False,False,False,False,False,False,False,True,False,False,69.0,684.0,19.0,2.0
6218.0,1965.0,59594.0,0.0,1.0,74.0,0.0,457.0,4.0,29.0,0.0,0.0,9.0,1.0,8.0,1.0,7.0,7.0,0.0,0.0,0.0,1.0,0.0,0.0,False,False,True,False,False,False,False,False,True,False,False,False,False,60.0,499.0,16.0,1.0
6905.0,1994.0,80685.0,0.0,0.0,55.0,0.0,241.0,45.0,556.0,34.0,26.0,54.0,1.0,6.0,4.0,10.0,2.0,0.0,0.0,0.0,0.0,0.0,0.0,False,False,True,False,False,False,False,False,False,False,True,False,False,31.0,1004.0,20.0,0.0
5922.0,1974.0,40344.0,0.0,1.0,48.0,0.0,210.0,0.0,6.0,0.0,0.0,2.0,2.0,4.0,1.0,5.0,7.0,0.0,0.0,0.0,0.0,0.0,0.0,False,False,False,False,True,False,False,False,True,False,False,False,False,51.0,218.0,10.0,1.0
3598.0,1972.0,62710.0,0.0,1.0,53.0,0.0,441.0,35.0,83.0,7.0,29.0,11.0,4.0,4.0,2.0,12.0,4.0,0.0,0.0,0.0,0.0,0.0,0.0,False,False,True,False,False,False,False,False,True,False,False,False,False,53.0,606.0,18.0,1.0
6116.0,1968.0,48985.0,0.0,1.0,13.0,0.0,19.0,13.0,18.0,10.0,7.0,8.0,1.0,1.0,1.0,3.0,3.0,0.0,0.0,0.0,0.0,0.0,0.0,True,False,False,False,False,False,False,False,True,False,False,False,False,57.0,75.0,5.0,1.0
6263.0,1968.0,35322.0,1.0,2.0,34.0,0.0,28.0,9.0,37.0,12.0,7.0,13.0,3.0,2.0,0.0,4.0,8.0,0.0,0.0,0.0,0.0,0.0,0.0,False,False,True,False,False,False,False,False,False,False,True,False,False,57.0,106.0,6.0,2.5
10486.0,1948.0,77142.0,0.0,0.0,54.0,0.0,476.0,75.0,162.0,29.0,81.0,97.0,1.0,4.0,4.0,8.0,2.0,0.0,0.0,0.0,0.0,0.0,0.0,False,False,True,False,False,False,False,False,True,False,False,False,False,77.0,990.0,16.0,0.0
2410.0,1969.0,81657.0,0.0,0.0,69.0,0.0,364.0,40.0,425.0,120.5,60.0,50.0,1.0,3.0,4.0,8.0,1.0,0.0,0.0,0.0,0.0,0.0,0.0,False,False,True,False,False,False,False,False,False,True,False,False,False,56.0,1097.0,15.0,0.0
193.0,1996.0,14421.0,0.0,0.0,81.0,0.0,0.0,0.0,2.0,3.0,3.0,8.0,1.0,1.0,0.0,2.0,5.0,0.0,0.0,1.0,0.0,0.0,0.0,False,True,False,False,False,False,False,False,True,False,False,False,False,29.0,16.0,3.0,0.0
3363.0,1974.0,20130.0,0.0,0.0,99.0,0.0,0.0,6.0,3.0,7.0,6.0,12.0,1.0,1.0,0.0,3.0,8.0,0.0,0.0,0.0,0.0,0.0,0.0,True,False,False,False,False,False,False,False,True,False,False,False,False,51.0,34.0,4.0,0.0
8278.0,1990.0,74214.0,0.0,0.0,3.0,0.0,863.0,81.0,547.0,86.0,81.0,33.0,1.0,8.0,2.0,5.0,5.0,0.0,0.0,0.0,0.0,0.0,0.0,False,False,False,False,True,False,False,False,True,False,False,False,False,35.0,1711.0,15.0,0.0
10660.0,1957.0,66726.0,1.0,1.0,61.0,0.0,349.0,7.0,35.0,0.0,0.0,47.0,3.0,8.0,2.0,4.0,7.0,0.0,0.0,0.0,1.0,0.0,0.0,False,False,False,True,False,False,False,False,True,False,False,False,False,68.0,438.0,14.0,2.0
8686.0,1979.0,23724.0,1.0,0.0,65.0,0.0,5.0,23.0,15.0,0.0,18.0,14.0,2.0,2.0,0.0,3.0,8.0,0.0,0.0,0.0,0.0,0.0,0.0,False,True,False,False,False,False,False,False,False,False,True,False,False,46.0,75.0,5.0,1.0
1604.0,1960.0,47353.0,0.0,1.0,93.0,0.0,184.0,2.0,19.0,8.0,8.0,4.0,3.0,2.0,2.0,6.0,5.0,0.0,0.0,0.0,0.0,0.0,0.0,False,False,False,True,False,False,False,False,True,False,False,False,False,65.0,225.0,10.0,1.0
5907.0,1952.0,33444.0,1.0,1.0,24.0,0.0,8.0,0.0,8.0,0.0,0.0,2.0,1.0,1.0,0.0,2.0,8.0,0.0,0.0,0.0,0.0,0.0,0.0,False,False,False,True,False,False,False,False,True,False,False,False,False,73.0,18.0,3.0,2.0
10669.0,1981.0,54386.0,0.0,1.0,8.0,0.0,277.0,21.0,64.0,62.0,21.0,25.0,2.0,3.0,2.0,10.0,3.0,0.0,0.0,0.0,0.0,0.0,0.0,False,False,True,False,False,False,False,False,True,False,False,False,False,44.0,470.0,15.0,1.0
2918.0,1981.0,28510.0,1.0,1.0,72.0,0.0,44.0,5.0,19.0,0.0,4.0,19.0,3.0,2.0,0.0,4.0,5.0,0.0,0.0,0.0,0.0,0.0,0.0,False,False,True,False,False,False,False,True,False,False,False,False,False,44.0,91.0,6.0,2.0
5735.0,1991.0,90638.0,0.0,0.0,29.0,0.0,1156.0,81.0,556.0,94.0,81.0,96.0,1.0,3.0,4.0,10.0,1.0,0.0,0.0,0.0,0.0,1.0,0.0,False,False,False,True,False,False,False,False,False,True,False,False,False,34.0,2510.625,17.0,0.0
359.0,1950.0,48070.0,0.0,1.0,33.0,1.0,373.0,14.0,83.0,6.0,9.0,19.0,3.0,8.0,2.0,6.0,7.0,0.0,0.0,0.0,0.0,0.0,0.0,False,False,True,False,False,False,False,False,False,False,True,False,False,75.0,504.0,16.0,1.0
8387.0,1957.0,43140.0,0.0,1.0,68.0,0.0,134.0,8.0,76.0,6.0,0.0,11.0,1.0,4.0,1.0,5.0,6.0,0.0,0.0,0.0,0.0,0.0,0.0,False,False,True,False,False,False,False,False,True,False,False,False,False,68.0,235.0,10.0,1.0
1829.0,1961.0,54959.0,0.0,1.0,55.0,0.0,1148.0,0.0,60.0,0.0,0.0,24.0,3.0,9.0,5.0,4.0,7.0,0.0,0.0,0.0,1.0,0.0,1.0,False,False,True,False,False,False,False,True,False,False,False,False,False,64.0,1232.0,18.0,1.0
3839.0,1958.0,15056.0,1.0,1.0,76.0,0.0,6.0,12.0,3.0,21.0,6.0,40.0,5.0,2.0,2.0,3.0,5.0,0.0,0.0,0.0,0.0,0.0,0.0,False,True,False,False,False,False,False,False,False,True,False,False,False,67.0,88.0,7.0,2.0
9392.0,1971.0,26954.0,1.0,0.0,17.0,0.0,4.0,1.0,11.0,0.0,0.0,1.0,1.0,1.0,0.0,2.0,7.0,0.0,0.0,0.0,0.0,0.0,0.0,False,False,True,False,False,False,False,False,False,True,False,False,False,54.0,17.0,3.0,1.0
2292.0,1985.0,22327.0,1.0,0.0,94.0,0.0,5.0,4.0,8.0,2.0,0.0,5.0,1.0,1.0,0.0,3.0,5.0,0.0,0.0,0.0,0.0,0.0,0.0,False,False,True,False,False,False,False,False,False,True,False,False,False,40.0,24.0,4.0,1.0
10466.0,1965.0,44393.0,1.0,1.0,86.0,0.0,24.0,2.0,20.0,2.0,2.0,10.0,2.0,1.0,0.0,4.0,4.0,0.0,0.0,0.0,0.0,0.0,0.0,False,False,True,False,False,False,False,False,True,False,False,False,False,60.0,60.0,5.0,2.0
9855.0,1952.0,62000.0,0.0,1.0,25.0,0.0,899.0,0.0,101.0,0.0,0.0,20.0,1.0,6.0,6.0,13.0,4.0,1.0,0.0,0.0,0.0,0.0,0.0,False,False,False,False,True,False,False,False,False,True,False,False,False,73.0,1020.0,25.0,1.0
4088.0,1962.0,31497.0,0.0,1.0,22.0,0.0,108.0,1.0,28.0,13.0,1.0,4.0,2.0,3.0,1.0,4.0,8.0,0.0,0.0,0.0,0.0,0.0,0.0,False,False,False,False,True,False,False,False,False,False,True,False,False,63.0,155.0,8.0,1.0
5231.0,1974.0,45894.0,0.0,2.0,15.0,0.0,27.0,2.0,7.0,0.0,2.0,13.0,1.0,1.0,0.0,3.0,5.0,0.0,0.0,0.0,0.0,0.0,0.0,True,False,False,False,False,False,False,False,True,False,False,False,False,51.0,51.0,4.0,2.0
590.0,1970.0,78579.0,0.0,0.0,35.0,0.0,816.0,66.0,549.0,120.5,66.0,99.0,1.0,5.0,6.0,4.0,3.0,0.0,0.0,0.0,0.0,0.0,1.0,False,False,False,True,False,False,False,True,False,False,False,False,False,55.0,1812.0,15.0,0.0
8732.0,1969.0,67369.0,0.0,1.0,81.0,0.0,1225.0,0.0,70.0,37.0,14.0,42.0,4.0,7.0,4.0,10.0,4.0,0.0,0.0,0.0,1.0,1.0,1.0,False,False,False,True,False,False,False,False,False,False,False,True,False,56.0,1461.0,21.0,1.0
2315.0,1960.0,44462.90875469078,0.0,1.0,55.0,0.0,10.0,0.0,11.0,17.0,29.0,29.0,1.0,1.0,2.0,2.0,4.0,0.0,0.0,0.0,0.0,0.0,0.0,False,False,True,False,False,False,False,True,False,False,False,False,False,65.0,96.0,5.0,1.0
3515.0,1952.0,62307.0,0.0,1.0,94.0,0.0,87.0,13.0,34.0,10.0,6.0,10.0,1.0,4.0,0.0,4.0,5.0,0.0,0.0,0.0,0.0,0.0,0.0,False,False,True,False,False,False,False,False,False,True,False,False,False,73.0,160.0,8.0,1.0
2245.0,1969.0,43641.0,1.0,1.0,50.0,0.0,57.0,2.0,51.0,4.0,2.0,23.0,3.0,2.0,1.0,4.0,6.0,0.0,0.0,0.0,0.0,0.0,0.0,False,False,False,True,False,False,False,False,True,False,False,False,False,56.0,139.0,7.0,2.0
6283.0,1968.0,63841.0,0.0,1.0,64.0,0.0,635.0,15.0,100.0,20.0,7.0,126.5,1.0,9.0,3.0,9.0,6.0,0.0,0.0,0.0,0.0,0.0,0.0,False,False,False,True,False,False,False,True,False,False,False,False,False,57.0,908.0,21.0,1.0
2246.0,1965.0,46891.0,0.0,1.0,91.0,0.0,43.0,12.0,23.0,29.0,15.0,61.0,1.0,2.0,1.0,4.0,4.0,0.0,0.0,0.0,0.0,0.0,0.0,True,False,False,False,False,False,False,False,True,False,False,False,False,60.0,183.0,7.0,1.0
6606.0,1969.0,70091.0,1.0,0.0,11.0,0.0,964.0,34.0,137.0,15.0,0.0,11.0,2.0,5.0,2.0,10.0,8.0,0.0,0.0,0.0,1.0,0.0,0.0,False,False,False,True,False,False,False,False,True,False,False,False,False,56.0,1161.0,17.0,1.0
5545.0,1972.0,78075.0,0.0,0.0,72.0,0.0,572.0,8.0,259.0,34.0,35.0,80.0,1.0,3.0,5.0,5.0,1.0,0.0,0.0,0.0,0.0,0.0,0.0,False,False,False,False,True,False,False,False,True,False,False,False,False,53.0,988.0,13.0,0.0
7342.0,1961.0,68260.34284241177,0.0,1.0,6.0,0.0,341.0,81.0,113.0,120.5,81.0,66.0,3.0,6.0,6.0,12.0,5.0,0.0,0.0,0.0,0.0,0.0,0.0,True,False,False,False,False,False,False,False,False,False,False,True,False,64.0,1072.0,24.0,1.0
837.0,1977.0,54809.0,1.0,1.0,0.0,0.0,63.0,6.0,57.0,13.0,13.0,22.0,4.0,2.0,1.0,5.0,4.0,0.0,0.0,0.0,0.0,0.0,0.0,False,False,True,False,False,False,False,False,True,False,False,False,False,48.0,174.0,8.0,2.0
9500.0,1959.0,58113.0,0.0,1.0,66.0,1.0,221.0,81.0,169.0,102.0,78.0,84.0,3.0,9.0,2.0,8.0,7.0,0.0,0.0,0.0,0.0,0.0,0.0,False,False,True,False,False,False,False,False,True,False,False,False,False,66.0,758.0,19.0,1.0
3602.0,1958.0,49553.29825830857,0.0,1.0,42.0,0.0,140.0,3.0,29.0,4.0,5.0,14.0,2.0,3.0,2.0,4.0,4.0,0.0,0.0,0.0,0.0,0.0,0.0,False,False,False,True,False,False,False,False,True,False,False,False,False,67.0,195.0,9.0,1.0
234.0,1979.0,15287.0,1.0,0.0,60.0,0.0,1.0,2.0,8.0,4.0,3.0,13.0,2.0,1.0,1.0,2.0,7.0,0.0,0.0,1.0,0.0,0.0,1.0,False,False,True,False,False,False,False,True,False,False,False,False,False,46.0,31.0,4.0,1.0
2995.0,1957.0,66636.0,0.0,0.0,64.0,0.0,291.0,10.0,556.0,84.0,10.0,0.0,1.0,3.0,4.0,9.0,1.0,0.0,0.0,0.0,0.0,0.0,0.0,False,False,False,True,False,False,False,False,False,False,True,False,False,68.0,1084.0,16.0,0.0
1118.0,1956.0,50965.0,0.0,1.0,87.0,0.0,544.0,13.0,85.0,8.0,6.0,29.0,3.0,10.0,4.0,5.0,8.0,0.0,0.0,1.0,0.0,0.0,0.0,False,False,False,True,False,False,False,False,True,False,False,False,False,69.0,685.0,19.0,1.0
7789.0,1965.0,84618.0,0.0,0.0,96.0,0.0,684.0,81.0,556.0,21.0,66.0,0.0,1.0,6.0,9.0,10.0,2.0,0.0,0.0,0.0,0.0,1.0,0.0,False,False,False,False,True,False,False,False,True,False,False,False,False,60.0,1672.0,25.0,0.0
3068.0,1990.0,18351.0,0.0,0.0,1.0,0.0,1.0,12.0,9.0,0.0,14.0,7.0,1.0,2.0,0.0,3.0,7.0,0.0,0.0,0.0,0.0,0.0,0.0,False,False,True,False,False,False,False,False,True,False,False,False,False,35.0,43.0,5.0,0.0
8955.0,1957.0,40451.0,0.0,2.0,54.0,0.0,35.0,0.0,4.0,0.0,0.0,10.0,1.0,1.0,1.0,2.0,5.0,0.0,0.0,1.0,0.0,0.0,0.0,False,False,False,False,True,False,False,False,False,False,True,False,False,68.0,49.0,4.0,2.0
945.0,1965.0,36317.0,0.0,1.0,53.0,0.0,87.0,3.0,25.0,3.0,2.0,13.0,2.0,3.0,0.0,4.0,7.0,0.0,0.0,0.0,0.0,0.0,0.0,False,False,True,False,False,False,False,False,False,False,True,False,False,60.0,133.0,7.0,1.0
5644.0,1957.0,42213.0,0.0,1.0,96.0,0.0,309.0,3.0,24.0,4.0,3.0,20.0,2.0,5.0,1.0,7.0,7.0,0.0,0.0,0.0,1.0,0.0,0.0,False,False,True,False,False,False,False,False,False,False,True,False,False,68.0,363.0,13.0,1.0
7192.0,1955.0,65748.0,0.0,1.0,58.0,1.0,172.0,73.0,93.0,95.0,78.0,34.0,2.0,2.0,4.0,10.0,1.0,0.0,0.0,0.0,0.0,0.0,0.0,False,False,True,False,False,False,False,False,False,False,True,False,False,70.0,545.0,16.0,1.0
2324.0,1972.0,77044.0,0.0,1.0,12.0,0.0,625.0,38.0,242.0,50.0,34.0,76.0,2.0,7.0,10.0,11.0,4.0,0.0,0.0,1.0,0.0,0.0,0.0,False,False,True,False,False,False,False,False,False,False,True,False,False,53.0,1065.0,29.0,1.0
697.0,1969.0,74918.0,0.0,0.0,78.0,0.0,972.0,59.0,556.0,25.0,19.0,59.0,1.0,5.0,9.0,6.0,3.0,0.0,0.0,0.0,0.0,1.0,0.0,False,False,True,False,False,False,False,False,False,False,True,False,False,56.0,2047.0,20.0,0.0
3439.0,1972.0,56721.0,1.0,1.0,64.0,0.0,157.0,6.0,39.0,6.0,13.0,75.0,5.0,4.0,1.0,5.0,6.0,0.0,0.0,0.0,0.0,0.0,0.0,False,False,True,False,False,False,False,False,True,False,False,False,False,53.0,296.0,10.0,2.0
1506.0,1975.0,40801.99954176361,1.0,1.0,26.0,0.0,48.0,9.0,45.0,3.0,15.0,20.0,4.0,2.0,1.0,4.0,6.0,0.0,0.0,0.0,0.0,0.0,1.0,False,False,True,False,False,False,False,False,False,True,False,False,False,50.0,140.0,7.0,2.0
232.0,1965.0,61559.0,0.0,1.0,8.0,0.0,279.0,81.0,88.0,32.0,14.0,34.0,1.0,4.0,2.0,10.0,3.0,0.0,0.0,0.0,0.0,0.0,0.0,False,False,True,False,False,False,False,False,False,True,False,False,False,60.0,530.0,16.0,1.0
8876.0,1963.0,33629.0,1.0,0.8367375654812896,49.0,0.0,132.0,0.0,16.0,0.0,0.0,4.0,5.0,3.0,1.0,4.0,9.0,0.0,0.0,0.0,0.0,0.0,0.0,False,False,False,False,True,False,False,False,False,False,True,False,False,62.0,152.0,8.0,1.8367375654812896
4500.0,1991.0,68682.0,0.0,0.0,56.0,0.0,919.0,0.0,505.0,99.0,30.0,45.0,1.0,4.0,9.0,10.0,2.0,0.0,0.0,0.0,0.0,0.0,0.0,False,False,False,False,True,False,False,False,False,False,True,False,False,34.0,1598.0,23.0,0.0
9739.0,1963.0,34377.0,0.0,1.0,55.0,0.0,62.0,0.0,22.0,3.0,1.0,26.0,2.0,2.0,2.0,2.0,7.0,0.0,0.0,0.0,0.0,0.0,0.0,False,False,True,False,False,False,False,False,False,True,False,False,False,62.0,114.0,6.0,1.0
10395.0,1986.0,8940.0,1.0,0.24894108724225106,25.0,0.0,1.0,45.0,3.0,4.0,6.0,42.0,3.0,3.0,1.0,3.0,8.0,0.0,0.0,0.0,0.0,0.0,0.0,False,True,False,False,False,False,False,False,False,True,False,False,False,39.0,101.0,7.0,1.248941087242251
1176.0,1973.0,26228.0,1.0,0.0,50.0,0.0,2.0,6.0,4.0,3.0,1.0,9.0,1.0,1.0,0.0,2.0,8.0,0.0,0.0,0.0,0.0,0.0,0.0,False,False,True,False,False,False,False,False,True,False,False,False,False,52.0,25.0,3.0,1.0
1627.0,1957.0,77297.0,0.0,0.0,84.0,0.0,408.0,61.0,109.0,48.0,81.0,41.0,1.0,5.0,7.0,9.0,4.0,1.0,0.0,0.0,0.0,0.0,0.0,True,False,False,False,False,False,False,True,False,False,False,False,False,68.0,789.0,21.0,0.0
938.0,1981.0,40211.0,1.0,1.0,30.0,0.0,51.0,1.0,7.0,2.0,1.0,25.0,2.0,2.0,1.0,2.0,8.0,0.0,0.0,1.0,0.0,0.0,0.0,False,False,True,False,False,False,False,False,True,False,False,False,False,44.0,87.0,5.0,2.0
2740.0,1958.0,33438.0,1.0,1.0,81.0,0.0,62.0,1.0,16.0,3.0,2.0,6.0,4.0,2.0,1.0,4.0,5.0,0.0,0.0,0.0,0.0,0.0,0.0,False,False,False,False,True,False,False,False,False,False,False,True,False,67.0,90.0,7.0,2.0
257.0,1959.0,75032.0,0.0,1.0,74.0,0.0,952.0,12.0,180.0,47.0,12.0,12.0,2.0,5.0,4.0,9.0,3.0,0.0,0.0,0.0,0.0,0.0,0.0,False,False,False,False,True,False,False,False,True,False,False,False,False,66.0,1215.0,18.0,1.0
4058.0,1955.0,61284.0,0.0,0.0,76.0,0.0,618.0,15.0,106.0,20.0,7.0,45.0,1.0,11.0,2.0,8.0,6.0,0.0,0.0,0.0,1.0,0.0,0.0,False,False,False,False,True,False,False,False,False,True,False,False,False,70.0,811.0,21.0,0.0
7736.0,1986.0,22518.0,1.0,0.0,36.0,0.0,11.0,7.0,12.0,2.0,2.0,27.0,2.0,2.0,1.0,2.0,5.0,0.0,0.0,1.0,0.0,0.0,1.0,False,False,True,False,False,False,False,False,True,False,False,False,False,39.0,61.0,5.0,1.0
8210.0,1975.0,54730.0,0.0,1.0,64.0,0.0,318.0,3.0,17.0,4.0,7.0,56.0,5.0,4.0,1.0,8.0,4.0,0.0,0.0,0.0,0.0,0.0,0.0,False,False,False,True,False,False,False,False,True,False,False,False,False,50.0,405.0,13.0,1.0
833.0,1955.0,38452.0,1.0,1.0,62.0,0.0,56.0,0.0,14.0,0.0,0.0,2.0,3.0,3.0,0.0,3.0,7.0,0.0,0.0,0.0,0.0,0.0,0.0,False,False,False,True,False,False,False,False,True,False,False,False,False,70.0,72.0,6.0,2.0
6230.0,1971.0,44421.0,1.0,1.0,53.0,0.0,110.0,5.0,59.0,7.0,1.0,7.0,5.0,5.0,0.0,4.0,8.0,0.0,0.0,0.0,0.0,0.0,0.0,False,False,True,False,False,False,False,True,False,False,False,False,False,54.0,189.0,9.0,2.0
7325.0,1986.0,38197.0,1.0,0.0,86.0,0.0,23.0,0.0,11.0,2.0,1.0,3.0,1.0,1.0,0.0,3.0,5.0,0.0,0.0,0.0,0.0,0.0,0.0,False,False,False,False,True,False,False,False,False,False,True,False,False,39.0,40.0,4.0,1.0
1307.0,1978.0,41986.0,0.0,1.0,15.0,0.0,27.0,5.0,8.0,8.0,3.0,12.0,3.0,3.0,0.0,4.0,4.0,0.0,0.0,0.0,0.0,0.0,0.0,False,False,True,False,False,False,False,True,False,False,False,False,False,47.0,63.0,7.0,1.0
1502.0,1983.0,28427.0,1.0,0.0,67.0,0.0,18.0,3.0,19.0,3.0,3.0,6.0,2.0,2.0,0.0,3.0,8.0,0.0,0.0,0.0,0.0,0.0,0.0,False,False,True,False,False,False,False,False,False,False,True,False,False,42.0,52.0,5.0,1.0
6211.0,1976.0,37395.0,1.0,0.0,47.0,0.0,18.0,0.0,9.0,0.0,1.0,11.0,1.0,1.0,0.0,3.0,6.0,0.0,0.0,0.0,0.0,0.0,0.0,False,False,False,False,True,False,False,False,False,False,True,False,False,49.0,39.0,4.0,1.0
843.0,1971.0,64722.0,1.0,0.0,47.0,0.0,303.0,0.0,280.0,60.0,81.0,15.0,4.0,8.0,2.0,11.0,6.0,0.0,0.0,0.0,0.0,0.0,0.0,False,False,True,False,False,False,False,False,True,False,False,False,False,54.0,805.0,21.0,1.0
4174.0,1956.0,55249.0,0.0,1.0,81.0,0.0,97.0,1.0,19.0,2.0,0.0,11.0,1.0,2.0,1.0,4.0,3.0,0.0,0.0,0.0,0.0,0.0,0.0,False,False,False,True,False,False,False,False,False,False,True,False,False,69.0,130.0,7.0,1.0
9757.0,1972.0,84906.0,0.0,0.0,98.0,0.0,997.0,15.0,414.0,99.0,30.0,76.0,1.0,5.0,6.0,12.0,2.0,0.0,1.0,0.0,1.0,1.0,0.0,False,False,True,False,False,False,False,False,False,False,True,False,False,53.0,1631.0,23.0,0.0
6918.0,1989.0,28691.0,1.0,0.0,56.0,0.0,5.0,4.0,13.0,8.0,0.0,4.0,1.0,1.0,0.0,3.0,8.0,0.0,0.0,0.0,0.0,0.0,0.0,False,False,True,False,False,False,False,False,True,False,False,False,False,36.0,34.0,4.0,1.0
286.0,1952.0,44213.0,1.0,1.0,48.0,0.0,95.0,11.0,35.0,0.0,4.0,7.0,4.0,2.0,1.0,5.0,6.0,0.0,0.0,0.0,0.0,0.0,0.0,False,False,True,False,False,False,False,False,False,True,False,False,False,73.0,152.0,8.0,2.0
11086.0,1984.0,25707.0,1.0,0.0,18.0,0.0,1.0,6.0,2.0,3.0,6.0,3.0,1.0,1.0,0.0,3.0,7.0,0.0,0.0,0.0,0.0,0.0,0.0,False,True,False,False,False,False,False,False,False,True,False,False,False,41.0,21.0,4.0,1.0
1921.0,1967.0,59062.0,2.0,1.0,74.0,0.0,46.0,1.0,12.0,3.0,0.0,9.0,2.0,2.0,0.0,3.0,4.0,0.0,0.0,0.0,0.0,0.0,0.0,False,False,False,False,True,False,False,False,True,False,False,False,False,58.0,71.0,5.0,2.5
4138.0,1962.0,76624.0,0.0,1.0,68.0,0.0,411.0,81.0,147.0,54.0,81.0,66.0,1.0,5.0,10.0,7.0,1.0,0.0,0.0,1.0,0.0,0.0,0.0,False,False,True,False,False,False,False,False,False,True,False,False,False,63.0,899.0,22.0,1.0
7718.0,1947.0,66000.0,0.0,0.0,36.0,0.0,244.0,51.0,270.0,101.0,0.0,45.0,1.0,1.0,3.0,5.0,1.0,0.0,0.0,0.0,0.0,0.0,0.0,False,False,False,True,False,False,False,False,False,False,True,False,False,78.0,711.0,9.0,0.0
1291.0,1978.0,27683.0,1.0,0.0,90.0,0.0,152.0,9.0,121.0,12.0,12.0,45.0,4.0,6.0,2.0,4.0,8.0,0.0,0.0,0.0,0.0,0.0,0.0,False,False,False,False,True,False,False,False,False,False,True,False,False,47.0,351.0,12.0,1.0
6862.0,1971.0,1730.0,0.0,0.0,65.0,0.0,1.0,1.0,3.0,1.0,1.0,1.0,6.0,0.0,0.0,0.0,13.0,0.0,0.0,0.0,0.0,0.0,0.0,False,False,True,False,False,False,False,True,False,False,False,False,False,54.0,8.0,0.0,0.0
4136.0,1992.0,7500.0,1.0,0.0,63.0,0.0,10.0,17.0,18.0,8.0,26.0,40.0,4.0,3.0,2.0,2.0,9.0,0.0,0.0,0.0,0.0,0.0,0.0,False,True,False,False,False,False,False,False,False,True,False,False,False,33.0,119.0,7.0,1.0
803.0,1968.0,40521.0,1.0,1.0,82.0,0.0,12.0,0.0,5.0,0.0,0.0,4.0,1.0,0.0,1.0,2.0,5.0,0.0,0.0,0.0,0.0,0.0,0.0,False,False,True,False,False,False,False,False,False,False,True,False,False,57.0,21.0,3.0,2.0
4298.0,1973.0,20427.0,1.0,0.0,63.0,0.0,5.0,0.0,4.0,0.0,0.0,1.0,1.0,1.0,0.0,2.0,8.0,0.0,0.0,0.0,0.0,0.0,0.0,False,False,False,False,True,False,False,False,False,False,True,False,False,52.0,10.0,3.0,1.0
10833.0,1975.0,65106.0,0.0,1.0,55.0,0.0,790.0,19.0,133.0,12.0,0.0,19.0,3.0,8.0,3.0,13.0,6.0,0.0,0.0,0.0,1.0,0.0,0.0,False,False,True,False,False,False,False,False,True,False,False,False,False,50.0,973.0,24.0,1.0
9606.0,1965.0,69969.0,0.0,0.0,64.0,0.0,882.0,29.0,514.0,38.0,29.0,44.0,1.0,4.0,2.0,6.0,3.0,1.0,0.0,0.0,0.0,1.0,1.0,False,False,True,False,False,False,False,False,True,False,False,False,False,60.0,1536.0,12.0,0.0
8534.0,1952.0,67433.0,0.0,2.0,51.0,0.0,615.0,28.0,259.0,12.0,48.0,30.0,4.0,6.0,5.0,13.0,4.0,0.0,0.0,0.0,1.0,0.0,0.0,False,False,True,False,False,False,False,False,True,False,False,False,False,73.0,992.0,24.0,2.0
5153.0,1967.0,77766.0,0.0,1.0,97.0,0.0,1004.0,59.0,265.0,115.0,59.0,27.0,2.0,11.0,10.0,11.0,6.0,0.0,0.0,1.0,0.0,0.0,1.0,False,False,False,False,True,False,False,False,True,False,False,False,False,58.0,1529.0,32.0,1.0
961.0,1972.0,74716.0,0.0,1.0,92.0,0.0,133.0,27.0,421.0,13.0,81.0,71.0,2.0,7.0,3.0,5.0,4.0,0.0,0.0,0.0,0.0,0.0,0.0,False,False,True,False,False,False,False,False,True,False,False,False,False,53.0,860.0,15.0,1.0
5011.0,1963.0,68118.0,0.0,1.0,51.0,0.0,595.0,23.0,123.0,10.0,23.0,126.5,2.0,8.0,9.0,4.0,6.0,0.0,0.0,0.0,0.0,0.0,0.0,False,False,True,False,False,False,False,True,False,False,False,False,False,62.0,928.0,21.0,1.0
6653.0,1970.0,55158.0,1.0,1.0,72.0,0.0,293.0,0.0,87.0,4.0,11.0,23.0,4.0,7.0,2.0,5.0,7.0,0.0,0.0,0.0,0.0,0.0,1.0,False,False,False,False,True,False,False,False,True,False,False,False,False,55.0,418.0,14.0,2.0
9094.0,1955.0,62972.0,0.0,1.0,39.0,0.0,313.0,15.0,47.0,20.0,0.0,126.5,2.0,7.0,4.0,3.0,6.0,0.0,0.0,0.0,0.0,0.0,1.0,True,False,False,False,False,False,False,False,True,False,False,False,False,70.0,587.0,14.0,1.0
810.0,1975.0,74190.0,0.0,1.0,49.0,0.0,151.0,81.0,86.0,120.5,81.0,64.0,2.0,4.0,2.0,11.0,2.0,0.0,0.0,0.0,0.0,0.0,0.0,False,False,True,False,False,False,False,False,True,False,False,False,False,50.0,641.0,17.0,1.0
5493.0,1976.0,39356.0,1.0,1.0,21.0,0.0,15.0,0.0,2.0,0.0,0.0,6.0,1.0,1.0,0.0,2.0,6.0,0.0,0.0,1.0,0.0,0.0,0.0,False,False,True,False,False,False,False,False,True,False,False,False,False,49.0,23.0,3.0,2.0
2147.0,1969.0,76653.0,0.0,0.0,91.0,0.0,736.0,63.0,556.0,120.5,81.0,126.0,1.0,4.0,7.0,11.0,2.0,1.0,0.0,0.0,0.0,1.0,0.0,False,False,True,False,False,False,False,False,False,False,True,False,False,56.0,2279.0,22.0,0.0
5107.0,1973.0,35860.0,1.0,1.0,37.0,0.0,15.0,0.0,8.0,4.0,2.0,20.0,2.0,1.0,1.0,2.0,5.0,0.0,0.0,1.0,0.0,0.0,0.0,False,False,False,False,True,False,False,True,False,False,False,False,False,52.0,49.0,4.0,2.0
3979.0,1983.0,90687.0,0.0,0.0,98.0,0.0,982.0,17.0,556.0,23.0,34.0,51.0,1.0,6.0,2.0,8.0,2.0,0.0,0.0,0.0,0.0,1.0,1.0,False,False,False,False,True,False,False,True,False,False,False,False,False,42.0,1779.0,16.0,0.0
6049.0,1982.0,73450.0,0.0,0.0,85.0,0.0,1142.0,51.0,415.0,90.0,69.0,37.0,1.0,7.0,8.0,11.0,3.0,1.0,0.0,1.0,0.0,0.0,0.0,False,False,False,True,False,False,False,False,False,False,True,False,False,43.0,1804.0,26.0,0.0
8147.0,1960.0,31454.0,1.0,1.0,40.0,0.0,28.0,0.0,11.0,0.0,0.0,9.0,3.0,2.0,0.0,3.0,8.0,0.0,0.0,0.0,0.0,0.0,0.0,False,False,True,False,False,False,False,False,True,False,False,False,False,65.0,48.0,5.0,2.0
1857.0,1952.0,47139.0,1.0,1.0,2.0,0.0,46.0,0.0,12.0,0.0,2.0,23.0,2.0,2.0,1.0,2.0,7.0,0.0,0.0,0.0,0.0,0.0,1.0,False,False,True,False,False,False,False,False,False,True,False,False,False,73.0,83.0,5.0,2.0
3910.0,1975.0,83829.0,0.0,0.0,78.0,0.0,897.0,81.0,430.0,120.5,81.0,27.0,0.0,4.0,7.0,6.0,1.0,1.0,0.0,1.0,0.0,1.0,1.0,False,False,True,False,False,False,False,True,False,False,False,False,False,50.0,1862.0,17.0,0.0
5207.0,1963.0,53378.0,1.0,1.0,41.0,0.0,489.0,6.0,152.0,8.0,6.0,126.5,6.0,9.0,4.0,6.0,8.0,0.0,0.0,0.0,0.0,0.0,1.0,False,False,False,False,True,False,False,False,True,False,False,False,False,62.0,793.0,19.0,2.0
11114.0,1970.0,19656.0,1.0,0.0,94.0,0.0,25.0,4.0,9.0,6.0,8.0,32.0,3.0,2.0,1.0,3.0,7.0,0.0,0.0,0.0,0.0,0.0,0.0,False,False,True,False,False,False,False,False,False,False,True,False,False,55.0,84.0,6.0,1.0
5429.0,1948.0,45579.0,0.0,1.0,10.0,0.0,145.0,1.0,33.0,2.0,1.0,1.0,1.0,4.0,1.0,4.0,6.0,0.0,0.0,0.0,0.0,0.0,0.0,False,False,False,False,True,False,False,False,True,False,False,False,False,77.0,183.0,9.0,1.0
9400.0,1958.0,85485.0,0.0,0.0,73.0,0.0,630.0,26.0,556.0,44.0,18.0,54.0,1.0,6.0,6.0,6.0,2.0,0.0,0.0,0.0,0.0,0.0,0.0,True,False,False,False,False,False,False,False,False,True,False,False,False,67.0,1383.0,18.0,0.0
1740.0,1944.0,55956.0,0.0,0.0,22.0,0.0,760.0,38.0,104.0,50.0,9.0,38.0,2.0,7.0,3.0,4.0,4.0,0.0,0.0,0.0,1.0,0.0,0.0,False,False,True,False,False,False,False,False,True,False,False,False,False,81.0,999.0,14.0,0.0
7488.0,1963.0,64191.0,0.0,1.0,30.0,0.0,420.0,15.0,186.0,120.5,38.0,15.0,3.0,5.0,3.0,13.0,3.0,0.0,0.0,0.0,0.0,0.0,0.0,False,False,False,True,False,False,False,False,False,True,False,False,False,62.0,825.0,21.0,1.0
195.0,1972.0,38808.0,1.0,0.0,21.0,0.0,125.0,17.0,52.0,3.0,19.0,30.0,4.0,5.0,1.0,4.0,8.0,0.0,0.0,1.0,0.0,0.0,1.0,False,False,True,False,False,False,False,False,False,True,False,False,False,53.0,246.0,10.0,1.0
635.0,1966.0,57183.0,1.0,1.0,51.0,0.0,464.0,5.0,64.0,7.0,0.0,70.0,6.0,9.0,1.0,7.0,8.0,0.0,0.0,0.0,0.0,0.0,0.0,False,False,False,True,False,False,False,False,True,False,False,False,False,59.0,610.0,17.0,2.0
7527.0,1968.0,23748.0,1.0,0.0,97.0,0.0,6.0,6.0,29.0,12.0,15.0,8.0,3.0,2.0,1.0,3.0,8.0,0.0,0.0,0.0,0.0,0.0,0.0,False,False,False,True,False,False,False,True,False,False,False,False,False,57.0,76.0,6.0,1.0
10319.0,1971.0,66303.0,0.0,1.0,56.0,0.0,1090.0,12.0,96.0,16.0,12.0,60.0,4.0,3.0,4.0,11.0,8.0,0.0,0.0,0.0,1.0,0.0,0.0,False,False,True,False,False,False,False,False,True,False,False,False,False,54.0,1286.0,18.0,1.0
2296.0,1975.0,37368.0,1.0,0.0,4.0,0.0,3.0,2.0,11.0,2.0,2.0,10.0,1.0,1.0,0.0,2.0,6.0,0.0,0.0,1.0,0.0,0.0,0.0,False,False,False,True,False,False,False,False,True,False,False,False,False,50.0,30.0,3.0,1.0
10637.0,1964.0,40800.0,1.0,2.0,77.0,1.0,24.0,0.0,27.0,8.0,30.0,10.0,2.0,3.0,0.0,3.0,7.0,0.0,0.0,0.0,0.0,0.0,0.0,False,False,True,False,False,False,False,False,True,False,False,False,False,61.0,99.0,6.0,2.5
2931.0,1978.0,71847.0,0.0,0.0,95.0,0.0,737.0,21.0,106.0,55.0,63.0,126.5,0.0,6.0,7.0,9.0,3.0,1.0,0.0,0.0,0.0,0.0,0.0,False,False,True,False,False,False,False,True,False,False,False,False,False,47.0,1192.0,22.0,0.0
907.0,1975.0,46149.0,0.0,1.0,36.0,0.0,254.0,6.0,71.0,4.0,0.0,27.0,5.0,5.0,1.0,7.0,5.0,0.0,0.0,0.0,0.0,0.0,0.0,False,False,True,False,False,False,False,False,True,False,False,False,False,50.0,362.0,13.0,1.0
3698.0,1983.0,78687.0,0.0,0.0,13.0,0.0,817.0,81.0,556.0,120.5,55.0,126.5,1.0,4.0,6.0,8.0,2.0,0.0,0.0,0.0,0.0,1.0,1.0,False,False,True,False,False,False,False,False,False,False,True,False,False,42.0,2130.0,18.0,0.0
9516.0,1971.0,49118.0,0.0,0.0,90.0,0.0,620.0,54.0,239.0,99.0,81.0,119.0,2.0,9.0,7.0,10.0,7.0,0.0,1.0,0.0,1.0,0.0,1.0,True,False,False,False,False,False,False,True,False,False,False,False,False,54.0,1229.0,26.0,0.0
679.0,1957.0,37633.0,1.0,1.0,49.0,0.0,13.0,4.0,20.0,0.0,0.0,1.0,2.0,1.0,0.0,3.0,9.0,0.0,0.0,0.0,0.0,0.0,0.0,False,False,False,False,True,False,False,False,True,False,False,False,False,68.0,38.0,4.0,2.0
7384.0,1951.0,39767.0,0.0,0.0,18.0,0.0,113.0,61.0,204.0,34.0,26.0,47.0,2.0,7.0,1.0,7.0,8.0,0.0,0.0,0.0,0.0,0.0,0.0,False,False,False,True,False,False,False,False,False,False,True,False,False,74.0,485.0,15.0,0.0
5043.0,1951.0,26997.0,0.0,0.0,89.0,0.0,7.0,23.0,78.0,120.5,49.0,126.5,2.0,4.0,2.0,5.0,7.0,0.0,0.0,0.0,0.0,0.0,0.0,False,True,False,False,False,False,False,False,True,False,False,False,False,74.0,434.0,11.0,0.0
5267.0,1970.0,33986.0,1.0,0.0,43.0,0.0,16.0,2.0,18.0,2.0,1.0,5.0,1.0,1.0,0.0,3.0,7.0,0.0,0.0,0.0,0.0,0.0,0.0,False,False,True,False,False,False,False,True,False,False,False,False,False,55.0,44.0,4.0,1.0
339.0,1972.0,57091.0,0.0,1.0,82.0,0.0,462.0,0.0,24.0,6.0,0.0,4.0,2.0,9.0,2.0,5.0,7.0,0.0,0.0,0.0,1.0,0.0,1.0,False,False,False,False,True,False,False,False,True,False,False,False,False,53.0,496.0,16.0,1.0
2516.0,1969.0,46831.0,1.0,1.0,84.0,0.0,22.0,2.0,10.0,6.0,4.0,34.0,2.0,1.0,2.0,2.0,4.0,0.0,0.0,0.0,0.0,0.0,0.0,True,False,False,False,False,False,False,False,True,False,False,False,False,56.0,78.0,5.0,2.0
9010.0,1972.0,83151.0,0.0,0.0,80.0,0.0,968.0,81.0,556.0,120.5,42.0,126.5,1.0,5.0,7.0,10.0,2.0,1.0,0.0,1.0,0.0,1.0,1.0,False,False,False,True,False,False,False,False,True,False,False,False,False,53.0,2346.0,22.0,0.0
378.0,1971.0,52531.0,0.0,0.0,68.0,0.0,283.0,81.0,151.0,51.0,72.0,125.0,2.0,7.0,2.0,10.0,6.0,0.0,0.0,0.0,0.0,0.0,0.0,False,False,True,False,False,False,False,False,True,False,False,False,False,54.0,794.0,19.0,0.0
4808.0,1956.0,15759.0,0.0,0.0,12.0,0.0,1.0,2.0,5.0,6.0,0.0,3.0,1.0,1.0,0.0,2.0,7.0,0.0,0.0,0.0,0.0,0.0,0.0,False,False,True,False,False,False,False,False,True,False,False,False,False,69.0,17.0,3.0,0.0
5068.0,1971.0,22804.0,1.0,0.0,75.0,0.0,14.0,1.0,7.0,2.0,1.0,1.0,1.0,2.0,0.0,2.0,9.0,0.0,0.0,0.0,0.0,0.0,0.0,False,False,True,False,False,False,False,False,False,True,False,False,False,54.0,26.0,4.0,1.0
7628.0,1973.0,43050.0,1.0,0.0,10.0,0.0,30.0,5.0,24.0,6.0,3.0,8.0,2.0,2.0,0.0,4.0,5.0,0.0,0.0,0.0,0.0,0.0,0.0,True,False,False,False,False,False,False,False,True,False,False,False,False,52.0,76.0,6.0,1.0
7128.0,1977.0,42997.0,1.0,1.0,91.0,0.0,4.0,0.0,5.0,0.0,1.0,5.0,1.0,1.0,0.0,2.0,7.0,0.0,0.0,0.0,0.0,0.0,0.0,False,False,False,False,True,False,False,False,False,True,False,False,False,48.0,15.0,3.0,2.0
2811.0,1963.0,48918.0,1.0,1.0,21.0,0.0,52.0,0.0,9.0,0.0,0.0,1.0,2.0,1.0,0.0,4.0,4.0,0.0,0.0,0.0,0.0,0.0,0.0,False,False,False,False,True,False,False,False,False,True,False,False,False,62.0,62.0,5.0,2.0
3551.0,1954.0,60033.0,0.0,1.0,28.0,0.0,62.0,1.0,57.0,19.0,11.0,48.0,2.0,2.0,1.0,5.0,2.0,0.0,0.0,0.0,0.0,0.0,0.0,False,False,False,True,False,False,False,False,False,False,True,False,False,71.0,198.0,8.0,1.0
1663.0,1978.0,34043.0,1.0,0.0,97.0,0.0,20.0,2.0,14.0,3.0,0.0,10.0,1.0,2.0,0.0,2.0,9.0,0.0,0.0,0.0,0.0,0.0,0.0,False,False,False,False,True,False,False,False,False,False,True,False,False,47.0,49.0,4.0,1.0
5543.0,1966.0,57811.0,0.0,1.0,49.0,0.0,545.0,7.0,114.0,37.0,21.0,78.0,5.0,7.0,2.0,11.0,5.0,0.0,0.0,0.0,1.0,0.0,0.0,False,False,True,False,False,False,False,False,False,False,True,False,False,59.0,802.0,20.0,1.0
1577.0,1946.0,78569.0,0.0,0.0,14.0,0.0,558.0,79.0,556.0,120.5,81.0,95.0,1.0,4.0,6.0,4.0,1.0,0.0,0.0,0.0,0.0,1.0,1.0,False,False,True,False,False,False,False,False,True,False,False,False,False,79.0,1736.0,14.0,0.0
10641.0,1978.0,7500.0,1.0,1.0,5.0,0.0,6.0,5.0,4.0,13.0,4.0,25.0,4.0,2.0,1.0,3.0,6.0,0.0,0.0,0.0,0.0,0.0,0.0,False,False,True,False,False,False,False,False,False,True,False,False,False,47.0,57.0,6.0,2.0
5336.0,1971.0,118320.375,1.0,0.0,37.0,0.0,39.0,1.0,9.0,2.0,0.0,8.0,0.0,1.0,0.0,1.0,1.0,0.0,0.0,0.0,0.0,0.0,0.0,False,False,False,True,False,False,False,False,False,False,True,False,False,54.0,59.0,2.0,1.0
6024.0,1953.0,94384.0,0.0,0.0,62.0,0.0,1111.0,24.0,556.0,120.5,45.0,126.5,0.0,5.0,8.0,5.0,2.0,1.0,0.0,0.0,1.0,1.0,1.0,False,False,True,False,False,False,False,False,False,False,True,False,False,72.0,2302.0,18.0,0.0
1878.0,1985.0,23148.0,0.0,0.0,83.0,0.0,4.0,6.0,8.0,6.0,3.0,10.0,1.0,2.0,0.0,3.0,7.0,0.0,0.0,0.0,0.0,0.0,0.0,True,False,False,False,False,False,False,False,True,False,False,False,False,40.0,37.0,5.0,0.0
3099.0,1970.0,44267.0,1.0,1.0,48.0,0.0,183.0,5.0,65.0,3.0,5.0,49.0,5.0,5.0,2.0,4.0,9.0,0.0,0.0,0.0,0.0,0.0,0.0,False,False,True,False,False,False,False,True,False,False,False,False,False,55.0,310.0,11.0,2.0
6055.0,1979.0,71626.0,0.0,0.0,94.0,0.0,546.0,72.0,376.0,94.0,81.0,72.0,1.0,5.0,5.0,8.0,3.0,0.0,0.0,0.0,1.0,0.0,0.0,False,False,True,False,False,False,False,False,True,False,False,False,False,46.0,1305.0,18.0,0.0
5841.0,1966.0,60894.0,0.0,1.0,61.0,0.0,606.0,7.0,155.0,10.0,0.0,54.0,5.0,10.0,3.0,8.0,7.0,0.0,0.0,0.0,0.0,0.0,0.0,False,False,True,False,False,False,False,False,False,False,True,False,False,59.0,832.0,21.0,1.0
3972.0,1976.0,50200.0,1.0,1.0,70.0,0.0,266.0,6.0,51.0,8.0,6.0,64.0,6.0,7.0,1.0,5.0,8.0,0.0,0.0,0.0,0.0,0.0,0.0,False,False,True,False,False,False,False,False,False,False,True,False,False,49.0,401.0,13.0,2.0
4394.0,1965.0,81051.0,0.0,0.0,43.0,0.0,1142.0,29.0,249.0,38.0,29.0,14.0,1.0,5.0,5.0,12.0,2.0,0.0,0.0,0.0,1.0,1.0,0.0,False,False,False,False,True,False,False,False,True,False,False,False,False,60.0,1501.0,22.0,0.0
5758.0,1982.0,65169.0,0.0,0.0,23.0,0.0,1074.0,0.0,69.0,0.0,0.0,46.0,1.0,10.0,4.0,13.0,6.0,1.0,1.0,1.0,0.0,1.0,1.0,False,False,True,False,False,False,False,False,True,False,False,False,False,43.0,1189.0,27.0,0.0
6658.0,1972.0,59868.0,0.0,1.0,37.0,0.0,771.0,51.0,154.0,54.0,10.0,126.5,6.0,11.0,2.0,12.0,6.0,0.0,0.0,0.0,0.0,0.0,0.0,False,False,True,False,False,False,False,False,False,False,True,False,False,53.0,1194.0,25.0,1.0
4603.0,1960.0,65695.0,0.0,1.0,50.0,0.0,371.0,32.0,189.0,0.0,58.0,6.0,2.0,5.0,4.0,10.0,4.0,0.0,0.0,0.0,0.0,0.0,0.0,False,False,False,False,True,False,False,False,True,False,False,False,False,65.0,656.0,19.0,1.0
8427.0,1956.0,75289.33690418479,0.0,0.0,78.0,0.0,556.0,14.0,556.0,120.5,0.0,43.0,1.0,7.0,5.0,10.0,4.0,0.0,0.0,0.0,0.0,0.0,0.0,False,False,False,True,False,False,False,False,False,True,False,False,False,69.0,1540.0,22.0,0.0
10260.0,1965.0,45143.0,0.0,1.0,74.0,0.0,202.0,5.0,74.0,11.0,5.0,14.0,3.0,6.0,1.0,5.0,7.0,0.0,0.0,0.0,0.0,0.0,0.0,False,False,False,True,False,False,False,False,False,False,True,False,False,60.0,311.0,12.0,1.0
7143.0,1955.0,74805.0,0.0,1.0,14.0,0.0,209.0,81.0,209.0,41.0,81.0,37.0,5.0,4.0,7.0,10.0,2.0,0.0,0.0,0.0,0.0,0.0,0.0,True,False,False,False,False,False,False,False,False,False,True,False,False,70.0,820.0,21.0,1.0
8789.0,1989.0,59060.0,1.0,0.0,77.0,0.0,35.0,40.0,111.0,36.0,40.0,12.0,3.0,3.0,1.0,7.0,4.0,0.0,0.0,0.0,0.0,0.0,0.0,True,False,False,False,False,False,False,False,True,False,False,False,False,36.0,274.0,11.0,1.0
6197.0,1962.0,27238.0,1.0,1.0,39.0,0.0,37.0,0.0,17.0,0.0,0.0,3.0,3.0,3.0,0.0,3.0,9.0,0.0,0.0,0.0,0.0,0.0,0.0,False,False,False,False,True,False,False,False,False,True,False,False,False,63.0,57.0,6.0,2.0
4554.0,1965.0,47009.0,0.0,1.0,89.0,0.0,171.0,45.0,73.0,59.0,10.0,90.0,4.0,3.0,2.0,8.0,4.0,0.0,0.0,0.0,0.0,0.0,0.0,False,False,True,False,False,False,False,False,False,False,True,False,False,60.0,448.0,13.0,1.0
4937.0,1973.0,46094.0,1.0,1.0,62.0,0.0,12.0,2.0,20.0,3.0,2.0,5.0,1.0,1.0,0.0,3.0,7.0,0.0,0.0,0.0,0.0,0.0,0.0,True,False,False,False,False,False,False,False,True,False,False,False,False,52.0,44.0,4.0,2.0
1920.0,1972.0,40321.0,1.0,1.0,59.0,0.0,44.0,4.0,21.0,6.0,0.0,27.0,2.0,3.0,0.0,3.0,7.0,0.0,0.0,0.0,0.0,0.0,0.0,False,False,True,False,False,False,False,False,True,False,False,False,False,53.0,102.0,6.0,2.0
8749.0,1984.0,37235.0,1.0,0.0,68.0,0.0,20.0,2.0,9.0,4.0,6.0,20.0,1.0,1.0,1.0,2.0,4.0,0.0,0.0,0.0,0.0,0.0,0.0,False,False,True,False,False,False,False,False,False,False,True,False,False,41.0,61.0,4.0,1.0
1650.0,1960.0,81843.0,0.0,0.0,13.0,0.0,779.0,81.0,537.0,34.0,69.0,126.5,1.0,5.0,9.0,12.0,3.0,0.0,0.0,0.0,0.0,0.0,0.0,False,False,False,True,False,False,False,False,True,False,False,False,False,65.0,1643.0,26.0,0.0
10377.0,1958.0,46692.0,0.0,1.0,37.0,0.0,170.0,6.0,97.0,24.0,12.0,88.0,3.0,6.0,1.0,5.0,6.0,0.0,0.0,0.0,0.0,0.0,0.0,False,False,False,True,False,False,False,False,False,False,True,False,False,67.0,397.0,12.0,1.0
9206.0,1968.0,77382.0,0.0,1.0,36.0,0.0,491.0,48.0,231.0,112.0,81.0,126.5,2.0,5.0,7.0,12.0,1.0,0.0,0.0,0.0,0.0,1.0,0.0,False,False,True,False,False,False,False,False,False,False,True,False,False,57.0,1121.0,24.0,1.0
10971.0,1977.0,37774.0,2.0,0.0,28.0,1.0,173.0,8.0,107.0,7.0,2.0,126.5,4.0,7.0,2.0,3.0,9.0,0.0,0.0,1.0,0.0,0.0,1.0,False,False,True,False,False,False,False,False,False,True,False,False,False,48.0,473.0,12.0,2.0
6398.0,1974.0,18393.0,1.0,0.0,2.0,0.0,7.0,10.0,13.0,16.0,0.0,4.0,2.0,3.0,0.0,3.0,8.0,0.0,0.0,0.0,0.0,0.0,0.0,False,True,False,False,False,False,False,False,True,False,False,False,False,51.0,50.0,6.0,1.0
9212.0,1962.0,72828.0,0.0,1.0,17.0,0.0,1205.0,0.0,235.0,19.0,14.0,126.5,6.0,6.0,3.0,13.0,7.0,0.0,0.0,0.0,0.0,0.0,0.0,False,False,False,True,False,False,False,False,True,False,False,False,False,63.0,1678.0,22.0,1.0
7937.0,1982.0,30994.022135174047,0.0,0.0,86.0,0.0,10.0,7.0,25.0,6.0,3.0,7.0,1.0,3.0,0.0,3.0,7.0,0.0,0.0,0.0,0.0,0.0,0.0,False,False,True,False,False,False,False,False,True,False,False,False,False,43.0,58.0,6.0,0.0
839.0,1975.0,45503.0,1.0,0.0,54.0,0.0,97.0,4.0,44.0,6.0,1.0,18.0,1.0,3.0,1.0,4.0,5.0,0.0,0.0,0.0,0.0,0.0,0.0,False,False,False,False,True,False,False,False,True,False,False,False,False,50.0,170.0,8.0,1.0
4246.0,1982.0,6560.0,0.0,0.0,2.0,0.0,67.0,11.0,26.0,4.0,3.0,126.5,0.0,1.0,0.0,1.0,13.0,0.0,0.0,0.0,0.0,0.0,0.0,False,False,False,True,False,False,False,False,False,True,False,False,False,43.0,373.0,2.0,0.0
158.0,1945.0,71604.0,0.0,0.0,3.0,0.0,345.0,53.0,528.0,98.0,75.0,97.0,1.0,8.0,3.0,5.0,4.0,0.0,0.0,1.0,0.0,0.0,1.0,False,False,False,False,True,False,False,False,False,False,True,False,False,80.0,1196.0,16.0,0.0
4832.0,1979.0,27244.0,1.0,0.0,84.0,0.0,6.0,5.0,17.0,3.0,24.0,46.0,2.0,2.0,2.0,2.0,7.0,0.0,0.0,0.0,0.0,0.0,0.0,False,False,True,False,False,False,False,False,True,False,False,False,False,46.0,101.0,6.0,1.0
5621.0,1969.0,48752.0,1.0,1.0,8.0,0.0,73.0,57.0,100.0,71.0,15.0,0.0,5.0,6.0,1.0,5.0,9.0,0.0,0.0,0.0,0.0,0.0,1.0,False,False,True,False,False,False,False,False,True,False,False,False,False,56.0,316.0,12.0,2.0
1945.0,1962.0,71434.0,0.0,1.0,4.0,0.0,711.0,36.0,217.0,120.5,81.0,126.5,3.0,7.0,4.0,7.0,4.0,1.0,0.0,0.0,1.0,0.0,0.0,False,False,True,False,False,False,False,False,True,False,False,False,False,63.0,1400.0,18.0,1.0
5147.0,1948.0,90842.0,0.0,0.0,57.0,0.0,774.0,70.0,118.0,120.5,81.0,93.0,1.0,4.0,9.0,13.0,1.0,0.0,0.0,0.0,0.0,0.0,0.0,False,False,True,False,False,False,False,False,False,True,False,False,False,77.0,1424.0,26.0,0.0
2535.0,1978.0,88097.0,1.0,0.0,24.0,0.0,163.0,0.0,480.0,0.0,81.0,75.0,1.0,6.0,5.0,8.0,9.0,1.0,0.0,0.0,1.0,1.0,1.0,False,False,False,True,False,False,False,False,True,False,False,False,False,47.0,844.0,19.0,1.0
11039.0,1975.0,51948.0,0.0,1.0,51.0,0.0,82.0,33.0,54.0,71.0,30.0,41.0,2.0,5.0,2.0,4.0,5.0,0.0,0.0,0.0,0.0,0.0,0.0,False,False,True,False,False,False,False,False,True,False,False,False,False,50.0,311.0,11.0,1.0
9495.0,1982.0,71853.0,0.0,0.0,29.0,0.0,358.0,81.0,413.0,120.5,81.0,32.0,1.0,2.0,8.0,6.0,1.0,0.0,0.0,0.0,0.0,0.0,0.0,False,False,True,False,False,False,False,False,False,False,True,False,False,43.0,1149.0,16.0,0.0
9635.0,1983.0,35876.0,0.0,0.0,13.0,0.0,66.0,2.0,40.0,4.0,3.0,14.0,1.0,3.0,1.0,3.0,6.0,0.0,0.0,0.0,0.0,0.0,0.0,False,False,False,True,False,False,False,False,True,False,False,False,False,42.0,129.0,7.0,0.0
2173.0,1952.0,40049.0,0.0,1.0,23.0,0.0,13.0,6.0,7.0,0.0,3.0,3.0,1.0,1.0,0.0,3.0,6.0,0.0,0.0,0.0,0.0,0.0,0.0,False,False,True,False,False,False,False,False,False,False,False,True,False,73.0,32.0,4.0,1.0
942.0,1982.0,39660.0,1.0,0.0,36.0,0.0,139.0,13.0,78.0,20.0,13.0,36.0,3.0,7.0,1.0,3.0,9.0,0.0,0.0,0.0,0.0,0.0,1.0,False,False,True,False,False,False,False,False,False,True,False,False,False,43.0,299.0,11.0,1.0
9386.0,1962.0,50127.0,0.0,1.0,88.0,0.0,274.0,0.0,21.0,4.0,6.0,15.0,1.0,5.0,1.0,6.0,6.0,0.0,0.0,0.0,1.0,0.0,0.0,False,False,True,False,False,False,False,False,False,False,True,False,False,63.0,320.0,12.0,1.0
5510.0,1977.0,43263.0,0.0,1.0,2.0,0.0,262.0,6.0,61.0,0.0,10.0,102.0,3.0,5.0,2.0,6.0,5.0,0.0,0.0,0.0,0.0,0.0,0.0,False,False,False,True,False,False,False,False,True,False,False,False,False,48.0,441.0,13.0,1.0
873.0,1949.0,62845.0,1.0,1.0,3.0,0.0,1099.0,0.0,45.0,0.0,0.0,34.0,6.0,3.0,4.0,10.0,8.0,0.0,0.0,0.0,1.0,0.0,1.0,False,False,False,True,False,False,False,False,True,False,False,False,False,76.0,1178.0,17.0,2.0
2253.0,1990.0,18929.0,0.0,0.0,15.0,0.0,32.0,0.0,8.0,23.0,4.0,18.0,1.0,1.0,0.0,4.0,6.0,0.0,0.0,0.0,0.0,0.0,0.0,False,False,True,False,False,False,False,False,True,False,False,False,False,35.0,85.0,5.0,0.0
5181.0,1982.0,24367.0,1.0,0.0,58.0,0.0,2.0,4.0,2.0,0.0,11.0,5.0,1.0,1.0,0.0,2.0,9.0,0.0,0.0,0.0,0.0,0.0,0.0,False,True,False,False,False,False,False,False,False,True,False,False,False,43.0,24.0,3.0,1.0
979.0,1975.0,33249.0,1.0,0.0,11.0,0.0,6.0,10.0,21.0,19.0,14.0,42.0,2.0,2.0,1.0,3.0,6.0,0.0,0.0,0.0,0.0,0.0,0.0,False,False,True,False,False,False,False,False,False,True,False,False,False,50.0,112.0,6.0,1.0
10390.0,1959.0,26887.0,0.0,1.0,27.0,0.0,6.0,7.0,4.0,3.0,4.0,6.0,1.0,1.0,0.0,3.0,6.0,0.0,0.0,0.0,0.0,0.0,0.0,True,False,False,False,False,False,False,False,True,False,False,False,False,66.0,30.0,4.0,1.0
4698.0,1983.0,50150.0,0.0,0.0,32.0,0.0,135.0,46.0,92.0,65.0,61.0,11.0,2.0,5.0,2.0,7.0,5.0,0.0,0.0,0.0,0.0,0.0,0.0,False,False,False,False,True,False,False,False,True,False,False,False,False,42.0,410.0,14.0,0.0
7793.0,1976.0,62061.0,0.0,1.0,12.0,0.0,641.0,7.0,84.0,0.0,30.0,38.0,3.0,10.0,4.0,7.0,6.0,0.0,0.0,0.0,1.0,0.0,0.0,False,False,True,False,False,False,False,False,False,False,True,False,False,49.0,800.0,21.0,1.0
1745.0,1962.0,85696.0,0.0,0.0,88.0,0.0,714.0,76.0,395.0,116.0,0.0,12.0,1.0,4.0,6.0,9.0,1.0,0.0,0.0,0.0,0.0,0.0,1.0,False,False,False,False,True,False,False,True,False,False,False,False,False,63.0,1313.0,19.0,0.0
10590.0,1956.0,76542.0,0.0,0.0,91.0,0.0,794.0,73.0,556.0,0.0,29.0,14.0,1.0,4.0,8.0,10.0,2.0,0.0,0.0,0.0,0.0,0.0,0.0,False,False,False,False,True,False,False,False,False,False,True,False,False,69.0,1483.0,22.0,0.0
5080.0,1993.0,70515.0,0.0,0.0,12.0,0.0,420.0,0.0,452.0,120.5,64.0,126.5,1.0,6.0,6.0,4.0,2.0,0.0,0.0,0.0,0.0,0.0,1.0,False,False,True,False,False,False,False,False,False,True,False,False,False,32.0,1258.0,16.0,0.0
8369.0,1987.0,18227.0,1.0,0.0,21.0,0.0,1.0,2.0,7.0,4.0,3.0,11.0,1.0,0.0,1.0,2.0,8.0,0.0,0.0,0.0,0.0,0.0,0.0,False,False,True,False,False,False,False,False,False,False,True,False,False,38.0,28.0,3.0,1.0
5232.0,1965.0,69139.0,0.0,1.0,23.0,0.0,86.0,12.0,75.0,33.0,15.0,6.0,1.0,4.0,1.0,5.0,4.0,0.0,0.0,0.0,0.0,0.0,0.0,False,False,True,False,False,False,False,False,True,False,False,False,False,60.0,227.0,10.0,1.0
2407.0,1982.0,69109.0,0.0,0.0,10.0,0.0,823.0,25.0,459.0,120.5,29.0,95.0,1.0,6.0,6.0,7.0,4.0,0.0,0.0,0.0,0.0,1.0,1.0,False,False,True,False,False,False,False,False,True,False,False,False,False,43.0,1555.0,19.0,0.0
3834.0,1962.0,69627.0,0.0,1.0,35.0,0.0,231.0,81.0,215.0,120.5,30.0,53.0,2.0,8.0,2.0,11.0,5.0,0.0,0.0,0.0,0.0,0.0,0.0,False,False,True,False,False,False,False,False,False,True,False,False,False,63.0,861.0,21.0,1.0
7912.0,1978.0,38136.0,1.0,0.0,69.0,0.0,8.0,15.0,27.0,0.0,20.0,33.0,2.0,3.0,1.0,2.0,8.0,0.0,0.0,1.0,0.0,0.0,0.0,False,False,True,False,False,False,False,False,True,False,False,False,False,47.0,103.0,6.0,1.0
7712.0,1946.0,62159.0,0.0,0.0,68.0,0.0,182.0,17.0,259.0,77.0,70.0,29.0,1.0,6.0,2.0,10.0,4.0,0.0,0.0,0.0,0.0,0.0,0.0,False,False,False,False,True,False,False,False,False,True,False,False,False,79.0,634.0,18.0,0.0
1065.0,1963.0,80695.0,0.0,0.0,85.0,0.0,557.0,81.0,556.0,120.5,37.0,18.0,1.0,5.0,8.0,5.0,2.0,0.0,0.0,0.0,0.0,0.0,0.0,False,False,True,False,False,False,False,False,False,True,False,False,False,62.0,1918.0,18.0,0.0
7275.0,1971.0,33316.0,1.0,1.0,34.0,0.0,79.0,1.0,31.0,4.0,4.0,12.0,3.0,2.0,1.0,4.0,6.0,0.0,0.0,0.0,0.0,0.0,0.0,False,False,False,True,False,False,False,False,False,True,False,False,False,54.0,131.0,7.0,2.0
1343.0,1968.0,58554.0,1.0,1.0,55.0,0.0,368.0,24.0,68.0,38.0,0.0,88.0,6.0,8.0,2.0,6.0,7.0,0.0,0.0,0.0,0.0,0.0,0.0,False,False,True,False,False,False,False,False,False,False,True,False,False,57.0,586.0,16.0,2.0
1384.0,1992.0,17256.0,1.0,0.0,10.0,0.0,6.0,4.0,14.0,8.0,8.0,22.0,2.0,2.0,1.0,2.0,8.0,0.0,0.0,1.0,0.0,0.0,0.0,False,True,False,False,False,False,False,False,True,False,False,False,False,33.0,62.0,5.0,1.0
9967.0,1974.0,53034.0,1.0,1.0,30.0,0.0,160.0,15.0,196.0,15.0,11.0,50.0,6.0,6.0,1.0,7.0,8.0,0.0,0.0,0.0,0.0,0.0,0.0,False,False,True,False,False,False,False,True,False,False,False,False,False,51.0,447.0,14.0,2.0
6181.0,1950.0,52203.0,0.0,0.0,36.0,0.0,488.0,21.0,238.0,56.0,81.0,28.0,1.0,8.0,7.0,11.0,6.0,0.0,0.0,0.0,0.0,0.0,0.0,True,False,False,False,False,False,False,False,False,False,True,False,False,75.0,939.0,26.0,0.0
10507.0,1977.0,59601.0,0.0,1.0,14.0,0.0,691.0,7.0,69.0,0.0,7.0,23.0,4.0,2.0,2.0,7.0,8.0,0.0,0.0,0.0,1.0,0.0,0.0,True,False,False,False,False,False,False,True,False,False,False,False,False,48.0,797.0,11.0,1.0
2674.0,1958.0,75154.0,0.0,1.0,79.0,0.0,543.0,10.0,205.0,120.5,81.0,82.0,1.0,6.0,3.0,6.0,3.0,0.0,0.0,0.0,0.0,0.0,1.0,False,False,False,True,False,False,False,False,False,True,False,False,False,67.0,1143.0,15.0,1.0
2698.0,1976.0,47025.0,0.0,1.0,52.0,0.0,254.0,7.0,108.0,20.0,0.0,26.0,3.0,6.0,3.0,5.0,6.0,0.0,0.0,0.0,0.0,0.0,0.0,False,False,True,False,False,False,False,False,False,True,False,False,False,49.0,415.0,14.0,1.0
3231.0,1973.0,37971.0,1.0,0.0,97.0,0.0,5.0,4.0,10.0,2.0,2.0,7.0,1.0,1.0,0.0,3.0,8.0,0.0,0.0,0.0,0.0,0.0,0.0,False,False,True,False,False,False,False,False,True,False,False,False,False,52.0,30.0,4.0,1.0
4096.0,1968.0,41335.0,1.0,0.6072981647190581,24.0,0.0,112.0,19.0,21.0,16.0,14.0,5.0,3.0,4.0,1.0,4.0,7.0,0.0,0.0,0.0,0.0,0.0,0.0,False,False,False,True,False,False,False,True,False,False,False,False,False,57.0,187.0,9.0,1.607298164719058
10476.0,1958.0,67267.0,0.0,1.0,0.0,0.0,134.0,11.0,59.0,15.0,2.0,30.0,1.0,3.0,2.0,5.0,2.0,0.0,0.0,0.0,0.0,0.0,0.0,False,False,True,False,False,False,False,False,True,False,False,False,False,67.0,251.0,10.0,1.0
5948.0,1975.0,57338.0,0.0,1.0,96.0,0.0,143.0,6.0,52.0,11.0,8.0,17.0,2.0,4.0,1.0,5.0,5.0,0.0,0.0,0.0,0.0,0.0,0.0,False,False,True,False,False,False,False,False,False,True,False,False,False,50.0,237.0,10.0,1.0
9140.0,1960.0,50523.0,1.0,1.0,89.0,0.0,51.0,4.0,24.0,4.0,7.0,1.0,2.0,2.0,0.0,4.0,6.0,0.0,0.0,0.0,0.0,0.0,0.0,True,False,False,False,False,False,False,False,False,False,True,False,False,65.0,91.0,6.0,2.0
10258.0,1965.0,35791.0,2.0,1.0,94.0,0.0,27.0,0.0,5.0,0.0,0.0,3.0,2.0,1.0,0.0,3.0,8.0,0.0,0.0,0.0,0.0,0.0,0.0,False,False,False,True,False,False,False,False,False,True,False,False,False,60.0,35.0,4.0,2.5
5675.0,1960.0,50611.0,0.0,1.0,98.0,0.0,459.0,0.0,24.0,6.0,0.0,4.0,6.0,4.0,5.0,7.0,6.0,0.0,0.0,0.0,1.0,0.0,0.0,False,False,False,False,True,False,False,True,False,False,False,False,False,65.0,493.0,16.0,1.0
4743.0,1969.0,56242.0,0.0,1.0,72.0,0.0,689.0,8.0,167.0,11.0,8.0,88.0,5.0,8.0,4.0,11.0,6.0,0.0,0.0,0.0,0.0,0.0,0.0,False,False,False,False,True,False,False,False,True,False,False,False,False,56.0,971.0,23.0,1.0
8805.0,1960.0,48904.0,0.0,1.0,1.0,0.0,283.0,10.0,38.0,0.0,13.0,27.0,4.0,7.0,2.0,4.0,8.0,0.0,0.0,0.0,0.0,0.0,0.0,False,False,True,False,False,False,False,False,False,True,False,False,False,65.0,371.0,13.0,1.0
1542.0,1975.0,56243.0,1.0,2.0,26.0,0.0,347.0,0.0,35.0,4.0,3.0,7.0,6.0,4.0,2.0,8.0,5.0,0.0,0.0,0.0,0.0,0.0,0.0,False,False,True,False,False,False,False,False,False,True,False,False,False,50.0,396.0,14.0,2.5
6770.0,1985.0,21355.0,1.0,0.0,5.0,0.0,5.0,13.0,14.0,0.0,5.0,31.0,2.0,2.0,1.0,2.0,6.0,0.0,0.0,1.0,0.0,0.0,1.0,False,False,True,False,False,False,False,False,True,False,False,False,False,40.0,68.0,5.0,1.0
8773.0,1971.0,57420.0,0.0,1.0,22.0,0.0,280.0,0.0,18.0,0.0,0.0,24.0,3.0,5.0,1.0,6.0,7.0,0.0,0.0,0.0,1.0,0.0,0.0,False,False,False,True,False,False,False,False,False,False,True,False,False,54.0,322.0,12.0,1.0
10475.0,1970.0,49105.11213031705,0.0,0.6341741566813113,39.0,0.0,187.0,5.0,65.0,26.0,20.0,14.0,2.0,4.0,2.0,6.0,5.0,0.0,0.0,0.0,0.0,0.0,0.0,False,False,True,False,False,False,False,False,False,False,True,False,False,55.0,317.0,12.0,0.6341741566813113
10420.0,1955.0,46390.0,0.0,1.0,56.0,0.0,95.0,14.0,64.0,2.0,9.0,38.0,1.0,4.0,2.0,3.0,7.0,0.0,0.0,0.0,0.0,0.0,0.0,False,False,False,True,False,False,False,True,False,False,False,False,False,70.0,222.0,9.0,1.0
7514.0,1956.0,54342.0,1.0,1.0,74.0,0.0,84.0,10.0,34.0,11.0,10.0,28.0,4.0,3.0,1.0,4.0,6.0,0.0,0.0,0.0,0.0,0.0,0.0,False,False,True,False,False,False,False,False,False,False,True,False,False,69.0,177.0,8.0,2.0
2902.0,1958.0,41249.17183566194,1.0,1.0,87.0,0.0,19.0,4.0,12.0,2.0,2.0,6.0,1.0,1.0,0.0,3.0,5.0,0.0,0.0,0.0,0.0,0.0,0.0,False,False,True,False,False,False,False,False,False,False,True,False,False,67.0,45.0,4.0,2.0
4345.0,1964.0,34765.79265650151,1.0,1.0,49.0,0.0,5.0,1.0,9.0,2.0,0.0,4.0,1.0,1.0,0.0,2.0,7.0,0.0,0.0,0.0,0.0,0.0,0.0,True,False,False,False,False,False,False,False,False,True,False,False,False,61.0,21.0,3.0,2.0
793.0,1973.0,20895.0,1.0,0.0,24.0,0.0,18.0,3.0,17.0,3.0,0.0,4.0,1.0,2.0,0.0,3.0,9.0,0.0,0.0,0.0,0.0,0.0,0.0,False,False,True,False,False,False,False,False,True,False,False,False,False,52.0,45.0,5.0,1.0
10909.0,1948.0,92344.0,0.0,0.0,9.0,0.0,992.0,24.0,556.0,51.0,19.0,119.0,0.0,5.0,10.0,5.0,1.0,0.0,0.0,1.0,0.0,1.0,0.0,False,False,True,False,False,False,False,False,True,False,False,False,False,77.0,1899.0,20.0,0.0
3769.0,1972.0,31342.83164141365,1.0,0.0,17.0,0.0,25.0,1.0,13.0,0.0,0.0,3.0,1.0,1.0,0.0,3.0,7.0,0.0,0.0,0.0,0.0,0.0,0.0,False,False,False,False,True,False,False,False,False,False,True,False,False,53.0,42.0,4.0,1.0
8702.0,1976.0,26907.0,1.0,1.0,10.0,0.0,9.0,1.0,7.0,0.0,3.0,2.0,2.0,1.0,0.0,3.0,7.0,0.0,0.0,0.0,0.0,0.0,0.0,True,False,False,False,False,False,False,False,False,False,True,False,False,49.0,22.0,4.0,2.0
4791.0,1980.0,44964.0,1.0,1.0,35.0,0.0,19.0,1.0,17.0,2.0,0.0,2.0,1.0,1.0,0.0,3.0,8.0,0.0,0.0,0.0,0.0,0.0,0.0,False,False,True,False,False,False,False,False,False,False,True,False,False,45.0,41.0,4.0,2.0
2963.0,1979.0,75507.0,0.0,0.0,56.0,0.0,709.0,81.0,374.0,104.0,80.0,80.0,1.0,8.0,6.0,6.0,3.0,0.0,0.0,0.0,0.0,0.0,0.0,False,False,True,False,False,False,False,False,False,False,True,False,False,46.0,1440.0,20.0,0.0
8216.0,1972.0,53761.0,1.0,1.0,7.0,0.0,158.0,0.0,76.0,13.0,7.0,71.0,6.0,4.0,4.0,3.0,5.0,0.0,0.0,0.0,0.0,0.0,0.0,False,False,False,True,False,False,False,False,True,False,False,False,False,53.0,325.0,11.0,2.0
8140.0,1973.0,22682.0,1.0,0.0,51.0,0.0,10.0,14.0,29.0,4.0,2.0,36.0,3.0,2.0,1.0,4.0,4.0,0.0,0.0,0.0,0.0,0.0,0.0,False,False,True,False,False,False,False,False,False,False,True,False,False,52.0,95.0,7.0,1.0
10146.0,1972.0,38887.0,1.0,0.0,17.0,0.0,25.0,1.0,13.0,0.0,0.0,3.0,1.0,1.0,0.0,3.0,7.0,0.0,0.0,0.0,0.0,0.0,0.0,False,False,False,False,True,False,False,False,False,False,True,False,False,53.0,42.0,4.0,1.0
5289.0,1975.0,41658.0,1.0,1.0,30.0,0.0,8.0,4.0,12.0,15.0,4.0,29.0,2.0,1.0,1.0,2.0,4.0,0.0,0.0,0.0,0.0,0.0,0.0,True,False,False,False,False,False,False,False,False,True,False,False,False,50.0,72.0,4.0,2.0
2587.0,1972.0,29791.0,1.0,0.0,21.0,0.0,14.0,0.0,6.0,0.0,0.0,0.0,2.0,2.0,0.0,3.0,5.0,0.0,0.0,0.0,0.0,0.0,0.0,False,False,False,False,True,False,False,False,True,False,False,False,False,53.0,20.0,5.0,1.0
4405.0,1956.0,63915.0,0.0,2.0,2.0,0.0,622.0,7.0,115.0,30.0,0.0,15.0,2.0,6.0,3.0,12.0,5.0,0.0,0.0,0.0,0.0,0.0,0.0,False,False,False,True,False,False,False,False,True,False,False,False,False,69.0,789.0,21.0,2.0
8663.0,1974.0,39996.0,1.0,1.0,85.0,0.0,11.0,0.0,3.0,0.0,0.0,1.0,1.0,1.0,0.0,2.0,6.0,0.0,0.0,0.0,0.0,0.0,0.0,False,False,True,False,False,False,False,True,False,False,False,False,False,51.0,15.0,3.0,2.0
2589.0,1972.0,26759.0,1.0,0.0,65.0,0.0,25.0,3.0,16.0,8.0,5.0,2.0,2.0,2.0,1.0,3.0,6.0,0.0,0.0,0.0,0.0,0.0,0.0,False,False,True,False,False,False,False,True,False,False,False,False,False,53.0,59.0,6.0,1.0
3421.0,1968.0,63841.0,0.0,1.0,64.0,0.0,635.0,15.0,100.0,20.0,7.0,126.5,1.0,9.0,3.0,9.0,6.0,0.0,0.0,0.0,0.0,0.0,0.0,False,False,False,True,False,False,False,True,False,False,False,False,False,57.0,908.0,21.0,1.0
10490.0,1969.0,51039.0,1.0,1.0,11.0,0.0,100.0,64.0,79.0,65.0,0.0,109.0,2.0,6.0,2.0,4.0,7.0,0.0,0.0,0.0,0.0,0.0,0.0,False,False,False,False,True,False,False,False,True,False,False,False,False,56.0,417.0,12.0,2.0
4094.0,1961.0,60544.0,1.0,0.90992085201162,92.0,0.0,201.0,2.0,43.0,3.0,5.0,35.0,4.0,5.0,1.0,5.0,6.0,0.0,0.0,0.0,0.0,0.0,0.0,False,False,True,False,False,False,False,False,True,False,False,False,False,64.0,289.0,11.0,1.90992085201162
9958.0,1972.0,63046.241086685855,0.0,1.0,54.0,0.0,642.0,14.0,49.0,0.0,7.0,57.0,1.0,9.0,2.0,9.0,5.0,0.0,0.0,0.0,0.0,0.0,0.0,False,False,True,False,False,False,False,False,True,False,False,False,False,53.0,769.0,20.0,1.0
2534.0,1953.0,37716.0,0.0,1.0,4.0,0.0,97.0,1.0,41.0,6.0,2.0,41.0,2.0,4.0,1.0,3.0,7.0,0.0,0.0,0.0,0.0,0.0,0.0,False,False,True,False,False,False,False,False,True,False,False,False,False,72.0,188.0,8.0,1.0
4188.0,1957.0,36864.0,0.0,1.0,53.0,0.0,204.0,5.0,39.0,17.0,0.0,89.0,3.0,5.0,2.0,4.0,8.0,0.0,0.0,0.0,0.0,0.0,1.0,False,False,True,False,False,False,False,False,False,True,False,False,False,68.0,354.0,11.0,1.0
6613.0,1970.0,44511.0,1.0,0.0,39.0,0.0,513.0,7.0,133.0,46.0,14.0,14.0,6.0,8.0,4.0,8.0,8.0,0.0,0.0,0.0,0.0,0.0,0.0,False,False,False,True,False,False,False,False,True,False,False,False,False,55.0,727.0,20.0,1.0
10827.0,1967.0,36947.0,1.0,1.0,49.0,0.0,88.0,3.0,21.0,4.0,1.0,29.0,4.0,3.0,0.0,4.0,9.0,0.0,0.0,0.0,0.0,0.0,0.0,False,False,False,False,True,False,False,False,True,False,False,False,False,58.0,146.0,7.0,2.0
5491.0,1951.0,47352.0,0.0,1.0,70.0,0.0,172.0,12.0,112.0,8.0,0.0,15.0,4.0,6.0,1.0,5.0,7.0,0.0,0.0,0.0,0.0,0.0,0.0,False,False,False,True,False,False,False,False,False,False,True,False,False,74.0,319.0,12.0,1.0
8402.0,1953.0,67087.0,0.0,1.0,40.0,0.0,329.0,35.0,222.0,120.5,35.0,43.0,2.0,7.0,5.0,8.0,4.0,0.0,0.0,0.0,0.0,0.0,0.0,False,False,False,True,False,False,False,False,True,False,False,False,False,72.0,794.0,20.0,1.0
8783.0,1950.0,57045.0,0.0,1.0,40.0,0.0,296.0,13.0,104.0,11.0,13.0,17.0,3.0,4.0,2.0,9.0,3.0,0.0,0.0,0.0,0.0,0.0,0.0,False,False,True,False,False,False,False,False,True,False,False,False,False,75.0,454.0,15.0,1.0
10010.0,1953.0,36957.0,1.0,1.0,43.0,0.0,100.0,2.0,16.0,2.0,1.0,31.0,4.0,3.0,2.0,2.0,9.0,0.0,0.0,0.0,0.0,0.0,1.0,False,False,False,False,True,False,False,True,False,False,False,False,False,72.0,152.0,7.0,2.0
618.0,1977.0,69389.0,0.0,1.0,17.0,0.0,422.0,7.0,238.0,69.0,46.0,15.0,1.0,7.0,2.0,12.0,4.0,0.0,0.0,0.0,0.0,0.0,0.0,False,False,False,False,True,False,False,False,True,False,False,False,False,48.0,797.0,21.0,1.0
9121.0,1972.0,80134.0,1.0,0.0,40.0,0.0,1218.0,16.0,272.0,104.0,0.0,80.0,2.0,5.0,3.0,6.0,6.0,1.0,0.0,0.0,1.0,1.0,1.0,False,False,True,False,False,False,False,False,True,False,False,False,False,53.0,1690.0,14.0,1.0
361.0,1969.0,43142.0,1.0,1.0,84.0,0.0,5.0,1.0,7.0,2.0,1.0,4.0,1.0,1.0,0.0,2.0,7.0,0.0,0.0,0.0,0.0,0.0,0.0,False,False,False,True,False,False,False,False,True,False,False,False,False,56.0,20.0,3.0,2.0
4310.0,1944.0,80589.0,0.0,0.0,25.0,0.0,507.0,81.0,520.0,120.5,40.0,26.0,1.0,5.0,10.0,5.0,1.0,1.0,0.0,0.0,0.0,0.0,1.0,False,False,True,False,False,False,False,False,True,False,False,False,False,81.0,1428.0,20.0,0.0
2678.0,1990.0,34412.0,1.0,0.0,62.0,0.0,52.0,12.0,50.0,4.0,36.0,55.0,3.0,5.0,0.0,3.0,9.0,0.0,0.0,0.0,0.0,0.0,0.0,False,False,True,False,False,False,False,False,False,True,False,False,False,35.0,209.0,8.0,1.0
6376.0,1979.0,57537.0,1.0,0.0,83.0,0.0,191.0,56.0,139.0,51.0,8.0,100.0,4.0,4.0,3.0,8.0,4.0,0.0,0.0,0.0,0.0,0.0,0.0,False,False,True,False,False,False,False,False,False,True,False,False,False,46.0,545.0,15.0,1.0
524.0,1966.0,22634.0,0.0,0.0,47.0,0.0,2.0,23.0,11.0,8.0,6.0,46.0,1.0,2.0,1.0,2.0,8.0,0.0,0.0,0.0,0.0,0.0,0.0,False,True,False,False,False,False,False,False,False,False,True,False,False,59.0,96.0,5.0,0.0
10341.0,1948.0,51315.0,0.0,0.0,45.0,0.0,68.0,28.0,39.0,16.0,30.0,41.0,1.0,2.0,2.0,5.0,2.0,0.0,0.0,0.0,0.0,0.0,0.0,False,False,True,False,False,False,False,False,False,False,True,False,False,77.0,222.0,9.0,0.0
5654.0,1972.0,36026.0,2.0,1.0,34.0,0.0,20.0,4.0,10.0,6.0,4.0,17.0,2.0,2.0,0.0,3.0,6.0,0.0,0.0,0.0,0.0,0.0,0.0,False,False,True,False,False,False,False,False,True,False,False,False,False,53.0,61.0,5.0,2.5
4098.0,1973.0,24639.0,1.0,1.0,3.0,0.0,20.0,3.0,16.0,0.0,4.0,1.0,3.0,2.0,0.0,4.0,6.0,0.0,0.0,0.0,0.0,0.0,0.0,False,False,True,False,False,False,False,False,True,False,False,False,False,52.0,44.0,6.0,2.0
5824.0,1972.0,39930.19516703264,2.0,1.0,1.0,0.0,7.0,0.0,1.0,0.0,0.0,0.0,1.0,1.0,0.0,2.0,6.0,0.0,0.0,0.0,0.0,0.0,0.0,False,False,False,False,True,False,False,False,False,False,True,False,False,53.0,8.0,3.0,2.5
7000.0,1972.0,65704.0,0.0,0.0,18.0,0.0,279.0,81.0,74.0,38.0,8.0,126.5,1.0,2.0,10.0,10.0,1.0,0.0,0.0,0.0,0.0,0.0,0.0,True,False,False,False,False,False,False,False,False,True,False,False,False,53.0,817.0,22.0,0.0
2561.0,1966.0,63810.0,0.0,1.0,45.0,0.0,977.0,12.0,253.0,16.0,12.0,101.0,4.0,4.0,3.0,12.0,8.0,0.0,0.0,0.0,1.0,0.0,0.0,False,False,True,False,False,False,False,False,False,True,False,False,False,59.0,1371.0,19.0,1.0
5229.0,1969.0,54132.0,0.0,1.0,81.0,0.0,30.0,1.0,8.0,0.0,0.0,3.0,1.0,1.0,0.0,3.0,7.0,0.0,0.0,0.0,0.0,0.0,0.0,False,False,False,False,True,False,False,False,False,False,True,False,False,56.0,42.0,4.0,1.0
4086.0,1959.0,18690.0,0.0,0.0,77.0,0.0,6.0,1.0,7.0,23.0,4.0,19.0,1.0,1.0,1.0,2.0,8.0,0.0,0.0,0.0,0.0,0.0,0.0,False,False,True,False,False,False,False,False,True,False,False,False,False,66.0,60.0,4.0,0.0
2428.0,1970.0,28164.0,1.0,0.0,23.0,0.0,3.0,18.0,26.0,11.0,8.0,12.0,3.0,2.0,0.0,4.0,7.0,0.0,0.0,0.0,0.0,0.0,0.0,False,False,True,False,False,False,False,False,True,False,False,False,False,55.0,78.0,6.0,1.0
8254.0,1974.0,34596.0,1.0,0.0,48.0,0.0,14.0,0.0,2.0,0.0,0.0,7.0,1.0,1.0,0.0,2.0,8.0,0.0,0.0,0.0,0.0,0.0,0.0,False,False,True,False,False,False,False,False,True,False,False,False,False,51.0,23.0,3.0,1.0
2836.0,1972.0,43269.0,1.0,0.0,61.0,0.0,10.0,1.0,7.0,0.0,0.0,1.0,1.0,1.0,0.0,2.0,8.0,0.0,0.0,0.0,0.0,0.0,0.0,False,False,False,False,True,False,False,False,True,False,False,False,False,53.0,19.0,3.0,1.0
8418.0,1958.0,38741.0,1.0,1.0,60.0,0.0,7.0,10.0,17.0,8.0,6.0,13.0,2.0,2.0,0.0,3.0,7.0,0.0,0.0,0.0,0.0,0.0,0.0,True,False,False,False,False,False,False,False,False,True,False,False,False,67.0,61.0,5.0,2.0
1362.0,1972.0,31907.0,0.0,0.0,75.0,0.0,33.0,81.0,64.0,120.5,16.0,74.0,1.0,6.0,1.0,6.0,7.0,0.0,0.0,0.0,0.0,0.0,0.0,False,False,True,False,False,False,False,False,False,True,False,False,False,53.0,449.0,13.0,0.0
7152.0,1983.0,27100.0,1.0,0.0,64.0,0.0,12.0,0.0,13.0,2.0,0.0,10.0,1.0,1.0,0.0,3.0,7.0,0.0,0.0,0.0,0.0,0.0,0.0,False,False,False,True,False,False,False,False,True,False,False,False,False,42.0,37.0,4.0,1.0
10033.0,1973.0,31163.0,1.0,0.0,54.0,0.0,2.0,3.0,10.0,11.0,2.0,10.0,1.0,1.0,0.0,3.0,6.0,0.0,0.0,0.0,0.0,0.0,0.0,True,False,False,False,False,False,False,True,False,False,False,False,False,52.0,38.0,4.0,1.0
9349.0,1985.0,92533.0,0.0,0.0,84.0,0.0,693.0,21.0,118.0,110.0,81.0,42.0,1.0,6.0,5.0,11.0,2.0,1.0,0.0,0.0,0.0,1.0,0.0,False,False,True,False,False,False,False,False,True,False,False,False,False,40.0,1131.0,22.0,0.0
274.0,1973.0,34853.0,1.0,1.0,75.0,0.0,9.0,3.0,15.0,2.0,3.0,2.0,2.0,2.0,0.0,3.0,6.0,0.0,0.0,0.0,0.0,0.0,0.0,False,False,True,False,False,False,False,False,False,True,False,False,False,52.0,34.0,5.0,2.0
3388.0,1967.0,70844.0,1.0,1.0,16.0,0.0,129.0,26.0,67.0,3.0,67.0,2.0,5.0,6.0,1.0,5.0,7.0,0.0,0.0,0.0,0.0,0.0,0.0,False,False,True,False,False,False,False,True,False,False,False,False,False,58.0,294.0,12.0,2.0
922.0,1979.0,31086.0,1.0,1.0,79.0,0.0,16.0,2.0,11.0,3.0,0.0,16.0,2.0,1.0,1.0,2.0,8.0,0.0,0.0,1.0,0.0,0.0,0.0,True,False,False,False,False,False,False,False,True,False,False,False,False,46.0,48.0,4.0,2.0
8588.0,1961.0,60544.0,1.0,1.0,92.0,0.0,201.0,2.0,43.0,3.0,5.0,35.0,4.0,5.0,1.0,5.0,6.0,0.0,0.0,0.0,0.0,0.0,0.0,False,False,True,False,False,False,False,False,True,False,False,False,False,64.0,289.0,11.0,2.0
2518.0,1986.0,20491.0,0.0,0.0,16.0,0.0,5.0,4.0,5.0,4.0,2.0,10.0,1.0,0.0,1.0,2.0,7.0,0.0,0.0,0.0,0.0,0.0,0.0,True,False,False,False,False,False,False,False,False,False,True,False,False,39.0,30.0,3.0,0.0
574.0,1964.0,42523.0,0.0,0.0,96.0,0.0,14.0,36.0,11.0,3.0,26.0,35.0,1.0,1.0,1.0,4.0,2.0,0.0,0.0,0.0,0.0,0.0,0.0,False,False,True,False,False,False,False,False,True,False,False,False,False,61.0,125.0,6.0,0.0
3220.0,1983.0,39922.0,1.0,0.0,30.0,0.0,29.0,12.0,59.0,19.0,1.0,36.0,2.0,3.0,0.0,4.0,8.0,0.0,0.0,0.0,0.0,0.0,0.0,False,False,True,False,False,False,False,False,True,False,False,False,False,42.0,156.0,7.0,1.0
5967.0,1952.0,33402.0,1.0,1.0,60.0,0.0,26.0,2.0,19.0,10.0,5.0,8.0,3.0,2.0,1.0,3.0,8.0,0.0,0.0,0.0,0.0,0.0,0.0,False,False,True,False,False,False,False,False,False,False,True,False,False,73.0,70.0,6.0,2.0
1183.0,1949.0,36408.0,1.0,1.0,11.0,0.0,9.0,1.0,4.0,3.0,2.0,3.0,1.0,1.0,0.0,2.0,6.0,0.0,0.0,0.0,0.0,0.0,0.0,False,False,False,True,False,False,False,False,True,False,False,False,False,76.0,22.0,3.0,2.0
6856.0,1979.0,21645.0,1.0,0.0,75.0,0.0,14.0,0.0,23.0,4.0,5.0,19.0,3.0,3.0,0.0,3.0,9.0,0.0,0.0,0.0,0.0,0.0,1.0,False,False,True,False,False,False,False,False,False,False,True,False,False,46.0,65.0,6.0,1.0
4530.0,1948.0,80616.93338609285,0.0,0.0,36.0,0.0,972.0,19.0,556.0,120.5,26.0,126.5,3.0,3.0,7.0,10.0,3.0,1.0,0.0,0.0,0.0,0.0,1.0,False,False,False,True,False,False,False,False,False,False,False,True,False,77.0,1930.0,20.0,0.0
1553.0,1946.0,82657.0,0.0,0.0,71.0,0.0,966.0,81.0,556.0,120.5,81.0,126.0,1.0,7.0,5.0,10.0,4.0,1.0,0.0,0.0,1.0,0.0,0.0,False,False,True,False,False,False,False,False,False,False,True,False,False,79.0,2283.0,22.0,0.0
4682.0,1958.0,51876.0,0.0,0.0,88.0,0.0,99.0,27.0,102.0,28.0,48.0,6.0,1.0,2.0,2.0,8.0,1.0,0.0,0.0,0.0,0.0,0.0,0.0,False,False,True,False,False,False,False,False,True,False,False,False,False,67.0,310.0,12.0,0.0
8204.0,1971.0,78041.0,0.0,0.0,93.0,0.0,482.0,35.0,553.0,72.0,81.0,17.0,1.0,4.0,4.0,9.0,2.0,0.0,0.0,0.0,0.0,0.0,0.0,True,False,False,False,False,False,False,False,True,False,False,False,False,54.0,1319.0,17.0,0.0
5221.0,1957.0,52852.0,0.0,1.0,93.0,0.0,714.0,8.0,99.0,11.0,0.0,47.0,4.0,10.0,7.0,5.0,8.0,0.0,0.0,1.0,0.0,0.0,0.0,False,False,True,False,False,False,False,False,True,False,False,False,False,68.0,879.0,22.0,1.0
1232.0,1982.0,70038.0,0.0,0.0,54.0,0.0,587.0,54.0,348.0,71.0,54.0,126.5,1.0,4.0,4.0,8.0,2.0,0.0,0.0,0.0,0.0,0.0,0.0,False,False,True,False,False,False,False,False,False,False,True,False,False,43.0,1244.0,16.0,0.0
1927.0,1973.0,69401.0,0.0,1.0,41.0,0.0,399.0,27.0,159.0,58.0,8.0,39.0,4.0,4.0,4.0,5.0,2.0,0.0,0.0,0.0,0.0,0.0,0.0,True,False,False,False,False,False,False,False,False,False,True,False,False,52.0,690.0,13.0,1.0
5788.0,1972.0,46053.0,1.0,0.0,46.0,0.0,56.0,10.0,92.0,19.0,7.0,25.0,3.0,3.0,2.0,4.0,5.0,0.0,0.0,0.0,0.0,0.0,0.0,False,False,True,False,False,False,False,False,False,False,True,False,False,53.0,209.0,9.0,1.0
6652.0,1965.0,77343.0,0.0,0.0,28.0,0.0,227.0,81.0,556.0,98.0,54.0,31.0,1.0,3.0,4.0,9.0,1.0,0.0,0.0,0.0,0.0,0.0,0.0,False,False,True,False,False,False,False,False,True,False,False,False,False,60.0,1134.0,16.0,0.0
6246.0,1953.0,73892.0,0.0,0.0,40.0,0.0,703.0,81.0,556.0,0.0,58.0,43.0,1.0,3.0,10.0,8.0,1.0,0.0,0.0,0.0,0.0,0.0,1.0,False,False,True,False,False,False,False,False,False,True,False,False,False,72.0,1507.0,22.0,0.0
5975.0,1967.0,40304.0,1.0,0.0,82.0,0.0,37.0,0.0,17.0,0.0,0.0,3.0,1.0,2.0,0.0,3.0,7.0,0.0,0.0,0.0,0.0,0.0,0.0,False,False,False,False,True,False,False,False,False,True,False,False,False,58.0,57.0,5.0,1.0
6875.0,1965.0,32727.0,0.0,0.0,38.0,0.0,167.0,13.0,180.0,86.0,13.0,70.0,2.0,7.0,3.0,5.0,8.0,0.0,0.0,0.0,0.0,0.0,0.0,False,False,False,False,True,False,False,False,False,False,True,False,False,60.0,529.0,15.0,0.0
4399.0,1969.0,68695.0,0.0,0.0,3.0,0.0,458.0,81.0,356.0,106.0,50.0,40.0,1.0,4.0,4.0,7.0,2.0,0.0,0.0,0.0,0.0,0.0,0.0,False,False,True,False,False,False,False,False,False,False,True,False,False,56.0,1091.0,15.0,0.0
4042.0,1971.0,43300.0,0.0,1.0,87.0,0.0,91.0,3.0,52.0,2.0,1.0,31.0,3.0,4.0,0.0,4.0,8.0,0.0,0.0,0.0,0.0,0.0,1.0,False,False,True,False,False,False,False,True,False,False,False,False,False,54.0,180.0,8.0,1.0
2157.0,1972.0,26290.0,1.0,1.0,49.0,0.0,15.0,8.0,16.0,11.0,5.0,22.0,4.0,2.0,0.0,4.0,6.0,0.0,0.0,0.0,0.0,0.0,0.0,False,False,True,False,False,False,False,False,False,False,True,False,False,53.0,77.0,6.0,2.0
10133.0,1970.0,93790.0,0.0,0.0,16.0,0.0,1225.0,68.0,556.0,89.0,81.0,45.0,0.0,6.0,7.0,12.0,2.0,1.0,0.0,0.0,1.0,1.0,1.0,False,False,True,False,False,False,False,False,False,True,False,False,False,55.0,2349.0,25.0,0.0
2525.0,1974.0,38410.0,0.0,0.0,65.0,0.0,153.0,64.0,123.0,116.0,64.0,14.0,2.0,5.0,2.0,9.0,6.0,0.0,0.0,0.0,0.0,0.0,1.0,False,False,False,False,True,False,False,False,True,False,False,False,False,51.0,534.0,16.0,0.0
8233.0,1950.0,64866.0,0.0,1.0,9.0,0.0,508.0,5.0,21.0,7.0,5.0,10.0,4.0,7.0,3.0,7.0,5.0,0.0,0.0,0.0,1.0,0.0,0.0,False,False,False,True,False,False,False,False,False,False,False,True,False,75.0,556.0,17.0,1.0
9483.0,1959.0,57957.0,0.0,1.0,24.0,1.0,290.0,59.0,177.0,77.0,5.0,29.0,6.0,4.0,6.0,8.0,3.0,0.0,0.0,0.0,0.0,0.0,0.0,False,False,True,False,False,False,False,False,False,False,True,False,False,66.0,637.0,18.0,1.0
2945.0,1955.0,46015.0,1.0,0.6042714110883303,25.0,0.0,38.0,0.0,2.0,0.0,0.0,6.0,1.0,1.0,0.0,3.0,7.0,0.0,1.0,1.0,0.0,0.0,0.0,False,False,False,False,True,False,False,False,False,False,True,False,False,70.0,46.0,4.0,1.6042714110883303
10403.0,1978.0,16531.0,1.0,0.0,43.0,0.0,2.0,13.0,6.0,7.0,5.0,11.0,3.0,3.0,0.0,3.0,7.0,0.0,0.0,0.0,0.0,0.0,0.0,False,False,True,False,False,False,False,False,False,False,True,False,False,47.0,44.0,6.0,1.0
5074.0,1986.0,28072.0,1.0,0.0,10.0,0.0,30.0,0.0,10.0,2.0,0.0,5.0,1.0,1.0,0.0,3.0,7.0,0.0,0.0,0.0,0.0,0.0,0.0,False,False,False,True,False,False,False,False,True,False,False,False,False,39.0,47.0,4.0,1.0
10524.0,1963.0,49476.0,0.0,1.0,29.0,0.0,386.0,23.0,95.0,54.0,41.0,126.5,4.0,2.0,10.0,5.0,2.0,0.0,0.0,0.0,0.0,0.0,0.0,False,False,False,True,False,False,False,True,False,False,False,False,False,62.0,795.0,18.0,1.0
4690.0,1953.0,50725.0,0.0,1.0,45.0,0.0,443.0,10.0,75.0,0.0,10.0,48.0,4.0,8.0,1.0,8.0,8.0,0.0,0.0,0.0,0.0,0.0,0.0,False,False,True,False,False,False,False,False,True,False,False,False,False,72.0,586.0,17.0,1.0
7521.0,1952.0,83844.0,0.0,0.0,57.0,0.0,901.0,31.0,345.0,75.0,31.0,126.5,1.0,4.0,4.0,11.0,1.0,0.0,0.0,0.0,0.0,1.0,0.0,False,False,True,False,False,False,False,False,False,False,True,False,False,73.0,1574.0,19.0,0.0
7196.0,1950.0,41145.0,1.0,1.0,20.0,0.0,9.0,0.0,3.0,0.0,0.0,1.0,1.0,0.0,0.0,3.0,3.0,0.0,0.0,0.0,0.0,0.0,0.0,False,False,False,False,True,False,False,False,True,False,False,False,False,75.0,13.0,3.0,2.0
4406.0,1970.0,67419.0,0.0,1.0,29.0,0.0,846.0,81.0,352.0,91.0,56.0,42.0,4.0,9.0,4.0,8.0,5.0,0.0,0.0,0.0,0.0,0.0,0.0,False,False,True,False,False,False,False,False,False,False,True,False,False,55.0,1471.0,21.0,1.0
9672.0,1970.0,23162.0,1.0,1.0,82.0,0.0,8.0,3.0,9.0,19.0,4.0,22.0,3.0,1.0,1.0,3.0,6.0,0.0,0.0,0.0,0.0,0.0,0.0,True,False,False,False,False,False,False,False,True,False,False,False,False,55.0,65.0,5.0,2.0
4864.0,1977.0,34380.0,1.0,0.0,68.0,0.0,72.0,7.0,58.0,13.0,1.0,24.0,4.0,4.0,1.0,3.0,8.0,0.0,0.0,0.0,0.0,0.0,0.0,False,False,True,False,False,False,False,False,True,False,False,False,False,48.0,175.0,8.0,1.0
4706.0,1966.0,34704.0,0.0,1.0,65.0,0.0,29.0,0.0,5.0,0.0,1.0,5.0,1.0,1.0,0.0,3.0,5.0,0.0,0.0,0.0,0.0,0.0,0.0,False,False,True,False,False,False,False,False,False,True,False,False,False,59.0,40.0,4.0,1.0
4070.0,1969.0,94871.0,0.0,2.0,99.0,0.0,169.0,24.0,553.0,120.5,0.0,126.5,1.0,8.0,5.0,4.0,7.0,0.0,0.0,0.0,1.0,1.0,1.0,False,False,False,False,True,False,False,False,True,False,False,False,False,56.0,1078.0,17.0,2.0
25.0,1958.0,65148.0,0.0,1.0,9.0,0.0,460.0,35.0,422.0,33.0,12.0,126.5,2.0,6.0,6.0,7.0,4.0,0.0,0.0,0.0,0.0,0.0,0.0,False,False,True,False,False,False,False,False,True,False,False,False,False,67.0,1115.0,19.0,1.0
3697.0,1954.0,39898.0,0.0,1.0,20.0,0.0,69.0,8.0,26.0,12.0,7.0,12.0,2.0,3.0,0.0,4.0,7.0,0.0,0.0,0.0,0.0,0.0,0.0,False,False,True,False,False,False,False,False,False,False,True,False,False,71.0,134.0,7.0,1.0
217.0,1956.0,64857.0,0.0,0.0,78.0,0.0,556.0,14.0,556.0,120.5,0.0,43.0,1.0,7.0,5.0,10.0,4.0,0.0,0.0,0.0,0.0,0.0,0.0,False,False,False,True,False,False,False,False,False,True,False,False,False,69.0,1540.0,22.0,0.0
4220.0,1970.0,59892.0,0.0,1.0,26.0,0.0,73.0,0.0,13.0,0.0,1.0,0.0,1.0,2.0,1.0,3.0,3.0,0.0,0.0,0.0,0.0,0.0,0.0,False,False,False,False,True,False,False,False,True,False,False,False,False,55.0,87.0,6.0,1.0
5286.0,1987.0,41020.0,0.0,0.0,68.0,0.0,112.0,1.0,54.0,7.0,7.0,36.0,1.0,3.0,2.0,4.0,3.0,0.0,0.0,0.0,0.0,0.0,0.0,False,False,True,False,False,False,False,False,False,True,False,False,False,38.0,217.0,9.0,0.0
9559.0,1961.0,57072.0,0.0,1.0,79.0,0.0,944.0,0.0,60.0,0.0,0.0,30.0,2.0,7.0,5.0,13.0,5.0,0.0,0.0,1.0,0.0,0.0,0.0,False,False,False,False,True,False,False,False,True,False,False,False,False,64.0,1034.0,25.0,1.0
2849.0,1979.0,60474.0,0.0,1.0,25.0,0.0,265.0,81.0,303.0,120.5,9.0,126.5,6.0,10.0,2.0,12.0,7.0,0.0,0.0,0.0,0.0,0.0,0.0,False,False,True,False,False,False,False,False,False,True,False,False,False,46.0,1180.0,24.0,1.0
7787.0,1960.0,62807.0,0.0,1.0,83.0,0.0,526.0,28.0,135.0,10.0,21.0,99.0,3.0,5.0,3.0,12.0,5.0,0.0,0.0,0.0,0.0,0.0,0.0,False,False,True,False,False,False,False,False,False,False,True,False,False,65.0,819.0,20.0,1.0
3102.0,1981.0,19414.0,1.0,0.0,32.0,0.0,2.0,3.0,12.0,3.0,5.0,7.0,1.0,1.0,0.0,3.0,8.0,0.0,0.0,0.0,0.0,0.0,0.0,True,False,False,False,False,False,False,False,False,False,True,False,False,44.0,32.0,4.0,1.0
5868.0,1980.0,19107.0,1.0,0.0,49.0,0.0,2.0,4.0,9.0,10.0,5.0,16.0,2.0,1.0,0.0,3.0,7.0,0.0,0.0,0.0,0.0,0.0,0.0,False,False,True,False,False,False,False,False,True,False,False,False,False,45.0,46.0,4.0,1.0
8370.0,1976.0,75484.0,0.0,1.0,50.0,0.0,378.0,81.0,259.0,120.5,81.0,34.0,2.0,7.0,3.0,6.0,4.0,0.0,0.0,0.0,0.0,0.0,0.0,True,False,False,False,False,False,False,False,False,False,True,False,False,49.0,1159.0,16.0,1.0
9988.0,1976.0,70379.0,0.0,1.0,84.0,0.0,553.0,25.0,142.0,65.0,67.0,8.0,3.0,6.0,3.0,13.0,4.0,0.0,0.0,0.0,0.0,0.0,0.0,False,False,False,True,False,False,False,False,False,True,False,False,False,49.0,860.0,22.0,1.0
2939.0,1970.0,79419.0,0.0,0.0,96.0,0.0,751.0,81.0,556.0,20.0,15.0,31.0,1.0,4.0,6.0,4.0,2.0,0.0,0.0,0.0,0.0,0.0,0.0,False,False,False,True,False,False,False,False,False,False,True,False,False,55.0,1631.0,14.0,0.0
5529.0,1946.0,64014.0,2.0,1.3057788869310833,56.0,0.0,406.0,0.0,30.0,0.0,0.0,8.0,6.0,8.0,2.0,5.0,7.0,1.0,0.0,0.0,0.0,0.0,0.0,False,False,False,False,True,False,False,False,False,False,True,False,False,79.0,444.0,15.0,2.5
9743.0,1955.0,76998.0,0.0,1.0,85.0,0.0,1225.0,81.0,161.0,69.0,35.0,107.0,2.0,11.0,8.0,8.0,6.0,0.0,0.0,0.0,0.0,1.0,0.0,False,False,True,False,False,False,False,False,True,False,False,False,False,70.0,1910.0,27.0,1.0
5763.0,1972.0,49854.0,1.0,0.0,63.0,0.0,123.0,17.0,171.0,39.0,0.0,30.0,5.0,6.0,2.0,5.0,6.0,0.0,0.0,0.0,0.0,0.0,0.0,False,False,False,True,False,False,False,False,False,False,True,False,False,53.0,380.0,13.0,1.0
3478.0,1971.0,60585.0,1.0,1.0,17.0,0.0,267.0,42.0,309.0,55.0,42.0,21.0,6.0,7.0,4.0,9.0,5.0,0.0,0.0,0.0,0.0,0.0,1.0,False,False,False,False,True,False,False,False,True,False,False,False,False,54.0,736.0,20.0,2.0
7494.0,1950.0,42873.0,1.0,1.0,11.0,0.0,209.0,0.0,40.0,3.0,2.0,15.0,4.0,6.0,1.0,4.0,8.0,0.0,0.0,0.0,0.0,0.0,0.0,False,False,False,False,True,False,False,True,False,False,False,False,False,75.0,269.0,11.0,2.0
1763.0,1988.0,87679.0,0.0,0.0,62.0,0.0,1225.0,81.0,556.0,97.0,81.0,33.0,1.0,7.0,10.0,10.0,4.0,1.0,0.0,1.0,0.0,1.0,1.0,False,False,True,False,False,False,False,False,False,False,True,False,False,37.0,2510.625,28.0,0.0
7250.0,1978.0,57867.0,1.0,0.0,48.0,0.0,344.0,35.0,178.0,15.0,23.0,17.0,6.0,7.0,2.0,9.0,6.0,0.0,0.0,0.0,0.0,0.0,0.0,False,False,True,False,False,False,False,False,False,False,True,False,False,47.0,612.0,18.0,1.0
2005.0,1990.0,35765.0,1.0,0.0,86.0,0.0,22.0,3.0,30.0,0.0,5.0,15.0,2.0,2.0,0.0,4.0,6.0,0.0,0.0,0.0,0.0,0.0,0.0,False,False,True,False,False,False,False,False,True,False,False,False,False,35.0,75.0,6.0,1.0
10770.0,1959.0,65492.0,0.0,0.0,73.0,0.0,247.0,81.0,295.0,120.5,81.0,47.0,2.0,4.0,7.0,13.0,2.0,0.0,0.0,0.0,0.0,0.0,0.0,False,False,True,False,False,False,False,False,True,False,False,False,False,66.0,1045.0,24.0,0.0
6885.0,1977.0,32952.0,1.0,0.0,36.0,0.0,38.0,0.0,12.0,3.0,1.0,1.0,1.0,2.0,0.0,3.0,7.0,0.0,0.0,0.0,0.0,0.0,0.0,False,False,True,False,False,False,False,True,False,False,False,False,False,48.0,55.0,5.0,1.0
2072.0,1969.0,53374.0,0.0,1.0,34.0,0.0,896.0,10.0,101.0,13.0,10.0,34.0,6.0,4.0,2.0,9.0,9.0,0.0,0.0,1.0,0.0,0.0,1.0,False,False,False,False,True,False,False,False,False,False,True,False,False,56.0,1064.0,15.0,1.0
9463.0,1959.0,71706.0,0.0,1.0,16.0,0.0,931.0,56.0,253.0,91.0,81.0,14.0,4.0,9.0,5.0,7.0,5.0,0.0,0.0,0.0,0.0,0.0,0.0,False,False,True,False,False,False,False,False,False,False,True,False,False,66.0,1443.0,21.0,1.0
6318.0,1988.0,68487.0,0.0,0.0,48.0,0.0,758.0,12.0,385.0,33.0,81.0,89.0,1.0,9.0,7.0,13.0,4.0,0.0,0.0,0.0,0.0,0.0,0.0,False,False,True,False,False,False,False,False,True,False,False,False,False,37.0,1366.0,29.0,0.0
4093.0,1975.0,53253.0,1.0,1.0,61.0,0.0,216.0,9.0,57.0,20.0,9.0,125.0,6.0,4.0,3.0,5.0,5.0,0.0,0.0,0.0,0.0,0.0,0.0,False,False,False,True,False,False,False,False,False,False,True,False,False,50.0,436.0,12.0,2.0
5751.0,1973.0,31163.0,1.0,0.0,54.0,0.0,2.0,3.0,10.0,11.0,2.0,10.0,1.0,1.0,0.0,3.0,6.0,0.0,0.0,0.0,0.0,0.0,0.0,True,False,False,False,False,False,False,True,False,False,False,False,False,52.0,38.0,4.0,1.0
3340.0,1977.0,42014.0,1.0,0.0,56.0,0.0,244.0,15.0,108.0,4.0,15.0,50.0,6.0,7.0,1.0,6.0,8.0,0.0,0.0,0.0,0.0,0.0,1.0,False,False,True,False,False,False,False,False,True,False,False,False,False,48.0,436.0,14.0,1.0
3594.0,1973.0,54108.0,1.0,1.0,74.0,0.0,539.0,6.0,91.0,8.0,6.0,97.0,6.0,8.0,2.0,9.0,8.0,0.0,0.0,0.0,0.0,0.0,0.0,False,False,False,True,False,False,False,False,True,False,False,False,False,52.0,747.0,19.0,2.0
3584.0,1955.0,49667.0,0.0,0.0,35.0,0.0,1181.0,26.0,120.0,17.0,13.0,39.0,2.0,5.0,10.0,5.0,8.0,0.0,0.0,1.0,0.0,0.0,1.0,False,False,False,False,True,False,False,False,False,True,False,False,False,70.0,1396.0,20.0,0.0
3643.0,1974.0,63206.0,0.0,0.0,65.0,0.0,750.0,8.0,125.0,11.0,8.0,26.0,1.0,4.0,3.0,6.0,2.0,0.0,0.0,0.0,0.0,1.0,0.0,False,False,False,True,False,False,False,False,True,False,False,False,False,51.0,928.0,13.0,0.0
851.0,1972.0,57136.0,1.0,1.0,48.0,0.0,306.0,5.0,109.0,21.0,81.0,92.0,6.0,5.0,2.0,10.0,6.0,0.0,0.0,0.0,0.0,0.0,0.0,False,False,False,True,False,False,False,False,True,False,False,False,False,53.0,642.0,17.0,2.0
7706.0,1975.0,46772.0,0.0,1.0,88.0,0.0,350.0,81.0,189.0,120.5,81.0,57.0,6.0,11.0,8.0,5.0,8.0,0.0,0.0,1.0,0.0,0.0,0.0,True,False,False,False,False,False,False,False,False,False,True,False,False,50.0,1048.0,24.0,1.0
3967.0,1971.0,78931.0,0.0,0.0,19.0,0.0,331.0,81.0,170.0,58.0,81.0,35.0,1.0,2.0,8.0,13.0,1.0,0.0,0.0,0.0,0.0,0.0,0.0,False,False,False,False,True,False,False,False,True,False,False,False,False,54.0,943.0,23.0,0.0
10128.0,1958.0,53977.0,0.0,1.0,21.0,0.0,620.0,16.0,165.0,0.0,24.0,82.0,5.0,5.0,5.0,12.0,5.0,0.0,0.0,0.0,0.0,0.0,0.0,False,False,True,False,False,False,False,False,False,False,True,False,False,67.0,907.0,22.0,1.0
486.0,1988.0,84219.0,0.0,0.0,27.0,0.0,434.0,81.0,400.0,45.0,81.0,45.0,1.0,3.0,4.0,10.0,1.0,0.0,0.0,0.0,0.0,0.0,0.0,False,False,True,False,False,False,False,False,True,False,False,False,False,37.0,1198.0,17.0,0.0
9.0,1975.0,46098.0,1.0,1.0,86.0,0.0,57.0,0.0,27.0,0.0,0.0,36.0,4.0,3.0,2.0,2.0,8.0,0.0,0.0,0.0,0.0,0.0,0.0,False,False,False,True,False,False,False,False,False,True,False,False,False,50.0,120.0,7.0,2.0
9451.0,1965.0,73538.0,0.0,1.0,92.0,0.0,811.0,76.0,428.0,99.0,81.0,107.0,3.0,10.0,4.0,9.0,7.0,0.0,0.0,0.0,0.0,0.0,0.0,False,False,True,False,False,False,False,False,True,False,False,False,False,60.0,1658.0,23.0,1.0
9264.0,1986.0,79529.0,0.0,0.0,1.0,0.0,423.0,42.0,556.0,73.0,81.0,126.5,1.0,4.0,8.0,9.0,2.0,0.0,0.0,0.0,0.0,0.0,0.0,False,False,True,False,False,False,False,False,True,False,False,False,False,39.0,1638.0,21.0,0.0
3865.0,1977.0,20981.0,0.0,0.0,14.0,0.0,2.0,12.0,10.0,6.0,13.0,30.0,1.0,3.0,1.0,2.0,8.0,0.0,0.0,0.0,0.0,0.0,1.0,True,False,False,False,False,False,False,False,False,False,True,False,False,48.0,73.0,6.0,0.0
2853.0,1980.0,51766.0,1.0,0.0,74.0,0.0,60.0,51.0,87.0,6.0,20.0,51.0,2.0,4.0,2.0,4.0,5.0,0.0,0.0,0.0,0.0,0.0,0.0,False,False,True,False,False,False,False,False,False,True,False,False,False,45.0,275.0,10.0,1.0
1490.0,1962.0,55759.0,0.0,1.0,84.0,0.0,675.0,0.0,85.0,10.0,7.0,77.0,5.0,10.0,3.0,8.0,8.0,0.0,0.0,0.0,0.0,0.0,0.0,False,False,True,False,False,False,False,False,True,False,False,False,False,63.0,854.0,21.0,1.0
6310.0,1978.0,33039.0,1.0,0.0,4.0,0.0,30.0,8.0,12.0,8.0,8.0,12.0,1.0,2.0,0.0,4.0,5.0,0.0,0.0,0.0,0.0,0.0,0.0,False,False,True,False,False,False,False,False,True,False,False,False,False,47.0,78.0,6.0,1.0
10380.0,1972.0,37787.0,1.0,0.3469957357681146,50.0,0.0,40.0,1.0,40.0,4.0,3.0,18.0,1.0,3.0,0.0,3.0,8.0,0.0,0.0,0.0,0.0,0.0,0.0,False,False,False,True,False,False,False,False,True,False,False,False,False,53.0,106.0,6.0,1.3469957357681146
3887.0,1970.0,27242.0,1.0,0.0,2.0,0.0,3.0,17.0,26.0,20.0,1.0,39.0,2.0,2.0,0.0,3.0,9.0,0.0,0.0,0.0,0.0,0.0,1.0,False,False,True,False,False,False,False,False,False,True,False,False,False,55.0,106.0,5.0,1.0
4278.0,1983.0,87188.0,0.0,0.022750721344735325,73.0,0.0,910.0,81.0,556.0,49.0,74.0,55.0,1.0,10.0,2.0,6.0,3.0,0.0,0.0,0.0,0.0,0.0,1.0,False,False,False,False,True,False,False,False,False,True,False,False,False,42.0,1923.0,18.0,0.022750721344735325
8643.0,1971.0,69930.0,0.0,0.0,21.0,0.0,252.0,81.0,556.0,120.5,70.0,126.5,1.0,4.0,5.0,12.0,3.0,0.0,0.0,0.0,0.0,0.0,0.0,False,False,True,False,False,False,False,False,False,False,True,False,False,54.0,1662.0,21.0,0.0
1998.0,1976.0,37697.0,1.0,0.0,82.0,0.0,34.0,6.0,21.0,11.0,4.0,8.0,1.0,2.0,1.0,3.0,6.0,0.0,0.0,0.0,0.0,0.0,0.0,False,False,True,False,False,False,False,False,False,True,False,False,False,49.0,84.0,6.0,1.0
10795.0,1973.0,37401.0,1.0,0.0,14.0,0.0,19.0,3.0,19.0,3.0,1.0,3.0,2.0,2.0,0.0,3.0,7.0,0.0,0.0,0.0,0.0,0.0,0.0,False,False,False,False,True,False,False,False,True,False,False,False,False,52.0,48.0,5.0,1.0
11110.0,1973.0,3502.0,1.0,0.0,56.0,0.0,2.0,1.0,1.0,0.0,0.0,1.0,0.0,0.0,0.0,0.0,13.0,0.0,0.0,0.0,0.0,0.0,0.0,False,False,True,False,False,False,False,False,False,True,False,False,False,52.0,5.0,0.0,1.0
2408.0,1976.0,58597.0,1.0,1.0,20.0,0.0,490.0,0.0,184.0,10.0,28.0,21.0,6.0,7.0,4.0,9.0,7.0,0.0,0.0,0.0,0.0,0.0,0.0,False,False,True,False,False,False,False,False,True,False,False,False,False,49.0,733.0,20.0,2.0
202.0,1948.0,82032.0,0.0,0.3551065328720888,54.0,0.0,332.0,81.0,377.0,120.5,81.0,57.0,0.0,4.0,6.0,7.0,1.0,0.0,0.0,0.0,0.0,0.0,0.0,False,False,False,False,True,False,False,False,False,False,False,True,False,77.0,1234.0,17.0,0.3551065328720888
7998.0,1958.0,28087.0,1.0,1.0,77.0,0.0,53.0,8.0,17.0,13.0,0.0,21.0,3.0,2.0,2.0,2.0,7.0,0.0,0.0,0.0,0.0,0.0,0.0,False,False,True,False,False,False,False,False,False,False,True,False,False,67.0,112.0,6.0,2.0
830.0,1987.0,74004.0,0.0,0.0,5.0,0.0,784.0,48.0,556.0,42.0,81.0,48.0,1.0,4.0,6.0,4.0,3.0,1.0,0.0,0.0,0.0,1.0,1.0,False,False,False,False,True,False,False,False,False,True,False,False,False,38.0,1658.0,14.0,0.0
3536.0,1960.0,19740.0,0.0,1.0,65.0,0.0,7.0,11.0,3.0,10.0,4.0,20.0,2.0,1.0,1.0,3.0,5.0,0.0,0.0,0.0,0.0,0.0,0.0,False,False,True,False,False,False,False,False,False,False,True,False,False,65.0,55.0,5.0,1.0
6050.0,1975.0,57036.0,0.0,1.0,33.0,0.0,1171.0,43.0,219.0,19.0,14.0,47.0,4.0,6.0,3.0,13.0,9.0,0.0,0.0,1.0,0.0,0.0,0.0,True,False,False,False,False,False,False,False,True,False,False,False,False,50.0,1513.0,22.0,1.0
125.0,1958.0,53083.0,1.0,1.0,65.0,0.0,215.0,7.0,33.0,3.0,0.0,13.0,6.0,5.0,1.0,5.0,7.0,0.0,0.0,0.0,1.0,0.0,0.0,True,False,False,False,False,False,False,False,False,False,True,False,False,67.0,271.0,11.0,2.0
3463.0,1975.0,69283.0,0.0,1.0,41.0,0.0,674.0,62.0,134.0,0.0,26.0,8.0,4.0,7.0,3.0,13.0,5.0,0.0,0.0,0.0,0.0,0.0,0.0,False,False,False,False,True,False,False,False,True,False,False,False,False,50.0,904.0,23.0,1.0
2804.0,1975.0,46098.0,1.0,1.0,86.0,0.0,57.0,0.0,27.0,0.0,0.0,36.0,4.0,3.0,2.0,2.0,8.0,0.0,0.0,0.0,0.0,0.0,1.0,False,False,False,True,False,False,False,False,False,True,False,False,False,50.0,120.0,7.0,2.0
3745.0,1988.0,23331.0,1.0,0.0,92.0,0.0,5.0,36.0,7.0,0.0,10.0,45.0,2.0,3.0,0.0,3.0,8.0,0.0,0.0,0.0,0.0,0.0,0.0,True,False,False,False,False,False,False,False,True,False,False,False,False,37.0,103.0,6.0,1.0
9771.0,1988.0,23331.0,1.0,0.0,97.0,0.0,104.0,20.0,101.0,24.0,15.0,5.0,6.0,5.0,1.0,5.0,9.0,0.0,0.0,0.0,0.0,0.0,0.0,True,False,False,False,False,False,False,False,False,True,False,False,False,37.0,269.0,11.0,1.0
451.0,1989.0,9255.0,1.0,0.0,91.0,0.0,9.0,0.0,7.0,2.0,0.0,4.0,1.0,1.0,1.0,2.0,8.0,0.0,0.0,0.0,0.0,0.0,0.0,False,False,True,False,False,False,False,False,False,True,False,False,False,36.0,22.0,4.0,1.0
10530.0,1959.0,67786.0,0.0,0.0,0.0,0.0,431.0,81.0,441.0,80.0,20.0,102.0,1.0,3.0,6.0,6.0,1.0,0.0,0.0,0.0,0.0,0.0,1.0,False,False,False,False,True,False,False,False,False,False,False,True,False,66.0,1156.0,15.0,0.0
1079.0,1971.0,71969.0,0.0,1.0,59.0,0.0,1000.0,0.0,76.0,0.0,0.0,10.0,3.0,3.0,4.0,9.0,8.0,0.0,0.0,0.0,1.0,0.0,0.0,False,False,False,False,True,False,False,False,True,False,False,False,False,54.0,1086.0,16.0,1.0
8920.0,1967.0,59235.0,1.0,0.0,4.0,0.0,448.0,40.0,469.0,80.0,0.0,91.0,3.0,11.0,2.0,12.0,7.0,0.0,0.0,0.0,0.0,0.0,0.0,False,False,False,True,False,False,False,False,False,True,False,False,False,58.0,1128.0,25.0,1.0
6678.0,1989.0,31928.0,1.0,0.0,5.0,0.0,33.0,4.0,24.0,4.0,2.0,5.0,2.0,3.0,0.0,4.0,7.0,0.0,0.0,0.0,0.0,0.0,0.0,False,False,True,False,False,False,False,False,False,False,True,False,False,36.0,72.0,7.0,1.0
3852.0,1961.0,74881.0,1.0,1.0,48.0,0.0,505.0,72.0,270.0,36.0,27.0,54.0,4.0,9.0,2.0,12.0,5.0,0.0,0.0,0.0,0.0,0.0,0.0,False,False,False,True,False,False,False,False,False,False,True,False,False,64.0,964.0,23.0,2.0
528.0,1978.0,65819.0,0.0,0.0,99.0,0.0,267.0,38.0,556.0,120.5,81.0,63.0,1.0,5.0,4.0,10.0,3.0,0.0,0.0,0.0,0.0,0.0,0.0,False,False,True,False,False,False,False,False,True,False,False,False,False,47.0,1383.0,19.0,0.0
73.0,1953.0,51411.0,1.0,2.0,81.0,0.0,14.0,0.0,3.0,0.0,0.0,1.0,1.0,0.0,0.0,3.0,5.0,0.0,0.0,0.0,0.0,0.0,0.0,False,False,False,False,True,False,False,False,False,True,False,False,False,72.0,18.0,3.0,2.5
5589.0,1964.0,51983.0,0.0,1.0,95.0,0.0,631.0,0.0,115.0,10.0,7.0,30.0,3.0,9.0,2.0,10.0,7.0,0.0,0.0,0.0,0.0,0.0,0.0,False,False,True,False,False,False,False,True,False,False,False,False,False,61.0,793.0,21.0,1.0
10212.0,1986.0,42386.0,1.0,0.0,43.0,0.0,65.0,4.0,16.0,0.0,4.0,11.0,1.0,3.0,0.0,3.0,8.0,0.0,0.0,0.0,0.0,0.0,0.0,False,False,False,True,False,False,False,False,False,False,True,False,False,39.0,100.0,6.0,1.0
6365.0,1987.0,30390.0,0.0,0.0,5.0,0.0,10.0,12.0,12.0,25.0,1.0,20.0,1.0,2.0,0.0,3.0,6.0,0.0,0.0,0.0,0.0,0.0,0.0,True,False,False,False,False,False,False,False,True,False,False,False,False,38.0,80.0,5.0,0.0
5636.0,1963.0,30983.0,0.0,0.0,50.0,0.0,51.0,4.0,50.0,12.0,1.0,49.0,1.0,4.0,0.0,3.0,8.0,0.0,0.0,0.0,0.0,0.0,1.0,False,False,True,False,False,False,False,False,False,True,False,False,False,62.0,167.0,7.0,0.0
591.0,1957.0,66033.0,0.0,1.0,76.0,0.0,293.0,35.0,179.0,46.0,59.0,65.0,2.0,8.0,3.0,7.0,7.0,0.0,0.0,0.0,0.0,0.0,0.0,False,False,True,False,False,False,False,False,False,False,False,True,False,68.0,677.0,18.0,1.0
2217.0,1975.0,37284.0,1.0,1.0,46.0,0.0,11.0,1.0,2.0,2.0,1.0,6.0,1.0,0.0,0.0,3.0,6.0,0.0,0.0,0.0,0.0,0.0,0.0,True,False,False,False,False,False,False,False,True,False,False,False,False,50.0,23.0,3.0,2.0
2544.0,1951.0,57530.0,0.0,1.0,68.0,0.0,50.0,1.0,27.0,6.0,7.0,1.0,1.0,1.0,1.0,4.0,1.0,0.0,0.0,0.0,0.0,0.0,0.0,False,False,False,True,False,False,False,True,False,False,False,False,False,74.0,92.0,6.0,1.0
7725.0,1965.0,76800.0,0.0,0.0,33.0,0.0,173.0,26.0,255.0,35.0,71.0,81.0,1.0,4.0,4.0,7.0,1.0,0.0,0.0,0.0,0.0,0.0,0.0,True,False,False,False,False,False,False,False,True,False,False,False,False,60.0,641.0,15.0,0.0
8091.0,1956.0,63943.0,0.0,1.0,50.0,0.0,423.0,81.0,368.0,13.0,81.0,21.0,1.0,6.0,4.0,6.0,5.0,0.0,0.0,0.0,0.0,0.0,0.0,False,False,True,False,False,False,False,False,True,False,False,False,False,69.0,1106.0,16.0,1.0
7321.0,1962.0,76081.0,0.0,0.0,85.0,0.0,292.0,30.0,415.0,63.0,33.0,126.5,1.0,4.0,5.0,4.0,2.0,1.0,0.0,0.0,0.0,0.0,0.0,False,False,True,False,False,False,False,False,False,False,True,False,False,63.0,1033.0,13.0,0.0
5462.0,1974.0,67445.0,0.0,1.0,63.0,0.0,757.0,80.0,217.0,29.0,80.0,11.0,5.0,9.0,6.0,12.0,6.0,0.0,0.0,0.0,0.0,0.0,0.0,False,False,True,False,False,False,False,False,True,False,False,False,False,51.0,1174.0,27.0,1.0
7791.0,1967.0,37054.0,1.0,1.0,89.0,0.0,12.0,1.0,6.0,0.0,1.0,5.0,2.0,1.0,0.0,3.0,7.0,0.0,0.0,0.0,0.0,0.0,0.0,False,False,False,True,False,False,False,False,True,False,False,False,False,58.0,25.0,4.0,2.0
955.0,1962.0,47175.0,1.0,1.0,81.0,0.0,167.0,2.0,44.0,6.0,2.0,19.0,6.0,4.0,2.0,4.0,8.0,0.0,0.0,1.0,0.0,0.0,1.0,False,False,False,True,False,False,False,False,False,False,True,False,False,63.0,240.0,10.0,2.0
4037.0,1976.0,31859.0,1.0,0.0,77.0,0.0,3.0,1.0,3.0,8.0,0.0,5.0,1.0,1.0,0.0,2.0,7.0,0.0,0.0,0.0,0.0,0.0,0.0,False,False,True,False,False,False,False,True,False,False,False,False,False,49.0,20.0,3.0,1.0
6642.0,1961.0,27215.0,2.0,1.0,50.0,0.0,30.0,5.0,22.0,8.0,9.0,28.0,4.0,2.0,1.0,4.0,6.0,0.0,0.0,0.0,0.0,0.0,0.0,False,False,True,False,False,False,False,True,False,False,False,False,False,64.0,102.0,7.0,2.5
2793.0,1976.0,70179.0,0.0,1.0,10.0,0.0,532.0,81.0,168.0,69.0,44.0,126.5,3.0,7.0,3.0,13.0,5.0,0.0,0.0,0.0,0.0,0.0,0.0,False,False,False,False,True,False,False,True,False,False,False,False,False,49.0,1034.0,23.0,1.0
5424.0,1983.0,39922.0,1.0,0.0,30.0,0.0,29.0,12.0,59.0,19.0,1.0,36.0,2.0,3.0,0.0,4.0,8.0,0.0,0.0,0.0,0.0,0.0,0.0,False,False,True,False,False,False,False,False,True,False,False,False,False,42.0,156.0,7.0,1.0
879.0,1976.0,49681.0,0.0,2.0,66.0,0.0,411.0,0.0,26.0,0.0,0.0,21.0,6.0,7.0,1.0,7.0,7.0,0.0,0.0,0.0,0.0,0.0,0.0,False,False,False,True,False,False,False,False,True,False,False,False,False,49.0,458.0,15.0,2.0
9530.0,1988.0,24645.0,1.0,0.0,16.0,0.0,5.0,3.0,4.0,4.0,1.0,0.0,1.0,1.0,0.0,2.0,8.0,0.0,0.0,0.0,0.0,0.0,0.0,False,False,True,False,False,False,False,False,True,False,False,False,False,37.0,17.0,3.0,1.0
4828.0,1954.0,79865.0,0.0,1.0,12.0,0.0,71.0,81.0,278.0,120.5,81.0,38.0,1.0,5.0,10.0,5.0,1.0,0.0,0.0,0.0,0.0,0.0,0.0,False,False,True,False,False,False,False,True,False,False,False,False,False,71.0,792.0,20.0,1.0
10699.0,1985.0,44322.0,1.0,0.0,30.0,0.0,46.0,0.0,40.0,3.0,0.0,3.0,2.0,3.0,0.0,3.0,8.0,0.0,0.0,0.0,0.0,0.0,0.0,False,False,True,False,False,False,False,False,True,False,False,False,False,40.0,92.0,6.0,1.0
1497.0,1952.0,47958.0,0.0,1.0,8.0,0.0,268.0,11.0,88.0,15.0,3.0,22.0,2.0,6.0,3.0,5.0,5.0,0.0,0.0,0.0,0.0,0.0,0.0,False,False,True,False,False,False,False,False,False,True,False,False,False,73.0,407.0,14.0,1.0
7476.0,1964.0,63972.0,0.0,1.0,93.0,0.0,928.0,63.0,254.0,0.0,12.0,12.0,4.0,5.0,4.0,10.0,4.0,0.0,0.0,0.0,1.0,0.0,0.0,False,False,False,True,False,False,False,False,False,True,False,False,False,61.0,1269.0,19.0,1.0
4390.0,1954.0,75315.0,0.0,1.0,14.0,0.0,459.0,15.0,171.0,120.5,23.0,31.0,2.0,5.0,4.0,12.0,2.0,0.0,0.0,0.0,0.0,0.0,0.0,False,False,True,False,False,False,False,False,False,False,True,False,False,71.0,841.0,21.0,1.0
10478.0,1950.0,55517.0,1.0,1.0,53.0,0.0,483.0,0.0,108.0,0.0,6.0,36.0,5.0,11.0,1.0,6.0,9.0,0.0,0.0,0.0,0.0,0.0,1.0,False,False,False,False,True,False,False,False,True,False,False,False,False,75.0,633.0,18.0,2.0
1081.0,1957.0,75283.0,1.0,2.0,26.0,0.0,733.0,9.0,180.0,12.0,19.0,66.0,6.0,6.0,3.0,5.0,4.0,0.0,0.0,0.0,0.0,0.0,0.0,False,False,False,False,True,False,False,False,True,False,False,False,False,68.0,1019.0,14.0,2.5
4261.0,1946.0,82800.0,0.0,0.0,23.0,0.0,1006.0,22.0,115.0,59.0,68.0,45.0,1.0,7.0,6.0,12.0,3.0,1.0,0.0,0.0,0.0,1.0,1.0,False,False,False,False,True,False,False,False,False,True,False,False,False,79.0,1315.0,25.0,0.0
9916.0,1954.0,38998.0,1.0,1.0,92.0,1.0,34.0,1.0,14.0,0.0,0.0,5.0,3.0,2.0,0.0,3.0,8.0,0.0,0.0,0.0,0.0,0.0,0.0,False,False,True,False,False,False,False,False,True,False,False,False,False,71.0,54.0,5.0,2.0
5350.0,1991.0,90638.0,0.0,0.0,29.0,0.0,1156.0,81.0,556.0,94.0,81.0,96.0,1.0,3.0,4.0,10.0,1.0,0.0,0.0,0.0,0.0,1.0,1.0,False,False,False,True,False,False,False,False,False,True,False,False,False,34.0,2510.625,17.0,0.0
8135.0,1986.0,30732.128500204824,1.0,0.0,41.0,0.0,7.0,4.0,23.0,7.0,0.0,11.0,1.0,1.0,0.0,3.0,7.0,0.0,0.0,0.0,0.0,0.0,0.0,False,False,False,True,False,False,False,False,True,False,False,False,False,39.0,52.0,4.0,1.0
8685.0,1977.0,42014.0,1.0,0.0,56.0,0.0,244.0,15.0,108.0,4.0,15.0,50.0,6.0,7.0,1.0,6.0,8.0,0.0,0.0,0.0,0.0,0.0,1.0,False,False,True,False,False,False,False,False,True,False,False,False,False,48.0,436.0,14.0,1.0
4967.0,1960.0,38201.0,0.0,1.0,19.0,0.0,233.0,0.0,23.0,0.0,0.0,12.0,4.0,5.0,1.0,5.0,8.0,0.0,0.0,0.0,0.0,0.0,0.0,False,False,False,False,True,False,False,False,False,False,True,False,False,65.0,268.0,11.0,1.0
2130.0,1982.0,45203.0,2.0,0.0,4.0,0.0,35.0,3.0,67.0,10.0,8.0,24.0,1.0,3.0,1.0,3.0,6.0,0.0,0.0,0.0,0.0,0.0,1.0,False,False,True,False,False,False,False,False,False,False,True,False,False,43.0,147.0,7.0,2.0
9298.0,1947.0,81574.0,0.0,0.0,89.0,0.0,1225.0,0.0,465.0,46.0,35.0,0.0,1.0,4.0,5.0,8.0,1.0,0.0,0.0,0.0,1.0,1.0,0.0,False,False,False,False,True,False,False,False,False,False,True,False,False,78.0,1798.0,17.0,0.0
8175.0,1992.0,34935.0,0.0,0.0,71.0,0.0,34.0,4.0,66.0,3.0,10.0,20.0,1.0,2.0,1.0,4.0,7.0,0.0,0.0,0.0,0.0,0.0,0.0,False,False,True,False,False,False,False,False,True,False,False,False,False,33.0,137.0,7.0,0.0
6257.0,1976.0,60482.0,0.0,1.0,81.0,0.0,255.0,43.0,134.0,37.0,14.0,24.0,1.0,7.0,2.0,7.0,7.0,0.0,0.0,0.0,0.0,0.0,0.0,False,False,False,True,False,False,False,False,False,True,False,False,False,49.0,507.0,16.0,1.0
3790.0,1956.0,34633.0,2.0,1.0,31.0,0.0,8.0,1.0,5.0,0.0,0.0,1.0,1.0,1.0,0.0,2.0,6.0,0.0,0.0,0.0,0.0,0.0,0.0,False,False,True,False,False,False,False,False,False,False,True,False,False,69.0,15.0,3.0,2.5
9952.0,1947.0,78093.0,0.0,0.0,53.0,0.0,368.0,32.0,556.0,13.0,43.0,10.0,1.0,4.0,7.0,5.0,1.0,0.0,0.0,0.0,0.0,0.0,0.0,False,False,False,True,False,False,False,False,False,False,True,False,False,78.0,1105.0,16.0,0.0
3503.0,1950.0,82460.0,0.0,0.0,78.0,0.0,255.0,47.0,556.0,52.0,32.0,15.0,1.0,5.0,3.0,6.0,1.0,0.0,0.0,0.0,0.0,0.0,0.0,False,False,True,False,False,False,False,True,False,False,False,False,False,75.0,974.0,14.0,0.0
5223.0,1966.0,45903.0,0.0,1.0,80.0,0.0,33.0,8.0,10.0,2.0,10.0,3.0,2.0,2.0,1.0,3.0,4.0,0.0,0.0,0.0,0.0,0.0,0.0,False,False,False,True,False,False,False,False,False,False,True,False,False,59.0,66.0,6.0,1.0
4608.0,1987.0,81361.0,0.0,0.0,18.0,0.0,163.0,23.0,424.0,27.0,65.0,76.0,1.0,3.0,10.0,13.0,1.0,0.0,0.0,0.0,0.0,0.0,1.0,False,False,True,False,False,False,False,True,False,False,False,False,False,38.0,778.0,26.0,0.0
1626.0,1973.0,35860.0,1.0,1.0,37.0,0.0,15.0,0.0,8.0,4.0,2.0,20.0,2.0,1.0,1.0,2.0,5.0,0.0,0.0,1.0,0.0,0.0,1.0,False,False,False,False,True,False,False,True,False,False,False,False,False,52.0,49.0,4.0,2.0
4764.0,1952.0,40442.0,1.0,1.0,52.0,0.0,45.0,12.0,52.0,25.0,22.0,13.0,4.0,3.0,1.0,4.0,7.0,0.0,0.0,0.0,0.0,0.0,1.0,False,False,False,True,False,False,False,False,False,False,True,False,False,73.0,169.0,8.0,2.0
2471.0,1965.0,61482.0,0.0,0.0,39.0,0.0,48.0,58.0,68.0,16.0,66.0,43.0,1.0,3.0,2.0,6.0,2.0,0.0,0.0,0.0,0.0,0.0,0.0,False,False,True,False,False,False,False,False,True,False,False,False,False,60.0,299.0,11.0,0.0
5892.0,1980.0,34968.0,1.0,0.0,11.0,0.0,158.0,6.0,45.0,8.0,2.0,2.0,6.0,3.0,2.0,5.0,7.0,0.0,0.0,0.0,0.0,0.0,0.0,False,False,True,False,False,False,False,False,True,False,False,False,False,45.0,221.0,10.0,1.0
2612.0,1987.0,75794.0,0.0,0.0,33.0,0.0,754.0,81.0,556.0,63.0,32.0,48.0,1.0,7.0,5.0,12.0,3.0,1.0,0.0,0.0,0.0,0.0,0.0,False,False,True,False,False,False,False,False,True,False,False,False,False,38.0,1682.0,24.0,0.0
4971.0,1962.0,31497.0,0.0,1.0,22.0,0.0,108.0,1.0,28.0,13.0,1.0,4.0,2.0,3.0,1.0,4.0,8.0,0.0,0.0,0.0,0.0,0.0,0.0,False,False,False,False,True,False,False,False,False,False,True,False,False,63.0,155.0,8.0,1.0
5185.0,1955.0,74268.0,0.0,0.0,83.0,0.0,199.0,66.0,315.0,97.0,81.0,41.0,1.0,4.0,3.0,5.0,2.0,0.0,0.0,0.0,0.0,0.0,0.0,False,False,True,False,False,False,False,False,True,False,False,False,False,70.0,892.0,12.0,0.0
10069.0,1988.0,13724.0,1.0,0.0,43.0,0.0,2.0,7.0,5.0,2.0,15.0,27.0,1.0,2.0,0.0,2.0,9.0,0.0,0.0,1.0,0.0,0.0,0.0,False,True,False,False,False,False,False,False,False,False,True,False,False,37.0,58.0,4.0,1.0
2262.0,1965.0,45143.0,0.0,1.0,74.0,0.0,202.0,5.0,74.0,11.0,5.0,14.0,3.0,6.0,1.0,5.0,7.0,0.0,0.0,0.0,0.0,0.0,0.0,False,False,False,True,False,False,False,False,False,False,True,False,False,60.0,311.0,12.0,1.0
1131.0,1967.0,52569.0,0.0,1.0,54.0,0.0,85.0,0.0,3.0,0.0,0.0,7.0,1.0,2.0,0.0,4.0,3.0,0.0,0.0,0.0,0.0,0.0,0.0,False,False,False,False,True,False,False,False,False,True,False,False,False,58.0,95.0,6.0,1.0
1041.0,1973.0,48432.0,0.0,1.0,3.0,0.0,322.0,3.0,50.0,4.0,3.0,42.0,5.0,7.0,1.0,6.0,8.0,0.0,0.0,0.0,0.0,0.0,1.0,False,False,False,False,True,False,False,False,False,True,False,False,False,52.0,424.0,14.0,1.0
24.0,1960.0,17144.0,1.0,1.0,96.0,0.0,18.0,2.0,19.0,0.0,2.0,6.0,5.0,3.0,0.0,4.0,7.0,0.0,0.0,0.0,0.0,0.0,0.0,False,False,False,True,False,False,False,False,False,False,True,False,False,65.0,47.0,7.0,2.0
3409.0,1984.0,36108.0,1.0,0.0,68.0,0.0,141.0,8.0,129.0,3.0,11.0,47.0,3.0,7.0,1.0,4.0,9.0,0.0,0.0,1.0,0.0,0.0,0.0,False,False,True,False,False,False,False,False,False,True,False,False,False,41.0,339.0,12.0,1.0
7022.0,1971.0,76445.0,1.0,0.0,2.0,0.0,739.0,81.0,309.0,120.5,80.0,35.0,1.0,2.0,5.0,13.0,6.0,0.0,0.0,0.0,0.0,0.0,0.0,False,False,True,False,False,False,False,False,True,False,False,False,False,54.0,1410.0,20.0,1.0
7943.0,1975.0,36663.0,1.0,0.0,40.0,0.0,18.0,0.0,6.0,3.0,3.0,5.0,1.0,1.0,1.0,3.0,2.0,0.0,0.0,0.0,0.0,0.0,0.0,False,False,False,False,True,False,False,False,True,False,False,False,False,50.0,35.0,5.0,1.0
5272.0,1965.0,53843.0,0.0,1.0,64.0,0.0,378.0,0.0,88.0,19.0,4.0,73.0,4.0,8.0,5.0,3.0,7.0,0.0,0.0,0.0,0.0,0.0,0.0,False,False,False,True,False,False,False,False,True,False,False,False,False,60.0,562.0,16.0,1.0
5453.0,1956.0,90226.0,0.0,0.0,26.0,0.0,1083.0,81.0,556.0,120.5,81.0,108.0,1.0,4.0,7.0,12.0,2.0,1.0,0.0,0.0,0.0,0.0,0.0,False,False,False,True,False,False,False,False,True,False,False,False,False,69.0,2352.0,23.0,0.0
2565.0,1955.0,70638.0,0.0,0.0,69.0,0.0,1016.0,12.0,215.0,16.0,12.0,63.0,1.0,4.0,5.0,10.0,3.0,0.0,0.0,0.0,1.0,0.0,0.0,False,False,False,True,False,False,False,True,False,False,False,False,False,70.0,1334.0,19.0,0.0
800.0,1960.0,44512.0,1.0,0.6568206025570298,57.0,0.0,23.0,1.0,6.0,0.0,0.0,2.0,2.0,1.0,0.0,3.0,4.0,0.0,0.0,0.0,0.0,0.0,0.0,False,False,True,False,False,False,False,False,False,False,True,False,False,65.0,32.0,4.0,1.6568206025570298
11092.0,1961.0,27116.0,1.0,1.0,78.0,0.0,12.0,1.0,21.0,2.0,2.0,3.0,2.0,2.0,0.0,3.0,7.0,0.0,0.0,0.0,0.0,0.0,0.0,False,False,True,False,False,False,False,False,True,False,False,False,False,64.0,41.0,5.0,2.0
5062.0,1963.0,54072.0,1.0,1.0,71.0,0.0,35.0,0.0,4.0,0.0,0.0,0.0,1.0,2.0,0.0,2.0,8.0,0.0,0.0,0.0,0.0,0.0,0.0,False,False,True,False,False,False,False,False,True,False,False,False,False,62.0,39.0,4.0,2.0
8969.0,1977.0,71855.0,0.0,1.0,59.0,0.0,548.0,31.0,422.0,0.0,81.0,28.0,4.0,5.0,5.0,11.0,3.0,0.0,0.0,0.0,0.0,0.0,0.0,False,False,True,False,False,False,False,False,True,False,False,False,False,48.0,1141.0,21.0,1.0
4656.0,1990.0,51250.0,1.0,0.0,28.0,0.0,342.0,32.0,230.0,34.0,32.0,40.0,5.0,10.0,5.0,4.0,9.0,0.0,0.0,1.0,0.0,0.0,0.0,True,False,False,False,False,False,False,False,False,True,False,False,False,35.0,710.0,19.0,1.0
4480.0,1973.0,60432.0,0.0,1.0,61.0,0.0,365.0,3.0,15.0,4.0,3.0,11.0,5.0,7.0,2.0,5.0,6.0,0.0,0.0,0.0,0.0,0.0,0.0,False,False,False,True,False,False,False,False,True,False,False,False,False,52.0,401.0,14.0,1.0
9971.0,1964.0,65526.0,0.0,1.0,22.0,0.0,397.0,19.0,69.0,12.0,0.0,9.0,1.0,4.0,4.0,8.0,2.0,0.0,0.0,0.0,0.0,0.0,0.0,False,False,False,False,True,False,False,False,True,False,False,False,False,61.0,506.0,16.0,1.0
6729.0,1988.0,68655.0,0.0,0.0,95.0,0.0,456.0,19.0,556.0,75.0,81.0,38.0,1.0,4.0,5.0,11.0,3.0,0.0,0.0,0.0,0.0,0.0,0.0,False,False,True,False,False,False,False,False,False,True,False,False,False,37.0,1538.0,20.0,0.0
1773.0,1978.0,12393.0,0.0,0.0,38.0,0.0,5.0,6.0,15.0,11.0,7.0,13.0,1.0,2.0,0.0,3.0,9.0,0.0,0.0,0.0,0.0,0.0,0.0,True,False,False,False,False,False,False,False,True,False,False,False,False,47.0,57.0,5.0,0.0
9242.0,1990.0,64509.0,0.0,0.0,19.0,0.0,836.0,81.0,556.0,24.0,25.0,77.0,1.0,6.0,3.0,9.0,4.0,0.0,0.0,1.0,0.0,0.0,1.0,False,False,True,False,False,False,False,False,False,True,False,False,False,35.0,1722.0,18.0,0.0
1764.0,1975.0,33955.0,1.0,0.0,92.0,0.0,100.0,2.0,128.0,23.0,7.0,10.0,4.0,5.0,1.0,5.0,8.0,0.0,0.0,0.0,0.0,0.0,0.0,False,False,True,False,False,False,False,False,False,True,False,False,False,50.0,270.0,11.0,1.0
6215.0,1977.0,31353.0,1.0,1.0,24.0,0.0,10.0,0.0,10.0,3.0,1.0,7.0,2.0,1.0,1.0,2.0,8.0,0.0,0.0,0.0,0.0,0.0,1.0,False,False,True,False,False,False,False,False,True,False,False,False,False,48.0,31.0,4.0,2.0
10099.0,1984.0,55434.0,1.0,0.0,21.0,0.0,238.0,81.0,215.0,120.5,69.0,76.0,3.0,5.0,3.0,13.0,4.0,0.0,0.0,0.0,0.0,0.0,0.0,False,False,True,False,False,False,False,False,True,False,False,False,False,41.0,882.0,21.0,1.0
5423.0,1983.0,28359.0,1.0,0.0,35.0,0.0,6.0,0.0,5.0,2.0,1.0,2.0,1.0,1.0,0.0,2.0,7.0,0.0,0.0,0.0,0.0,0.0,0.0,False,False,True,False,False,False,False,False,False,False,True,False,False,42.0,16.0,3.0,1.0
940.0,1987.0,57100.0,1.0,0.0,9.0,0.0,158.0,11.0,99.0,15.0,11.0,17.0,2.0,3.0,2.0,7.0,3.0,0.0,0.0,0.0,0.0,0.0,0.0,False,False,True,False,False,False,False,False,False,True,False,False,False,38.0,311.0,12.0,1.0
3011.0,1965.0,69139.0,0.0,1.0,23.0,0.0,86.0,12.0,75.0,33.0,15.0,6.0,1.0,4.0,1.0,5.0,4.0,0.0,0.0,0.0,0.0,0.0,0.0,False,False,True,False,False,False,False,False,True,False,False,False,False,60.0,227.0,10.0,1.0
3298.0,1956.0,52973.0,0.0,1.0,92.0,0.0,856.0,0.0,76.0,12.0,9.0,126.5,6.0,9.0,6.0,9.0,8.0,0.0,0.0,0.0,0.0,0.0,0.0,False,False,False,True,False,False,False,False,True,False,False,False,False,69.0,1152.0,24.0,1.0
8286.0,1965.0,51717.0,0.0,1.0,55.0,0.0,98.0,1.0,17.0,0.0,1.0,5.0,1.0,3.0,0.0,4.0,7.0,0.0,0.0,0.0,1.0,0.0,0.0,False,False,False,False,True,False,False,False,False,False,True,False,False,60.0,122.0,7.0,1.0
9668.0,1971.0,18793.0,1.0,0.0,14.0,0.0,4.0,16.0,20.0,0.0,17.0,20.0,3.0,2.0,0.0,4.0,8.0,0.0,0.0,0.0,0.0,0.0,0.0,False,False,True,False,False,False,False,False,True,False,False,False,False,54.0,77.0,6.0,1.0
5120.0,1982.0,66664.0,0.0,0.0,78.0,0.0,398.0,81.0,447.0,120.5,81.0,32.0,1.0,5.0,7.0,6.0,3.0,0.0,0.0,0.0,0.0,0.0,0.0,True,False,False,False,False,False,False,False,False,False,True,False,False,43.0,1289.0,18.0,0.0
6097.0,1959.0,50664.0,1.0,1.0,64.0,0.0,313.0,8.0,104.0,6.0,4.0,126.0,6.0,8.0,1.0,6.0,9.0,0.0,0.0,0.0,0.0,0.0,0.0,False,False,True,False,False,False,False,False,False,True,False,False,False,66.0,561.0,15.0,2.0
7019.0,1963.0,54414.0,1.0,1.0,49.0,0.0,109.0,18.0,16.0,24.0,26.0,18.0,4.0,3.0,1.0,5.0,4.0,0.0,0.0,0.0,0.0,0.0,0.0,False,False,True,False,False,False,False,False,False,False,True,False,False,62.0,211.0,9.0,2.0
7408.0,1952.0,54549.0,0.0,1.0,8.0,0.0,216.0,2.0,6.0,0.0,0.0,9.0,2.0,5.0,1.0,4.0,7.0,0.0,0.0,0.0,0.0,0.0,0.0,False,False,False,False,True,False,False,False,True,False,False,False,False,73.0,233.0,10.0,1.0
8041.0,1971.0,47111.0,0.0,1.0,35.0,0.0,595.0,71.0,153.0,120.0,81.0,41.0,6.0,3.0,2.0,10.0,9.0,0.0,0.0,0.0,0.0,0.0,0.0,False,False,False,False,True,False,False,False,False,False,False,True,False,54.0,1092.0,15.0,1.0
252.0,1963.0,41003.0,0.0,0.0,11.0,0.0,123.0,81.0,142.0,71.0,44.0,88.0,1.0,6.0,2.0,8.0,6.0,0.0,0.0,0.0,0.0,0.0,0.0,False,False,False,False,True,False,False,True,False,False,False,False,False,62.0,601.0,16.0,0.0
9986.0,1982.0,19444.0,1.0,0.0,8.0,0.0,16.0,0.0,23.0,3.0,2.0,10.0,3.0,4.0,1.0,2.0,7.0,0.0,0.0,0.0,0.0,0.0,1.0,False,False,True,False,False,False,False,False,False,False,True,False,False,43.0,54.0,7.0,1.0
3276.0,1976.0,36301.0,1.0,0.0,53.0,0.0,11.0,12.0,35.0,3.0,5.0,12.0,1.0,3.0,0.0,3.0,7.0,0.0,0.0,0.0,0.0,0.0,0.0,True,False,False,False,False,False,False,False,False,False,True,False,False,49.0,78.0,6.0,1.0
3859.0,1947.0,73059.0,0.0,1.0,36.0,0.0,410.0,81.0,420.0,0.0,81.0,71.0,1.0,9.0,3.0,13.0,4.0,0.0,0.0,0.0,0.0,0.0,0.0,False,False,False,False,True,False,False,False,False,False,True,False,False,78.0,1095.0,25.0,1.0
3570.0,1969.0,42731.0,1.0,0.0,64.0,0.0,159.0,2.0,51.0,6.0,2.0,24.0,3.0,4.0,1.0,5.0,5.0,0.0,0.0,0.0,0.0,0.0,0.0,False,False,False,False,True,False,False,False,False,False,True,False,False,56.0,244.0,10.0,1.0
3783.0,1959.0,52854.0,1.0,1.0,43.0,0.0,105.0,0.0,10.0,0.0,1.0,0.0,2.0,2.0,1.0,4.0,5.0,0.0,0.0,0.0,0.0,0.0,0.0,False,False,False,False,True,False,False,False,True,False,False,False,False,66.0,116.0,7.0,2.0
10207.0,1978.0,22775.0,1.0,0.0,40.0,0.0,5.0,1.0,8.0,0.0,0.0,1.0,1.0,1.0,0.0,2.0,8.0,0.0,0.0,0.0,0.0,0.0,0.0,False,False,True,False,False,False,False,False,False,False,True,False,False,47.0,15.0,3.0,1.0
10906.0,1948.0,46681.0,0.0,2.0,52.0,0.0,269.0,15.0,69.0,15.0,19.0,38.0,2.0,4.0,6.0,4.0,5.0,0.0,0.0,0.0,0.0,0.0,0.0,False,False,True,False,False,False,False,False,False,False,True,False,False,77.0,425.0,14.0,2.0
3427.0,1955.0,59821.0,0.0,1.0,11.0,0.0,629.0,0.0,70.0,0.0,0.0,35.0,6.0,11.0,2.0,7.0,8.0,0.0,0.0,0.0,0.0,0.0,0.0,False,False,False,False,True,False,False,False,True,False,False,False,False,70.0,734.0,20.0,1.0
5209.0,1954.0,50002.0,0.0,1.0,21.0,0.0,443.0,5.0,71.0,21.0,16.0,82.0,2.0,8.0,2.0,7.0,7.0,0.0,0.0,0.0,0.0,0.0,0.0,False,False,True,False,False,False,False,True,False,False,False,False,False,71.0,638.0,17.0,1.0
10711.0,1945.0,69755.0,0.0,0.0,23.0,0.0,217.0,77.0,373.0,111.0,23.0,93.0,1.0,3.0,6.0,12.0,1.0,0.0,0.0,0.0,0.0,0.0,0.0,False,False,True,False,False,False,False,False,True,False,False,False,False,80.0,894.0,21.0,0.0
10785.0,1969.0,44078.0,1.0,1.0,17.0,0.0,24.0,1.0,10.0,2.0,0.0,4.0,2.0,2.0,0.0,3.0,5.0,0.0,0.0,0.0,0.0,0.0,0.0,False,False,True,False,False,False,False,False,True,False,False,False,False,56.0,41.0,5.0,2.0
2814.0,1976.0,30560.0,1.0,0.0,6.0,0.0,9.0,1.0,5.0,4.0,5.0,7.0,1.0,1.0,0.0,3.0,7.0,0.0,0.0,0.0,0.0,0.0,0.0,False,False,False,True,False,False,False,False,False,False,True,False,False,49.0,31.0,4.0,1.0
6866.0,1969.0,35924.0,1.0,1.0,56.0,0.0,8.0,0.0,14.0,2.0,3.0,7.0,1.0,1.0,0.0,3.0,5.0,0.0,0.0,0.0,0.0,0.0,0.0,False,False,False,True,False,False,False,False,False,False,True,False,False,56.0,34.0,4.0,2.0
1665.0,1964.0,64140.0,0.0,0.854715716488073,71.0,0.0,1225.0,0.0,61.0,0.0,15.0,126.5,5.0,2.0,5.0,6.0,5.0,0.0,1.0,1.0,0.0,1.0,1.0,False,False,False,False,True,False,False,True,False,False,False,False,False,61.0,1750.0,13.0,0.854715716488073
6575.0,1981.0,56386.0,1.0,1.0,51.0,0.0,230.0,48.0,214.0,13.0,32.0,75.0,6.0,9.0,1.0,7.0,9.0,0.0,0.0,0.0,0.0,0.0,0.0,False,False,True,False,False,False,False,False,False,False,True,False,False,44.0,612.0,17.0,2.0
3829.0,1979.0,24594.0,1.0,0.0,94.0,0.0,1.0,3.0,6.0,10.0,0.0,9.0,1.0,1.0,0.0,3.0,5.0,0.0,0.0,0.0,0.0,0.0,0.0,False,True,False,False,False,False,False,False,False,False,True,False,False,46.0,29.0,4.0,1.0
3091.0,1981.0,75774.0,1.0,0.0,27.0,0.0,340.0,21.0,134.0,120.5,14.0,56.0,1.0,7.0,5.0,8.0,4.0,0.0,0.0,0.0,0.0,0.0,0.0,True,False,False,False,False,False,False,False,False,False,True,False,False,44.0,823.0,20.0,1.0
10141.0,1960.0,39228.0,0.0,0.0,1.0,0.0,7.0,1.0,6.0,0.0,3.0,3.0,1.0,0.0,0.0,3.0,4.0,0.0,0.0,0.0,0.0,0.0,0.0,False,False,False,True,False,False,False,True,False,False,False,False,False,65.0,20.0,3.0,0.0
5177.0,1974.0,58494.0,0.0,1.0,56.0,0.0,298.0,7.0,68.0,4.0,0.0,19.0,2.0,6.0,2.0,6.0,6.0,0.0,0.0,0.0,0.0,0.0,0.0,False,False,False,True,False,False,False,False,True,False,False,False,False,51.0,396.0,14.0,1.0
7005.0,1981.0,58684.0,0.0,0.0,71.0,0.0,479.0,35.0,179.0,28.0,7.0,85.0,1.0,5.0,3.0,12.0,2.0,0.0,0.0,0.0,1.0,0.0,0.0,False,False,True,False,False,False,False,False,False,True,False,False,False,44.0,813.0,20.0,0.0
6409.0,1967.0,57136.0,0.0,0.0,18.0,0.0,267.0,81.0,556.0,34.0,12.0,126.5,1.0,7.0,5.0,7.0,6.0,0.0,0.0,0.0,0.0,0.0,1.0,False,False,True,False,False,False,False,True,False,False,False,False,False,58.0,1179.0,19.0,0.0
7485.0,1950.0,56551.0,1.0,1.0,48.0,0.0,67.0,4.0,32.0,17.0,2.0,16.0,3.0,2.0,1.0,4.0,4.0,0.0,0.0,0.0,0.0,0.0,0.0,False,False,False,False,True,False,False,False,False,False,False,True,False,75.0,138.0,7.0,2.0
8079.0,1982.0,22448.0,1.0,0.0,86.0,0.0,3.0,1.0,8.0,23.0,2.0,18.0,3.0,2.0,1.0,3.0,3.0,0.0,0.0,0.0,0.0,0.0,0.0,False,False,True,False,False,False,False,False,True,False,False,False,False,43.0,55.0,6.0,1.0
8395.0,1961.0,82014.0,0.0,0.0,48.0,0.0,980.0,37.0,265.0,35.0,81.0,31.0,1.0,3.0,6.0,12.0,6.0,0.0,0.0,0.0,0.0,0.0,1.0,False,False,True,False,False,False,False,False,False,True,False,False,False,64.0,1511.0,21.0,0.0
10352.0,1963.0,34213.0,1.0,1.0,2.0,0.0,50.0,4.0,28.0,6.0,3.0,26.0,3.0,3.0,1.0,2.0,9.0,0.0,0.0,0.0,0.0,0.0,1.0,False,False,True,False,False,False,False,False,False,False,False,True,False,62.0,117.0,6.0,2.0
4931.0,1977.0,118320.375,0.0,0.0,13.0,0.0,1.0,0.0,556.0,2.0,1.0,1.0,0.0,0.0,10.0,0.0,1.0,0.0,0.0,0.0,0.0,0.0,0.0,False,False,True,False,False,False,False,False,False,False,True,False,False,48.0,1730.0,28.0,0.0
13.0,1947.0,25358.0,0.0,1.0,57.0,0.0,19.0,0.0,5.0,0.0,0.0,8.0,2.0,1.0,0.0,3.0,6.0,0.0,0.0,0.0,0.0,0.0,0.0,False,False,False,False,True,False,False,False,False,False,False,True,False,78.0,32.0,4.0,1.0
1834.0,1978.0,35544.0,1.0,0.0,77.0,0.0,30.0,5.0,23.0,4.0,1.0,4.0,1.0,2.0,0.0,3.0,7.0,0.0,0.0,0.0,0.0,0.0,0.0,False,False,False,True,False,False,False,False,False,True,False,False,False,47.0,67.0,5.0,1.0
2285.0,1954.0,45257.383056637016,0.0,1.0,0.0,0.0,213.0,9.0,76.0,4.0,3.0,30.0,3.0,5.0,2.0,5.0,7.0,0.0,0.0,0.0,0.0,0.0,0.0,False,False,False,True,False,False,False,False,False,False,True,False,False,71.0,335.0,12.0,1.0
2295.0,1954.0,62670.0,0.0,1.0,57.0,0.0,539.0,30.0,92.0,80.0,46.0,38.0,1.0,5.0,3.0,13.0,3.0,0.0,0.0,0.0,0.0,0.0,0.0,False,False,False,False,True,False,False,False,True,False,False,False,False,71.0,825.0,21.0,1.0
1378.0,1972.0,50334.0,0.0,1.0,24.0,0.0,284.0,16.0,160.0,84.0,16.0,126.5,6.0,7.0,4.0,6.0,6.0,0.0,0.0,0.0,0.0,0.0,0.0,True,False,False,False,False,False,False,False,False,False,True,False,False,53.0,694.0,17.0,1.0
2781.0,1981.0,72066.0,0.0,0.0,55.0,0.0,1003.0,34.0,536.0,120.5,51.0,34.0,1.0,4.0,6.0,6.0,2.0,1.0,0.0,0.0,0.0,1.0,1.0,False,False,True,False,False,False,False,False,False,True,False,False,False,44.0,1792.0,16.0,0.0
1165.0,1958.0,50729.0,1.0,1.0,62.0,0.0,239.0,13.0,143.0,45.0,4.0,52.0,6.0,6.0,2.0,7.0,6.0,0.0,0.0,0.0,0.0,0.0,0.0,False,False,False,False,True,False,False,False,False,True,False,False,False,67.0,496.0,15.0,2.0
1404.0,1968.0,34916.0,2.0,0.0,89.0,0.0,51.0,23.0,82.0,33.0,0.0,42.0,4.0,5.0,1.0,3.0,9.0,0.0,0.0,0.0,0.0,0.0,0.0,False,False,True,False,False,False,False,False,False,False,True,False,False,57.0,231.0,9.0,2.0
6457.0,1976.0,64892.0,0.0,1.0,77.0,0.0,527.0,24.0,230.0,32.0,24.0,65.0,2.0,6.0,4.0,12.0,4.0,0.0,0.0,0.0,0.0,0.0,0.0,False,False,True,False,False,False,False,True,False,False,False,False,False,49.0,902.0,22.0,1.0
2639.0,1966.0,43602.0,1.0,1.0,45.0,0.0,19.0,5.0,12.0,10.0,3.0,19.0,3.0,3.0,1.0,2.0,6.0,0.0,0.0,0.0,0.0,0.0,0.0,False,False,True,False,False,False,False,False,False,True,False,False,False,59.0,68.0,6.0,2.0
8299.0,1989.0,33996.0,0.0,0.0,46.0,0.0,40.0,2.0,15.0,8.0,0.0,6.0,1.0,1.0,1.0,3.0,4.0,0.0,0.0,0.0,0.0,0.0,0.0,False,False,False,False,True,False,False,False,False,True,False,False,False,36.0,71.0,5.0,0.0
6437.0,1985.0,41473.0,1.0,0.0,80.0,0.0,21.0,8.0,20.0,15.0,3.0,9.0,1.0,2.0,0.0,3.0,7.0,0.0,0.0,0.0,0.0,0.0,0.0,True,False,False,False,False,False,False,False,False,True,False,False,False,40.0,76.0,5.0,1.0
6912.0,1967.0,63246.0,0.0,2.0,60.0,0.0,593.0,30.0,91.0,29.0,22.0,7.0,1.0,6.0,3.0,12.0,4.0,0.0,0.0,0.0,0.0,0.0,0.0,False,False,False,False,True,False,False,False,True,False,False,False,False,58.0,772.0,21.0,2.0
7327.0,1959.0,36732.0,1.0,1.0,71.0,0.0,21.0,5.0,3.0,10.0,1.0,7.0,3.0,1.0,1.0,4.0,2.0,0.0,0.0,0.0,0.0,0.0,0.0,False,False,False,False,True,False,False,False,True,False,False,False,False,66.0,47.0,6.0,2.0
5299.0,1970.0,69084.0,1.0,0.0,43.0,0.0,1181.0,81.0,199.0,39.0,30.0,30.0,2.0,7.0,3.0,13.0,8.0,0.0,0.0,0.0,0.0,0.0,0.0,False,False,False,False,True,False,False,False,True,False,False,False,False,55.0,1586.0,23.0,1.0
4127.0,1967.0,77766.0,0.0,1.0,97.0,0.0,1004.0,59.0,265.0,115.0,59.0,27.0,2.0,11.0,10.0,11.0,6.0,0.0,0.0,1.0,0.0,0.0,1.0,False,False,False,False,True,False,False,False,True,False,False,False,False,58.0,1529.0,32.0,1.0
8143.0,1985.0,37929.0,0.0,0.3044123782423114,49.0,0.0,202.0,2.0,46.0,3.0,2.0,10.0,2.0,4.0,2.0,5.0,7.0,1.0,0.0,0.0,1.0,0.0,1.0,False,False,False,False,True,False,False,False,False,True,False,False,False,40.0,265.0,11.0,0.3044123782423114
1964.0,1951.0,86610.0,0.0,0.0,66.0,0.0,446.0,81.0,556.0,33.0,81.0,53.0,1.0,5.0,6.0,6.0,2.0,0.0,0.0,0.0,0.0,0.0,0.0,False,False,True,False,False,False,False,False,False,False,True,False,False,74.0,1603.0,17.0,0.0
3690.0,1986.0,80141.0,0.0,0.0,20.0,0.0,1184.0,81.0,556.0,52.0,40.0,40.0,1.0,7.0,4.0,10.0,6.0,0.0,0.0,0.0,0.0,1.0,1.0,False,False,False,True,False,False,False,False,True,False,False,False,False,39.0,2091.0,21.0,0.0
3433.0,1955.0,72635.0,0.0,0.0,54.0,0.0,390.0,22.0,323.0,104.0,35.0,107.0,1.0,6.0,8.0,6.0,3.0,1.0,0.0,0.0,0.0,0.0,0.0,True,False,False,False,False,False,False,False,True,False,False,False,False,70.0,981.0,20.0,0.0
3389.0,1970.0,69016.0,0.0,1.0,61.0,0.0,726.0,53.0,363.0,120.5,81.0,126.5,4.0,8.0,9.0,13.0,5.0,0.0,0.0,0.0,0.0,0.0,0.0,False,False,True,False,False,False,False,False,True,False,False,False,False,55.0,1533.0,30.0,1.0
4712.0,1991.0,20193.0,0.0,0.0,18.0,0.0,8.0,8.0,22.0,24.0,11.0,9.0,1.0,1.0,1.0,4.0,4.0,0.0,0.0,0.0,0.0,0.0,0.0,True,False,False,False,False,False,False,False,False,False,True,False,False,34.0,82.0,6.0,0.0
1170.0,1975.0,27573.0,1.0,0.0,45.0,0.0,50.0,15.0,110.0,39.0,15.0,15.0,4.0,5.0,1.0,4.0,8.0,0.0,0.0,0.0,0.0,0.0,0.0,False,False,True,False,False,False,False,False,True,False,False,False,False,50.0,244.0,10.0,1.0
6347.0,1979.0,15862.0,1.0,0.0,26.0,0.0,1.0,1.0,4.0,11.0,9.0,10.0,1.0,1.0,0.0,3.0,8.0,0.0,0.0,0.0,0.0,0.0,0.0,False,True,False,False,False,False,False,False,False,True,False,False,False,46.0,36.0,4.0,1.0
4065.0,1976.0,49544.0,1.0,0.0,0.0,0.0,308.0,0.0,73.0,0.0,0.0,23.0,2.0,5.0,1.0,8.0,7.0,0.0,0.0,0.0,0.0,0.0,0.0,False,False,False,False,True,False,False,False,True,False,False,False,False,49.0,404.0,14.0,1.0
8230.0,1980.0,33228.0,1.0,0.0,28.0,0.0,22.0,2.0,31.0,7.0,4.0,5.0,1.0,2.0,0.0,3.0,7.0,0.0,0.0,0.0,0.0,0.0,0.0,False,False,True,False,False,False,False,False,True,False,False,False,False,45.0,71.0,5.0,1.0
1215.0,1978.0,70440.0,0.0,0.0,49.0,0.0,690.0,81.0,499.0,76.0,81.0,88.0,1.0,5.0,10.0,7.0,3.0,1.0,0.0,0.0,0.0,0.0,0.0,False,False,True,False,False,False,False,False,False,False,True,False,False,47.0,1572.0,22.0,0.0
5939.0,1971.0,38232.0,1.0,1.0,84.0,0.0,43.0,5.0,28.0,7.0,6.0,33.0,4.0,3.0,1.0,3.0,5.0,0.0,0.0,0.0,0.0,0.0,0.0,False,False,True,False,False,False,False,False,False,False,True,False,False,54.0,122.0,7.0,2.0
2156.0,1955.0,22554.0,1.0,1.0,38.0,0.0,27.0,0.0,10.0,0.0,0.0,4.0,4.0,2.0,0.0,4.0,5.0,0.0,0.0,0.0,0.0,0.0,0.0,False,False,False,False,True,False,False,False,True,False,False,False,False,70.0,41.0,6.0,2.0
7788.0,1983.0,23536.0,1.0,0.0,53.0,0.0,6.0,0.0,3.0,0.0,0.0,1.0,1.0,0.0,0.0,3.0,3.0,0.0,0.0,0.0,0.0,0.0,0.0,False,False,False,False,True,False,False,False,True,False,False,False,False,42.0,10.0,3.0,1.0
10323.0,1952.0,49413.0,0.0,1.0,88.0,0.0,205.0,7.0,41.0,3.0,2.0,46.0,2.0,4.0,2.0,5.0,5.0,0.0,0.0,0.0,0.0,0.0,0.0,False,False,True,False,False,False,False,False,True,False,False,False,False,73.0,304.0,11.0,1.0
7947.0,1969.0,42231.0,1.0,1.0,99.0,0.0,24.0,0.0,8.0,0.0,1.0,4.0,1.0,1.0,0.0,3.0,5.0,0.0,0.0,0.0,0.0,0.0,0.0,False,False,True,False,False,False,False,False,True,False,False,False,False,56.0,37.0,4.0,2.0
1891.0,1980.0,78789.0,0.0,0.0,12.0,0.0,667.0,50.0,556.0,21.0,81.0,83.0,1.0,4.0,6.0,5.0,2.0,0.0,0.0,0.0,0.0,0.0,1.0,False,False,False,True,False,False,False,True,False,False,False,False,False,45.0,1754.0,15.0,0.0
2570.0,1968.0,56534.0,0.0,1.0,35.0,0.0,691.0,7.0,61.0,10.0,0.0,46.0,4.0,10.0,4.0,7.0,8.0,0.0,1.0,0.0,1.0,0.0,1.0,False,False,True,False,False,False,False,False,False,False,True,False,False,57.0,815.0,21.0,1.0
9256.0,1971.0,58350.0,0.0,1.0,5.0,0.0,493.0,26.0,206.0,116.0,80.0,80.0,4.0,8.0,3.0,12.0,6.0,0.0,0.0,0.0,0.0,0.0,0.0,False,False,True,False,False,False,False,False,False,True,False,False,False,54.0,1001.0,23.0,1.0
295.0,1989.0,81217.0,0.0,0.0,77.0,0.0,493.0,70.0,324.0,120.5,40.0,84.0,1.0,3.0,7.0,11.0,1.0,0.0,0.0,0.0,0.0,0.0,0.0,False,False,True,False,False,False,False,False,False,True,False,False,False,36.0,1157.0,21.0,0.0
7397.0,1951.0,49090.0,0.0,1.0,45.0,0.0,494.0,5.0,82.0,7.0,0.0,100.0,3.0,7.0,2.0,9.0,7.0,0.0,0.0,0.0,0.0,0.0,0.0,False,False,True,False,False,False,False,False,False,True,False,False,False,74.0,688.0,18.0,1.0
6349.0,1987.0,61787.0,0.0,0.0,71.0,0.0,621.0,73.0,414.0,78.0,48.0,85.0,1.0,8.0,4.0,6.0,5.0,0.0,0.0,0.0,0.0,0.0,0.0,False,False,False,True,False,False,False,True,False,False,False,False,False,38.0,1319.0,18.0,0.0
10790.0,1985.0,18169.0,1.0,0.0,40.0,0.0,9.0,0.0,5.0,0.0,0.0,7.0,1.0,1.0,0.0,2.0,8.0,0.0,0.0,0.0,0.0,0.0,0.0,False,False,False,False,True,False,False,False,True,False,False,False,False,40.0,21.0,3.0,1.0
10398.0,1981.0,24336.0,1.0,0.0,82.0,0.0,1.0,6.0,2.0,8.0,2.0,12.0,1.0,1.0,0.0,2.0,7.0,0.0,0.0,0.0,0.0,0.0,0.0,True,False,False,False,False,False,False,False,False,True,False,False,False,44.0,31.0,3.0,1.0
2431.0,1990.0,18222.0,0.0,0.0,70.0,0.0,12.0,4.0,19.0,12.0,6.0,14.0,1.0,2.0,0.0,3.0,8.0,0.0,0.0,0.0,0.0,0.0,0.0,False,False,True,False,False,False,False,False,True,False,False,False,False,35.0,67.0,5.0,0.0
550.0,1952.0,62335.0,0.0,1.0,87.0,0.0,243.0,81.0,217.0,85.0,6.0,26.0,2.0,3.0,3.0,13.0,2.0,0.0,0.0,0.0,0.0,0.0,0.0,False,False,True,False,False,False,False,True,False,False,False,False,False,73.0,708.0,19.0,1.0
1890.0,1971.0,42033.0,1.0,1.0,95.0,0.0,11.0,1.0,4.0,2.0,0.0,7.0,1.0,1.0,0.0,2.0,7.0,0.0,0.0,0.0,0.0,0.0,0.0,True,False,False,False,False,False,False,False,False,False,True,False,False,54.0,25.0,3.0,2.0
10742.0,1983.0,86580.0,0.0,0.0,72.0,0.0,532.0,21.0,127.0,26.0,20.0,20.0,0.0,4.0,2.0,5.0,1.0,0.0,0.0,0.0,0.0,1.0,0.0,False,False,False,False,True,False,False,False,True,False,False,False,False,42.0,746.0,11.0,0.0
10356.0,1957.0,41437.0,1.0,1.0,5.0,0.0,29.0,0.0,2.0,0.0,0.0,1.0,1.0,1.0,0.0,3.0,7.0,0.0,0.0,0.0,0.0,0.0,0.0,False,False,False,False,True,False,False,True,False,False,False,False,False,68.0,32.0,4.0,2.0
4676.0,1951.0,73705.0,0.0,2.0,86.0,0.0,612.0,81.0,520.0,120.5,81.0,107.0,2.0,9.0,6.0,8.0,5.0,0.0,0.0,0.0,0.0,0.0,0.0,False,False,False,True,False,False,False,False,False,False,False,True,False,74.0,1695.0,23.0,2.0
8852.0,1976.0,61064.0,0.0,1.0,80.0,0.0,387.0,81.0,342.0,0.0,45.0,126.5,5.0,8.0,4.0,11.0,6.0,0.0,0.0,0.0,0.0,0.0,0.0,False,False,True,False,False,False,False,False,True,False,False,False,False,49.0,1080.0,23.0,1.0
3565.0,1955.0,38452.0,1.0,1.0,62.0,0.0,56.0,0.0,14.0,0.0,0.0,2.0,3.0,3.0,0.0,3.0,7.0,0.0,0.0,0.0,0.0,0.0,0.0,False,False,False,True,False,False,False,False,True,False,False,False,False,70.0,72.0,6.0,2.0
5294.0,1989.0,18358.0,1.0,0.0,49.0,0.0,6.0,8.0,19.0,16.0,4.0,4.0,3.0,3.0,0.0,4.0,7.0,0.0,0.0,0.0,0.0,0.0,0.0,False,False,True,False,False,False,False,False,False,True,False,False,False,36.0,57.0,7.0,1.0
1958.0,1973.0,55012.0,0.0,1.0,85.0,0.0,582.0,0.0,65.0,0.0,0.0,13.0,6.0,8.0,2.0,9.0,5.0,0.0,0.0,0.0,0.0,0.0,0.0,False,False,False,False,True,False,False,False,False,False,True,False,False,52.0,660.0,19.0,1.0
7349.0,1973.0,9722.0,1.0,0.0,7.0,0.0,6.0,17.0,16.0,6.0,16.0,42.0,4.0,3.0,1.0,3.0,8.0,0.0,0.0,0.0,0.0,0.0,1.0,False,True,False,False,False,False,False,False,False,False,True,False,False,52.0,103.0,7.0,1.0
8799.0,1984.0,38175.0,1.0,0.0,6.0,0.0,70.0,6.0,69.0,2.0,3.0,3.0,3.0,3.0,1.0,4.0,7.0,0.0,0.0,0.0,0.0,0.0,0.0,False,False,False,False,True,False,False,False,True,False,False,False,False,41.0,153.0,8.0,1.0
1351.0,1956.0,58656.0,0.0,1.0,25.0,0.0,962.0,12.0,194.0,16.0,24.0,12.0,4.0,7.0,8.0,13.0,6.0,0.0,0.0,0.0,0.0,1.0,0.0,False,False,False,True,False,False,False,False,False,False,True,False,False,69.0,1220.0,28.0,1.0
1045.0,1965.0,52117.0,0.0,1.0,55.0,0.0,112.0,10.0,107.0,30.0,0.0,20.0,2.0,5.0,2.0,4.0,7.0,0.0,0.0,0.0,0.0,0.0,0.0,False,False,True,False,False,False,False,False,False,False,True,False,False,60.0,279.0,11.0,1.0
7732.0,1978.0,64813.0,1.0,0.20889463998298297,81.0,0.0,293.0,0.0,124.0,120.5,81.0,52.0,1.0,7.0,2.0,10.0,5.0,0.0,0.0,0.0,0.0,0.0,0.0,False,False,True,False,False,False,False,False,True,False,False,False,False,47.0,745.0,19.0,1.208894639982983
8070.0,1973.0,54222.0,0.0,1.0,98.0,0.0,199.0,12.0,31.0,3.0,12.0,7.0,1.0,3.0,3.0,5.0,3.0,0.0,0.0,0.0,0.0,0.0,0.0,False,False,False,False,True,False,False,False,True,False,False,False,False,52.0,264.0,11.0,1.0
477.0,1986.0,83512.0,0.0,0.0,31.0,0.0,1060.0,61.0,556.0,80.0,20.0,101.0,1.0,4.0,7.0,10.0,1.0,1.0,1.0,1.0,0.0,1.0,1.0,False,False,True,False,False,False,False,False,True,False,False,False,False,39.0,2157.0,21.0,0.0
7832.0,1959.0,77520.0,0.0,1.0,30.0,0.0,940.0,44.0,396.0,0.0,81.0,58.0,1.0,8.0,7.0,7.0,4.0,1.0,0.0,1.0,0.0,1.0,1.0,False,False,False,True,False,False,False,False,True,False,False,False,False,66.0,1526.0,22.0,1.0
2202.0,1978.0,41154.0,0.0,1.0,98.0,0.0,44.0,2.0,11.0,2.0,3.0,7.0,1.0,1.0,0.0,4.0,5.0,0.0,0.0,0.0,0.0,0.0,0.0,False,False,True,False,False,False,False,False,False,False,True,False,False,47.0,69.0,5.0,1.0
7396.0,1966.0,80398.0,0.0,0.0,92.0,0.0,342.0,51.0,556.0,120.5,35.0,26.0,1.0,5.0,8.0,12.0,3.0,0.0,0.0,0.0,0.0,1.0,0.0,False,False,True,False,False,False,False,False,True,False,False,False,False,59.0,1597.0,25.0,0.0
4055.0,1992.0,34839.871477942565,1.0,0.0,41.0,0.0,2.0,10.0,11.0,12.0,9.0,20.0,2.0,3.0,0.0,3.0,6.0,0.0,0.0,0.0,0.0,0.0,0.0,False,True,False,False,False,False,False,False,False,True,False,False,False,33.0,64.0,6.0,1.0
10340.0,1984.0,35196.0,1.0,0.0,68.0,0.0,75.0,12.0,141.0,43.0,39.0,126.5,6.0,6.0,1.0,5.0,8.0,0.0,0.0,0.0,0.0,0.0,0.0,False,False,True,False,False,False,False,False,False,False,True,False,False,41.0,497.0,12.0,1.0
10091.0,1956.0,60230.0,0.0,1.0,78.0,0.0,520.0,20.0,367.0,39.0,81.0,40.0,2.0,6.0,3.0,6.0,5.0,0.0,0.0,0.0,0.0,0.0,0.0,False,False,True,False,False,False,False,False,False,True,False,False,False,69.0,1067.0,15.0,1.0
7629.0,1977.0,22108.0,1.0,1.0,46.0,0.0,5.0,3.0,9.0,6.0,2.0,6.0,2.0,2.0,0.0,3.0,7.0,0.0,0.0,0.0,0.0,0.0,0.0,False,False,True,False,False,False,False,False,True,False,False,False,False,48.0,31.0,5.0,2.0
10640.0,1974.0,44392.0,1.0,1.0,71.0,0.0,87.0,5.0,71.0,7.0,12.0,29.0,5.0,4.0,1.0,4.0,7.0,0.0,0.0,0.0,0.0,0.0,0.0,False,False,True,False,False,False,False,False,False,False,True,False,False,51.0,211.0,9.0,2.0
3498.0,1976.0,55424.0,0.0,1.0,6.0,0.0,462.0,61.0,184.0,10.0,53.0,107.0,4.0,7.0,5.0,9.0,6.0,0.0,0.0,1.0,0.0,0.0,1.0,False,False,False,False,True,False,False,False,True,False,False,False,False,49.0,877.0,21.0,1.0
6742.0,1979.0,17688.0,1.0,0.0,82.0,1.0,2.0,2.0,1.0,3.0,1.0,2.0,1.0,1.0,0.0,2.0,8.0,0.0,0.0,0.0,0.0,0.0,0.0,False,False,True,False,False,False,False,False,True,False,False,False,False,46.0,11.0,3.0,1.0
1172.0,1983.0,92491.0,0.0,0.0,71.0,0.0,979.0,44.0,556.0,29.0,25.0,22.0,1.0,7.0,5.0,12.0,3.0,1.0,0.0,0.0,1.0,1.0,1.0,False,False,False,False,True,False,False,False,True,False,False,False,False,42.0,2034.0,24.0,0.0
569.0,1991.0,90273.0,0.0,0.0,32.0,0.0,704.0,81.0,556.0,120.0,74.0,111.0,1.0,5.0,6.0,7.0,2.0,1.0,0.0,0.0,1.0,1.0,1.0,False,False,True,False,False,False,False,False,False,True,False,False,False,34.0,1991.0,18.0,0.0
4686.0,1962.0,82571.0,0.0,0.0,28.0,0.0,861.0,31.0,556.0,62.0,81.0,79.0,0.0,6.0,5.0,13.0,2.0,0.0,0.0,0.0,0.0,1.0,0.0,False,False,False,False,True,False,False,False,False,False,False,True,False,63.0,1686.0,24.0,0.0
1381.0,1982.0,38513.0,1.0,0.0,20.0,0.0,172.0,3.0,115.0,16.0,0.0,18.0,5.0,6.0,1.0,5.0,8.0,0.0,0.0,0.0,0.0,0.0,1.0,False,False,False,False,True,False,False,False,False,True,False,False,False,43.0,324.0,12.0,1.0
2634.0,1979.0,16653.0,1.0,0.0,10.0,0.0,5.0,7.0,31.0,15.0,4.0,7.0,3.0,2.0,1.0,3.0,6.0,0.0,0.0,0.0,0.0,0.0,1.0,False,False,False,True,False,False,False,False,False,True,False,False,False,46.0,69.0,6.0,1.0
10905.0,1955.0,42586.0,1.0,1.0,7.0,0.0,194.0,2.0,56.0,0.0,0.0,0.0,5.0,4.0,1.0,6.0,8.0,0.0,0.0,0.0,0.0,0.0,1.0,False,False,True,False,False,False,False,False,False,False,True,False,False,70.0,252.0,11.0,2.0
1744.0,1965.0,23529.0,0.0,1.0,67.0,0.0,9.0,7.0,13.0,3.0,2.0,20.0,1.0,1.0,1.0,2.0,6.0,0.0,0.0,0.0,0.0,0.0,0.0,False,True,False,False,False,False,False,False,False,True,False,False,False,60.0,54.0,4.0,1.0
1000.0,1961.0,74881.0,1.0,1.0,48.0,0.0,505.0,72.0,270.0,36.0,27.0,54.0,4.0,9.0,2.0,12.0,5.0,0.0,0.0,0.0,0.0,0.0,0.0,False,False,False,True,False,False,False,False,False,False,True,False,False,64.0,964.0,23.0,2.0
3828.0,1951.0,71107.0,0.0,1.0,61.0,0.0,533.0,10.0,217.0,120.5,81.0,126.5,2.0,7.0,6.0,13.0,4.0,0.0,0.0,0.0,0.0,0.0,0.0,False,False,True,False,False,False,False,False,True,False,False,False,False,74.0,1327.0,26.0,1.0
8605.0,1964.0,46910.0,1.0,1.0,36.0,0.0,48.0,0.0,14.0,0.0,0.0,6.0,2.0,2.0,0.0,3.0,6.0,0.0,0.0,0.0,0.0,0.0,0.0,False,False,False,False,True,False,False,False,False,False,True,False,False,61.0,68.0,5.0,2.0
10304.0,1959.0,18690.0,0.0,0.0,77.0,0.0,6.0,1.0,7.0,23.0,4.0,19.0,1.0,1.0,1.0,2.0,8.0,0.0,0.0,0.0,0.0,0.0,0.0,False,False,True,False,False,False,False,False,True,False,False,False,False,66.0,60.0,4.0,0.0
4351.0,1955.0,34389.23756506898,1.0,1.0,90.0,0.0,18.0,2.0,10.0,0.0,0.0,25.0,1.0,1.0,1.0,2.0,7.0,0.0,0.0,1.0,0.0,0.0,0.0,False,False,True,False,False,False,False,True,False,False,False,False,False,70.0,55.0,4.0,2.0
10129.0,1966.0,82427.0,0.0,0.0,35.0,0.0,482.0,81.0,509.0,104.0,81.0,107.0,1.0,3.0,5.0,12.0,1.0,0.0,0.0,0.0,0.0,1.0,0.0,False,False,True,False,False,False,False,False,False,False,True,False,False,59.0,1456.0,20.0,0.0
2499.0,1958.0,75342.0,0.0,1.0,38.0,0.0,204.0,81.0,97.0,21.0,81.0,26.0,1.0,5.0,2.0,10.0,4.0,0.0,0.0,0.0,0.0,0.0,0.0,True,False,False,False,False,False,False,False,False,True,False,False,False,67.0,563.0,17.0,1.0
10092.0,1954.0,70044.0,0.0,1.0,46.0,0.0,1073.0,0.0,250.0,120.5,14.0,14.0,4.0,7.0,10.0,5.0,5.0,0.0,0.0,0.0,0.0,0.0,0.0,False,False,True,False,False,False,False,True,False,False,False,False,False,71.0,1504.0,22.0,1.0
7500.0,1967.0,79146.0,1.0,1.0,33.0,0.0,245.0,16.0,223.0,21.0,43.0,16.0,2.0,8.0,1.0,8.0,6.0,0.0,0.0,0.0,0.0,0.0,0.0,False,False,True,False,False,False,False,False,False,True,False,False,False,58.0,564.0,17.0,2.0
5796.0,1963.0,77437.0,0.0,0.0,70.0,0.0,560.0,21.0,442.0,29.0,44.0,29.0,1.0,4.0,5.0,13.0,1.0,0.0,0.0,0.0,0.0,1.0,0.0,False,False,True,False,False,False,False,False,True,False,False,False,False,62.0,1125.0,22.0,0.0
10556.0,1959.0,54984.0,0.0,1.0,51.0,0.0,173.0,13.0,131.0,32.0,3.0,6.0,4.0,6.0,1.0,6.0,7.0,1.0,0.0,0.0,0.0,0.0,0.0,False,False,True,False,False,False,False,False,True,False,False,False,False,66.0,358.0,13.0,1.0
1064.0,1971.0,42403.0,1.0,0.0,18.0,0.0,22.0,1.0,11.0,0.0,5.0,3.0,1.0,1.0,0.0,3.0,8.0,0.0,0.0,0.0,0.0,0.0,0.0,False,False,False,False,True,False,False,False,True,False,False,False,False,54.0,42.0,4.0,1.0
48.0,1964.0,55761.0,0.0,1.0,97.0,0.0,136.0,1.0,12.0,0.0,3.0,32.0,2.0,4.0,1.0,3.0,6.0,0.0,0.0,0.0,1.0,0.0,0.0,False,False,True,False,False,False,False,False,False,False,True,False,False,61.0,184.0,8.0,1.0
7610.0,1983.0,37292.0,1.0,0.0,32.0,0.0,275.0,0.0,86.0,10.0,23.0,66.0,5.0,6.0,3.0,5.0,8.0,0.0,0.0,0.0,0.0,0.0,0.0,False,False,True,False,False,False,False,False,False,False,True,False,False,42.0,460.0,14.0,1.0
263.0,1945.0,45576.0,0.0,0.0,9.0,0.0,56.0,19.0,29.0,2.0,14.0,25.0,1.0,3.0,1.0,3.0,8.0,0.0,0.0,0.0,0.0,0.0,1.0,False,False,False,False,True,False,False,False,False,True,False,False,False,80.0,145.0,7.0,0.0
10814.0,1947.0,70321.0,0.0,0.0,6.0,0.0,303.0,23.0,556.0,82.0,26.0,126.5,1.0,6.0,5.0,13.0,4.0,0.0,0.0,0.0,0.0,0.0,1.0,False,False,True,False,False,False,False,False,False,False,True,False,False,78.0,1376.0,24.0,0.0
9710.0,1969.0,58086.0,0.0,1.0,80.0,0.0,708.0,7.0,62.0,0.0,0.0,15.0,2.0,11.0,3.0,7.0,8.0,0.0,0.0,0.0,0.0,0.0,0.0,False,False,False,False,True,False,False,True,False,False,False,False,False,56.0,792.0,21.0,1.0
9292.0,1952.0,81795.0,0.0,0.0,74.0,0.0,324.0,81.0,556.0,27.0,81.0,88.0,1.0,4.0,10.0,7.0,2.0,0.0,0.0,0.0,0.0,0.0,0.0,False,False,True,False,False,False,False,False,True,False,False,False,False,73.0,1382.0,22.0,0.0
10250.0,1947.0,28389.0,0.0,0.0,49.0,0.0,1.0,5.0,3.0,7.0,4.0,8.0,1.0,1.0,0.0,2.0,7.0,0.0,0.0,0.0,0.0,0.0,0.0,False,True,False,False,False,False,False,False,False,False,True,False,False,78.0,28.0,3.0,0.0
7881.0,1946.0,66835.0,0.0,0.0,21.0,0.0,620.0,26.0,195.0,34.0,17.0,126.5,1.0,6.0,4.0,13.0,2.0,0.0,0.0,0.0,0.0,0.0,0.0,False,False,False,True,False,False,False,False,True,False,False,False,False,79.0,1033.0,23.0,0.0
5847.0,1969.0,69901.0,0.0,1.0,95.0,0.0,312.0,21.0,206.0,102.0,81.0,126.5,3.0,7.0,3.0,10.0,5.0,0.0,0.0,0.0,0.0,0.0,0.0,False,False,True,False,False,False,False,True,False,False,False,False,False,56.0,882.0,20.0,1.0
737.0,1949.0,80360.0,0.0,0.0,56.0,0.0,1225.0,81.0,454.0,112.0,43.0,43.0,2.0,4.0,4.0,5.0,2.0,1.0,0.0,0.0,1.0,1.0,0.0,False,False,False,False,True,False,False,False,True,False,False,False,False,76.0,2231.0,13.0,0.0
3571.0,1961.0,63342.0,0.0,1.0,48.0,0.0,918.0,21.0,118.0,13.0,10.0,21.0,3.0,8.0,3.0,5.0,6.0,0.0,0.0,0.0,1.0,0.0,1.0,False,False,False,False,True,False,False,False,False,False,True,False,False,64.0,1101.0,16.0,1.0
7807.0,1974.0,44989.0,0.0,1.0,26.0,0.0,98.0,0.0,106.0,49.0,10.0,106.0,5.0,5.0,1.0,5.0,6.0,0.0,0.0,0.0,0.0,0.0,0.0,False,False,True,False,False,False,False,False,True,False,False,False,False,51.0,369.0,11.0,1.0
3878.0,1980.0,31859.0,1.0,0.0,3.0,0.0,3.0,4.0,7.0,15.0,8.0,11.0,1.0,1.0,0.0,3.0,7.0,0.0,0.0,0.0,0.0,0.0,0.0,True,False,False,False,False,False,False,False,False,True,False,False,False,45.0,48.0,4.0,1.0
5092.0,1949.0,51569.0,0.0,1.0,39.0,0.0,380.0,0.0,47.0,6.0,0.0,34.0,4.0,7.0,1.0,7.0,8.0,0.0,0.0,0.0,1.0,0.0,1.0,False,False,False,False,True,False,False,False,False,False,False,True,False,76.0,467.0,15.0,1.0
2154.0,1971.0,30372.0,1.0,1.0,33.0,0.0,15.0,0.0,12.0,7.0,3.0,7.0,3.0,2.0,0.0,3.0,7.0,0.0,0.0,0.0,0.0,0.0,0.0,False,False,True,False,False,False,False,False,False,False,False,True,False,54.0,44.0,5.0,2.0
5394.0,1979.0,16014.0,1.0,1.0,42.0,0.0,3.0,9.0,4.0,7.0,8.0,7.0,4.0,1.0,1.0,4.0,3.0,0.0,0.0,0.0,0.0,0.0,0.0,False,True,False,False,False,False,False,False,False,True,False,False,False,46.0,38.0,6.0,2.0
3798.0,1968.0,41120.0,1.0,1.0,80.0,0.0,24.0,2.0,23.0,0.0,8.0,24.0,3.0,2.0,1.0,3.0,6.0,0.0,0.0,0.0,0.0,0.0,0.0,False,False,True,False,False,False,False,False,True,False,False,False,False,57.0,81.0,6.0,2.0
3524.0,1971.0,39763.0,1.0,0.0,9.0,0.0,80.0,1.0,60.0,4.0,6.0,16.0,2.0,5.0,1.0,2.0,9.0,0.0,0.0,0.0,0.0,0.0,1.0,False,False,False,True,False,False,False,False,False,True,False,False,False,54.0,167.0,8.0,1.0
5247.0,1955.0,38725.0,1.0,1.0,52.0,0.0,31.0,0.0,6.0,2.0,1.0,5.0,2.0,1.0,0.0,4.0,4.0,0.0,0.0,0.0,0.0,0.0,0.0,False,False,False,False,True,False,False,False,True,False,False,False,False,70.0,45.0,5.0,2.0
5883.0,1972.0,77981.0,1.0,0.0,78.0,0.0,138.0,81.0,204.0,16.0,81.0,60.0,3.0,7.0,4.0,7.0,5.0,0.0,0.0,0.0,0.0,0.0,0.0,False,False,True,False,False,False,False,False,True,False,False,False,False,53.0,664.0,18.0,1.0
2118.0,1964.0,62905.0,0.0,1.0,68.0,0.0,166.0,75.0,96.0,119.0,81.0,59.0,3.0,7.0,2.0,8.0,4.0,0.0,0.0,0.0,0.0,0.0,0.0,True,False,False,False,False,False,False,False,True,False,False,False,False,61.0,622.0,17.0,1.0
8812.0,1979.0,13533.0,1.0,0.0,45.0,0.0,12.0,3.0,8.0,8.0,0.0,17.0,2.0,2.0,0.0,3.0,7.0,0.0,0.0,0.0,0.0,0.0,0.0,True,False,False,False,False,False,False,True,False,False,False,False,False,46.0,48.0,5.0,1.0
6616.0,1975.0,59481.0,0.0,1.0,47.0,0.0,178.0,3.0,85.0,71.0,66.0,58.0,2.0,3.0,3.0,8.0,2.0,0.0,0.0,0.0,0.0,0.0,0.0,False,False,True,False,False,False,False,False,False,False,True,False,False,50.0,461.0,14.0,1.0
2797.0,1977.0,72117.0,0.0,1.0,34.0,0.0,707.0,20.0,171.0,65.0,60.0,50.0,1.0,9.0,7.0,9.0,5.0,0.0,0.0,0.0,0.0,0.0,0.0,False,False,True,False,False,False,False,False,True,False,False,False,False,48.0,1073.0,25.0,1.0
4328.0,1986.0,21955.0,1.0,0.0,81.0,0.0,5.0,1.0,7.0,17.0,14.0,11.0,2.0,2.0,1.0,3.0,6.0,0.0,0.0,0.0,0.0,0.0,0.0,True,False,False,False,False,False,False,False,True,False,False,False,False,39.0,55.0,6.0,1.0
9167.0,1956.0,67131.0,0.0,1.0,72.0,0.0,465.0,71.0,250.0,93.0,35.0,62.0,3.0,9.0,2.0,12.0,6.0,0.0,0.0,0.0,0.0,0.0,0.0,False,False,True,False,False,False,False,False,True,False,False,False,False,69.0,976.0,23.0,1.0
10560.0,1980.0,36802.0,1.0,0.0,23.0,0.0,16.0,1.0,2.0,0.0,0.0,1.0,1.0,1.0,0.0,3.0,5.0,0.0,0.0,0.0,0.0,0.0,0.0,False,False,False,False,True,False,False,False,False,True,False,False,False,45.0,20.0,4.0,1.0
2631.0,1982.0,71853.0,0.0,0.0,29.0,0.0,358.0,81.0,413.0,120.5,81.0,32.0,1.0,2.0,8.0,6.0,1.0,0.0,0.0,0.0,0.0,0.0,0.0,False,False,True,False,False,False,False,False,False,False,True,False,False,43.0,1149.0,16.0,0.0
8312.0,1961.0,28249.0,0.0,0.0,80.0,0.0,1.0,9.0,7.0,2.0,14.0,10.0,1.0,2.0,0.0,3.0,6.0,0.0,0.0,0.0,0.0,0.0,0.0,False,True,False,False,False,False,False,False,True,False,False,False,False,64.0,43.0,5.0,0.0
5534.0,1975.0,47808.0,0.0,1.0,30.0,0.0,123.0,1.0,26.0,2.0,0.0,72.0,2.0,3.0,2.0,3.0,7.0,0.0,0.0,1.0,0.0,0.0,0.0,False,False,False,True,False,False,False,False,True,False,False,False,False,50.0,224.0,8.0,1.0
5093.0,1974.0,25509.0,1.0,0.0,15.0,0.0,40.0,3.0,30.0,10.0,7.0,11.0,3.0,3.0,0.0,3.0,9.0,0.0,0.0,0.0,0.0,0.0,1.0,False,False,False,False,True,False,False,True,False,False,False,False,False,51.0,101.0,6.0,1.0
7592.0,1946.0,51012.0,0.0,0.0,86.0,0.0,102.0,9.0,63.0,2.0,9.0,24.0,1.0,4.0,1.0,4.0,6.0,0.0,0.0,0.0,0.0,0.0,0.0,False,False,False,False,True,False,False,False,True,False,False,False,False,79.0,209.0,9.0,0.0
8895.0,1985.0,70596.0,0.0,0.0,68.0,0.0,347.0,44.0,534.0,17.0,0.0,26.0,1.0,3.0,5.0,12.0,2.0,0.0,0.0,0.0,0.0,0.0,0.0,False,False,True,False,False,False,False,False,False,True,False,False,False,40.0,968.0,20.0,0.0
8584.0,1952.0,85431.0,0.0,0.0,54.0,0.0,376.0,53.0,462.0,120.5,53.0,53.0,1.0,2.0,7.0,7.0,0.0,0.0,0.0,0.0,0.0,0.0,0.0,False,False,False,False,True,False,False,False,False,False,True,False,False,73.0,1165.0,16.0,0.0
2694.0,1967.0,42664.0,0.0,1.0,44.0,0.0,21.0,0.0,3.0,0.0,0.0,0.0,1.0,1.0,0.0,3.0,6.0,0.0,0.0,0.0,0.0,0.0,0.0,False,False,True,False,False,False,False,False,True,False,False,False,False,58.0,24.0,4.0,1.0
8910.0,1955.0,42586.0,1.0,1.0,7.0,0.0,194.0,2.0,56.0,0.0,0.0,0.0,5.0,4.0,1.0,6.0,8.0,0.0,0.0,0.0,0.0,0.0,1.0,False,False,True,False,False,False,False,False,False,False,True,False,False,70.0,252.0,11.0,2.0
7433.0,1985.0,29760.0,1.0,0.0,87.0,0.0,64.0,4.0,68.0,7.0,5.0,17.0,4.0,3.0,1.0,4.0,8.0,0.0,0.0,0.0,0.0,0.0,0.0,False,False,True,False,False,False,False,False,False,True,False,False,False,40.0,165.0,8.0,1.0
164.0,1977.0,28973.0,0.0,0.0,59.0,0.0,206.0,0.0,46.0,3.0,2.0,12.0,2.0,5.0,1.0,5.0,8.0,0.0,0.0,0.0,0.0,0.0,0.0,False,False,False,False,True,False,False,False,True,False,False,False,False,48.0,269.0,11.0,0.0
10477.0,1973.0,39435.0,1.0,0.0,16.0,0.0,71.0,0.0,18.0,0.0,0.0,13.0,1.0,3.0,1.0,2.0,7.0,0.0,0.0,0.0,0.0,0.0,0.0,False,False,False,False,True,False,False,False,False,False,True,False,False,52.0,102.0,6.0,1.0
2681.0,1984.0,65370.0,0.0,0.0,1.0,0.0,71.0,22.0,112.0,120.5,81.0,29.0,1.0,2.0,3.0,13.0,1.0,0.0,0.0,0.0,0.0,0.0,0.0,True,False,False,False,False,False,False,False,True,False,False,False,False,41.0,461.0,18.0,0.0
5150.0,1979.0,20194.0,1.0,0.0,64.0,0.0,0.0,4.0,7.0,11.0,10.0,15.0,2.0,2.0,0.0,3.0,6.0,0.0,0.0,0.0,0.0,0.0,0.0,False,True,False,False,False,False,False,False,False,True,False,False,False,46.0,47.0,5.0,1.0
5283.0,1976.0,42473.0,1.0,1.0,72.0,0.0,93.0,1.0,21.0,0.0,4.0,25.0,3.0,2.0,1.0,4.0,5.0,0.0,0.0,0.0,0.0,0.0,0.0,False,False,False,False,True,False,False,False,False,True,False,False,False,49.0,144.0,7.0,2.0
9645.0,1968.0,64590.0,0.0,0.0,98.0,0.0,920.0,81.0,168.0,36.0,46.0,30.0,1.0,9.0,4.0,10.0,6.0,0.0,0.0,0.0,0.0,0.0,0.0,False,False,True,False,False,False,False,False,True,False,False,False,False,57.0,1338.0,23.0,0.0
10678.0,1959.0,71232.0,0.0,1.0,91.0,0.0,653.0,17.0,170.0,34.0,26.0,17.0,2.0,11.0,2.0,10.0,7.0,0.0,0.0,0.0,0.0,0.0,0.0,False,False,True,False,False,False,False,False,False,False,True,False,False,66.0,917.0,23.0,1.0
7261.0,1971.0,34600.0,1.0,1.0,8.0,0.0,199.0,33.0,60.0,8.0,3.0,15.0,5.0,5.0,2.0,5.0,8.0,0.0,0.0,0.0,0.0,0.0,1.0,False,False,True,False,False,False,False,False,False,False,True,False,False,54.0,318.0,12.0,2.0
9648.0,1967.0,46904.0,1.0,1.0,20.0,0.0,153.0,4.0,56.0,0.0,9.0,31.0,4.0,5.0,1.0,4.0,8.0,0.0,0.0,0.0,0.0,0.0,0.0,False,False,True,False,False,False,False,False,False,True,False,False,False,58.0,253.0,10.0,2.0
2870.0,1973.0,49094.0,0.0,1.0,6.0,0.0,376.0,0.0,38.0,11.0,8.0,69.0,5.0,6.0,3.0,6.0,6.0,0.0,0.0,0.0,0.0,0.0,0.0,False,False,True,False,False,False,False,False,True,False,False,False,False,52.0,502.0,15.0,1.0
8008.0,1983.0,36075.0,1.0,0.0,54.0,0.0,46.0,0.0,30.0,12.0,1.0,30.0,1.0,2.0,0.0,4.0,6.0,0.0,0.0,0.0,0.0,0.0,0.0,False,False,True,False,False,False,False,False,False,False,True,False,False,42.0,119.0,6.0,1.0
1513.0,1979.0,60839.0,1.0,1.0,72.0,0.0,600.0,21.0,128.0,120.5,81.0,126.5,6.0,2.0,2.0,12.0,8.0,0.0,0.0,0.0,0.0,0.0,0.0,True,False,False,False,False,False,False,False,False,False,True,False,False,46.0,1250.0,16.0,2.0
6173.0,1979.0,77298.0,0.0,1.0,46.0,0.0,425.0,81.0,292.0,23.0,35.0,79.0,1.0,6.0,6.0,11.0,3.0,0.0,0.0,0.0,0.0,0.0,0.0,False,False,True,False,False,False,False,False,False,False,True,False,False,46.0,969.0,23.0,1.0
1419.0,1950.0,34026.0,1.0,1.0,11.0,0.0,18.0,6.0,15.0,12.0,8.0,17.0,3.0,2.0,1.0,3.0,5.0,0.0,0.0,0.0,0.0,0.0,0.0,False,False,True,False,False,False,False,False,False,False,True,False,False,75.0,76.0,6.0,2.0
9150.0,1963.0,48918.0,1.0,1.0,21.0,0.0,52.0,0.0,9.0,0.0,0.0,1.0,2.0,1.0,0.0,4.0,4.0,0.0,0.0,0.0,0.0,0.0,0.0,False,False,False,False,True,False,False,False,False,True,False,False,False,62.0,62.0,5.0,2.0
7960.0,1962.0,82122.0,0.0,0.0,89.0,0.0,734.0,22.0,350.0,120.5,25.0,100.0,1.0,3.0,9.0,13.0,1.0,0.0,0.0,0.0,0.0,1.0,0.0,True,False,False,False,False,False,False,False,False,False,True,False,False,63.0,1382.0,25.0,0.0
1250.0,1976.0,37697.0,1.0,0.0,82.0,0.0,34.0,6.0,21.0,11.0,4.0,8.0,1.0,2.0,1.0,3.0,6.0,0.0,0.0,0.0,0.0,0.0,0.0,False,False,True,False,False,False,False,False,False,True,False,False,False,49.0,84.0,6.0,1.0
9905.0,1952.0,34074.0,1.0,1.0,69.0,0.0,135.0,1.0,41.0,10.0,1.0,67.0,5.0,3.0,3.0,3.0,6.0,0.0,0.0,1.0,0.0,0.0,0.0,False,False,True,False,False,False,False,False,False,False,True,False,False,73.0,255.0,9.0,2.0
10691.0,1960.0,28520.0,1.0,1.0,55.0,0.0,11.0,0.0,10.0,0.0,2.0,20.0,1.0,1.0,1.0,2.0,6.0,0.0,0.0,0.0,0.0,0.0,0.0,False,False,False,True,False,False,False,False,True,False,False,False,False,65.0,43.0,4.0,2.0
7002.0,1955.0,62535.0,0.0,1.0,13.0,0.0,163.0,48.0,90.0,0.0,45.0,52.0,1.0,3.0,2.0,8.0,3.0,0.0,0.0,0.0,0.0,0.0,0.0,False,False,True,False,False,False,False,False,False,True,False,False,False,70.0,398.0,13.0,1.0
2952.0,1977.0,36273.0,1.0,0.0,80.0,0.0,29.0,3.0,30.0,3.0,2.0,9.0,2.0,3.0,0.0,3.0,6.0,0.0,0.0,0.0,0.0,0.0,0.0,False,False,False,True,False,False,False,False,False,True,False,False,False,48.0,76.0,6.0,1.0
8439.0,1964.0,63404.0,0.0,2.0,97.0,0.0,734.0,26.0,70.0,11.0,44.0,17.0,2.0,6.0,3.0,4.0,4.0,1.0,0.0,0.0,0.0,0.0,0.0,False,False,True,False,False,False,False,False,False,False,True,False,False,61.0,902.0,13.0,2.0
762.0,1981.0,75774.0,1.0,0.0,27.0,0.0,340.0,21.0,134.0,120.5,14.0,56.0,1.0,7.0,5.0,8.0,4.0,0.0,0.0,0.0,0.0,0.0,0.0,True,False,False,False,False,False,False,False,False,False,True,False,False,44.0,823.0,20.0,1.0
2831.0,1976.0,78416.0,0.0,1.0,99.0,0.0,453.0,38.0,279.0,120.5,38.0,126.5,2.0,7.0,7.0,10.0,3.0,0.0,0.0,0.0,0.0,0.0,0.0,False,False,True,False,False,False,False,False,False,False,True,False,False,49.0,1179.0,24.0,1.0
6977.0,1974.0,75702.0,0.0,1.0,87.0,0.0,1073.0,0.0,556.0,120.5,37.0,37.0,1.0,10.0,5.0,13.0,6.0,0.0,0.0,0.0,0.0,1.0,0.0,False,False,True,False,False,False,False,False,False,False,True,False,False,51.0,1921.0,28.0,1.0
6289.0,1951.0,59385.0,1.0,1.0,85.0,0.0,135.0,0.0,10.0,0.0,4.0,36.0,2.0,3.0,1.0,4.0,5.0,0.0,0.0,0.0,0.0,0.0,0.0,False,False,False,True,False,False,False,False,False,False,True,False,False,74.0,185.0,8.0,2.0
4168.0,1966.0,37070.0,1.0,1.0,30.0,0.0,231.0,7.0,137.0,4.0,15.0,39.0,6.0,5.0,1.0,8.0,7.0,0.0,0.0,0.0,0.0,0.0,1.0,False,False,True,False,False,False,False,False,False,True,False,False,False,59.0,433.0,14.0,2.0
8397.0,1951.0,44689.0,1.0,1.0,82.0,0.0,18.0,0.0,5.0,0.0,0.0,11.0,2.0,1.0,1.0,2.0,7.0,0.0,0.0,1.0,0.0,0.0,0.0,False,False,True,False,False,False,False,False,True,False,False,False,False,74.0,34.0,4.0,2.0
9284.0,1958.0,53977.0,0.0,1.0,21.0,0.0,620.0,16.0,165.0,0.0,24.0,82.0,5.0,5.0,5.0,12.0,5.0,0.0,0.0,0.0,0.0,0.0,0.0,False,False,True,False,False,False,False,False,False,False,True,False,False,67.0,907.0,22.0,1.0
6237.0,1966.0,7144.0,0.0,2.0,92.0,0.0,81.0,4.0,33.0,5.0,2.0,126.5,0.0,12.0,1.0,1.0,0.0,0.0,0.0,0.0,0.0,0.0,0.0,False,False,False,False,True,False,False,False,False,True,False,False,False,59.0,416.0,25.0,2.0
3130.0,1964.0,18701.0,1.0,1.0,95.0,0.0,12.0,4.0,2.0,10.0,6.0,10.0,4.0,2.0,0.0,4.0,5.0,0.0,0.0,0.0,0.0,0.0,0.0,False,False,True,False,False,False,False,False,False,True,False,False,False,61.0,44.0,6.0,2.0
1619.0,1956.0,90369.0,0.0,0.0,2.0,0.0,292.0,51.0,556.0,120.5,23.0,17.0,1.0,4.0,6.0,6.0,1.0,0.0,0.0,0.0,0.0,0.0,1.0,False,False,True,False,False,False,False,False,True,False,False,False,False,69.0,1588.0,16.0,0.0
1990.0,1974.0,63159.0,0.0,0.0,74.0,0.0,965.0,34.0,556.0,89.0,81.0,37.0,1.0,3.0,5.0,8.0,3.0,0.0,0.0,1.0,0.0,0.0,0.0,False,False,False,False,True,False,False,False,False,True,False,False,False,51.0,1797.0,16.0,0.0
5513.0,1966.0,37758.0,1.0,1.0,49.0,0.0,27.0,2.0,10.0,0.0,0.0,1.0,2.0,1.0,0.0,3.0,8.0,0.0,0.0,0.0,0.0,0.0,0.0,False,False,True,False,False,False,False,False,False,False,True,False,False,59.0,40.0,4.0,2.0
269.0,1963.0,46757.0,0.0,1.0,71.0,0.0,777.0,30.0,163.0,0.0,51.0,122.0,6.0,4.0,4.0,7.0,9.0,0.0,0.0,0.0,0.0,0.0,0.0,False,False,False,False,True,False,False,False,False,True,False,False,False,62.0,1143.0,15.0,1.0
8093.0,1969.0,79734.0,0.0,0.0,72.0,0.0,572.0,8.0,232.0,23.0,62.0,17.0,1.0,4.0,3.0,6.0,1.0,1.0,0.0,0.0,0.0,0.0,0.0,False,False,False,True,False,False,False,False,True,False,False,False,False,56.0,914.0,13.0,0.0
10513.0,1992.0,63207.0,0.0,0.0,68.0,0.0,438.0,81.0,556.0,91.0,81.0,70.0,1.0,2.0,3.0,6.0,7.0,1.0,0.0,0.0,0.0,0.0,0.0,False,False,True,False,False,False,False,False,False,False,True,False,False,33.0,1502.0,11.0,0.0
10177.0,1954.0,72071.0,0.0,1.0,4.0,0.0,531.0,69.0,300.0,120.5,81.0,126.5,3.0,5.0,4.0,8.0,2.0,0.0,0.0,0.0,0.0,0.0,0.0,False,False,True,False,False,False,False,True,False,False,False,False,False,71.0,1338.0,17.0,1.0
2549.0,1983.0,21840.0,1.0,0.0,80.0,0.0,17.0,0.0,9.0,0.0,0.0,1.0,1.0,1.0,0.0,3.0,9.0,0.0,0.0,0.0,0.0,0.0,0.0,False,False,False,False,True,False,False,False,False,False,True,False,False,42.0,27.0,4.0,1.0
5782.0,1982.0,58582.0,0.0,1.0,15.0,0.0,402.0,35.0,106.0,101.0,77.0,42.0,2.0,9.0,2.0,9.0,5.0,0.0,0.0,0.0,1.0,0.0,0.0,True,False,False,False,False,False,False,False,False,False,True,False,False,43.0,763.0,20.0,1.0
10057.0,1951.0,72282.0,0.0,0.0,70.0,0.0,503.0,27.0,419.0,90.0,81.0,126.5,1.0,5.0,7.0,9.0,7.0,0.0,0.0,0.0,0.0,0.0,1.0,False,False,True,False,False,False,False,False,False,True,False,False,False,74.0,1331.0,21.0,0.0
10307.0,1956.0,50387.0,0.0,2.0,91.0,0.0,369.0,9.0,87.0,12.0,14.0,34.0,3.0,6.0,2.0,8.0,5.0,0.0,0.0,0.0,0.0,0.0,0.0,False,False,True,False,False,False,False,False,True,False,False,False,False,69.0,525.0,16.0,2.0
8566.0,1961.0,32583.0,1.0,1.0,10.0,0.0,5.0,0.0,3.0,0.0,0.0,1.0,1.0,1.0,0.0,2.0,7.0,0.0,0.0,0.0,0.0,0.0,0.0,False,False,False,False,True,False,False,False,False,False,True,False,False,64.0,9.0,3.0,2.0
2415.0,1962.0,62568.0,0.0,1.0,99.0,0.0,362.0,17.0,398.0,80.0,35.0,61.0,3.0,5.0,3.0,5.0,4.0,1.0,0.0,0.0,0.0,0.0,0.0,False,False,True,False,False,False,False,False,False,False,True,False,False,63.0,953.0,13.0,1.0
5684.0,1971.0,36945.72019374868,1.0,1.0,25.0,0.0,56.0,0.0,9.0,0.0,0.0,3.0,2.0,2.0,0.0,3.0,7.0,0.0,0.0,0.0,0.0,0.0,0.0,False,False,False,True,False,False,False,True,False,False,False,False,False,54.0,68.0,5.0,2.0
8334.0,1971.0,33316.0,1.0,1.0,34.0,0.0,79.0,1.0,31.0,4.0,4.0,12.0,3.0,2.0,1.0,4.0,6.0,0.0,0.0,0.0,0.0,0.0,0.0,False,False,False,True,False,False,False,False,False,True,False,False,False,54.0,131.0,7.0,2.0
9166.0,1968.0,63967.0,0.0,1.0,57.0,0.0,387.0,81.0,141.0,73.0,35.0,126.5,3.0,4.0,4.0,12.0,2.0,0.0,0.0,0.0,0.0,0.0,0.0,False,False,True,False,False,False,False,False,True,False,False,False,False,57.0,882.0,20.0,1.0
1440.0,1978.0,52513.0,0.0,0.0,84.0,0.0,367.0,17.0,241.0,104.0,81.0,126.5,2.0,9.0,5.0,9.0,7.0,0.0,0.0,0.0,0.0,0.0,0.0,True,False,False,False,False,False,False,False,False,False,True,False,False,47.0,1149.0,23.0,0.0
78.0,1969.0,25293.0,1.0,0.0,51.0,0.0,15.0,0.0,11.0,0.0,2.0,9.0,1.0,1.0,1.0,2.0,8.0,0.0,0.0,0.0,0.0,0.0,0.0,False,False,True,False,False,False,False,False,True,False,False,False,False,56.0,37.0,4.0,1.0
5441.0,1965.0,54111.0,0.0,1.0,97.0,0.0,267.0,6.0,54.0,8.0,3.0,50.0,2.0,5.0,2.0,6.0,5.0,0.0,0.0,0.0,0.0,0.0,0.0,False,False,False,False,True,False,False,False,False,False,False,True,False,60.0,388.0,13.0,1.0
5302.0,1986.0,78394.0,0.0,0.0,13.0,0.0,298.0,27.0,556.0,120.5,24.0,126.5,1.0,4.0,6.0,5.0,2.0,0.0,0.0,0.0,0.0,0.0,1.0,False,False,True,False,False,False,False,False,False,False,True,False,False,39.0,1428.0,15.0,0.0
4687.0,1958.0,80739.0,0.0,0.0,92.0,0.0,674.0,81.0,556.0,39.0,0.0,92.0,1.0,3.0,10.0,9.0,1.0,0.0,0.0,0.0,0.0,0.0,0.0,False,False,False,True,False,False,False,False,True,False,False,False,False,67.0,1633.0,23.0,0.0
1087.0,1975.0,22669.0,1.0,0.0,30.0,0.0,16.0,14.0,36.0,37.0,22.0,48.0,3.0,4.0,1.0,2.0,9.0,0.0,0.0,0.0,0.0,0.0,1.0,False,False,False,True,False,False,False,False,False,False,True,False,False,50.0,173.0,7.0,1.0
6859.0,1987.0,29236.0,1.0,0.0,30.0,0.0,37.0,4.0,24.0,16.0,9.0,9.0,2.0,4.0,0.0,3.0,9.0,0.0,0.0,0.0,0.0,0.0,0.0,False,False,True,False,False,False,False,False,False,True,False,False,False,38.0,99.0,7.0,1.0
9860.0,1959.0,44911.0,0.0,1.0,11.0,0.0,159.0,0.0,22.0,2.0,1.0,31.0,3.0,4.0,1.0,4.0,7.0,0.0,0.0,0.0,0.0,0.0,0.0,False,False,True,False,False,False,False,False,False,False,True,False,False,66.0,215.0,9.0,1.0
7129.0,1962.0,54693.0,0.0,1.0,72.0,0.0,686.0,17.0,142.0,23.0,26.0,35.0,6.0,6.0,4.0,13.0,6.0,0.0,0.0,0.0,0.0,0.0,0.0,False,False,False,False,True,False,False,False,True,False,False,False,False,63.0,929.0,23.0,1.0
5866.0,1974.0,48186.0,1.0,0.0,39.0,0.0,97.0,3.0,66.0,12.0,7.0,34.0,3.0,4.0,1.0,4.0,7.0,0.0,0.0,0.0,0.0,0.0,0.0,False,False,True,False,False,False,False,False,False,False,True,False,False,51.0,219.0,9.0,1.0
10521.0,1977.0,54809.0,1.0,1.0,0.0,0.0,63.0,6.0,57.0,13.0,13.0,22.0,4.0,2.0,1.0,5.0,4.0,0.0,0.0,0.0,0.0,0.0,1.0,False,False,True,False,False,False,False,False,True,False,False,False,False,48.0,174.0,8.0,2.0
7393.0,1978.0,41580.0,1.0,1.0,15.0,0.0,56.0,5.0,24.0,4.0,0.0,3.0,3.0,2.0,1.0,3.0,5.0,0.0,0.0,0.0,0.0,0.0,0.0,False,False,True,False,False,False,False,False,False,False,True,False,False,47.0,92.0,6.0,2.0
7849.0,1970.0,80336.0,0.0,0.0,12.0,0.0,209.0,19.0,456.0,120.5,81.0,66.0,1.0,2.0,9.0,13.0,1.0,0.0,0.0,0.0,0.0,0.0,0.0,False,False,False,False,True,False,False,False,True,False,False,False,False,55.0,1052.0,24.0,0.0
332.0,1957.0,47743.0,0.0,1.0,56.0,0.0,198.0,2.0,43.0,0.0,12.0,20.0,3.0,4.0,1.0,6.0,6.0,0.0,0.0,0.0,1.0,0.0,0.0,False,False,True,False,False,False,False,False,True,False,False,False,False,68.0,275.0,11.0,1.0
9847.0,1955.0,62972.0,0.0,1.0,39.0,0.0,313.0,15.0,47.0,20.0,0.0,126.5,2.0,7.0,4.0,3.0,6.0,0.0,0.0,0.0,0.0,0.0,0.0,True,False,False,False,False,False,False,False,True,False,False,False,False,70.0,587.0,14.0,1.0
531.0,1954.0,57333.0,0.0,1.0,55.0,0.0,941.0,14.0,397.0,76.0,58.0,126.5,6.0,8.0,5.0,9.0,6.0,0.0,0.0,0.0,0.0,0.0,1.0,False,False,False,False,True,False,False,True,False,False,False,False,False,71.0,1662.0,22.0,1.0
9576.0,1982.0,32313.0,1.0,0.0,60.0,0.0,86.0,4.0,56.0,2.0,4.0,7.0,3.0,4.0,0.0,4.0,9.0,0.0,0.0,0.0,0.0,0.0,0.0,False,False,False,False,True,False,False,False,False,False,True,False,False,43.0,159.0,8.0,1.0
6906.0,1953.0,84953.0,0.0,0.0,73.0,0.0,167.0,48.0,556.0,63.0,72.0,72.0,1.0,3.0,10.0,4.0,2.0,1.0,0.0,0.0,1.0,1.0,1.0,False,False,False,True,False,False,False,False,False,False,False,True,False,72.0,1024.0,17.0,0.0
7419.0,1968.0,27071.0,1.0,0.0,90.0,0.0,8.0,3.0,19.0,0.0,2.0,3.0,2.0,2.0,0.0,3.0,6.0,0.0,0.0,0.0,0.0,0.0,0.0,False,False,False,True,False,False,False,True,False,False,False,False,False,57.0,35.0,5.0,1.0
3170.0,1957.0,68148.0,0.0,0.0,86.0,0.0,389.0,66.0,408.0,37.0,57.0,85.0,1.0,4.0,4.0,6.0,2.0,0.0,0.0,0.0,0.0,0.0,0.0,False,False,False,True,False,False,False,False,False,False,True,False,False,68.0,1042.0,14.0,0.0
8527.0,1965.0,65735.0,1.0,1.0,37.0,0.0,239.0,7.0,119.0,4.0,15.0,11.0,5.0,6.0,2.0,6.0,7.0,0.0,0.0,0.0,0.0,0.0,0.0,False,False,False,True,False,False,False,False,False,False,True,False,False,60.0,395.0,14.0,2.0
7872.0,1975.0,86836.0,0.0,0.0,7.0,0.0,179.0,21.0,273.0,0.0,21.0,63.0,1.0,6.0,10.0,6.0,5.0,1.0,0.0,1.0,0.0,1.0,1.0,False,False,False,False,True,False,False,False,True,False,False,False,False,50.0,557.0,22.0,0.0
9931.0,1963.0,4023.0,1.0,1.0,29.0,0.0,5.0,0.0,1.0,1.0,1.0,1.0,6.0,0.0,0.0,0.0,13.0,0.0,0.0,0.0,0.0,0.0,0.0,False,False,False,False,True,False,False,False,True,False,False,False,False,62.0,9.0,0.0,2.0
10595.0,1990.0,30093.0,0.0,0.0,19.0,0.0,2.0,6.0,28.0,13.0,4.0,16.0,1.0,2.0,0.0,3.0,7.0,0.0,0.0,0.0,0.0,0.0,0.0,False,False,True,False,False,False,False,False,True,False,False,False,False,35.0,69.0,5.0,0.0
4609.0,1966.0,57705.0,0.0,1.0,14.0,0.0,383.0,0.0,53.0,6.0,4.0,40.0,3.0,8.0,1.0,6.0,6.0,0.0,0.0,0.0,0.0,0.0,0.0,False,False,False,False,True,False,False,False,True,False,False,False,False,59.0,486.0,15.0,1.0
5010.0,1988.0,25008.0,1.0,0.0,72.0,0.0,2.0,8.0,8.0,6.0,1.0,9.0,2.0,1.0,0.0,3.0,8.0,0.0,0.0,0.0,0.0,0.0,0.0,False,False,True,False,False,False,False,False,False,True,False,False,False,37.0,34.0,4.0,1.0
4427.0,1995.0,83257.0,0.0,0.0,56.0,1.0,536.0,27.0,556.0,38.0,81.0,67.0,1.0,5.0,10.0,12.0,6.0,0.0,0.0,1.0,0.0,1.0,1.0,True,False,False,False,False,False,False,False,False,True,False,False,False,30.0,1365.0,27.0,0.0
11148.0,1975.0,22280.0,1.0,0.0,85.0,0.0,2.0,1.0,4.0,3.0,1.0,2.0,1.0,1.0,0.0,2.0,8.0,0.0,0.0,0.0,0.0,0.0,0.0,False,False,True,False,False,False,False,False,False,False,True,False,False,50.0,13.0,3.0,1.0
1168.0,1978.0,72159.0,0.0,0.0,62.0,0.0,322.0,53.0,556.0,34.0,40.0,53.0,1.0,4.0,6.0,10.0,2.0,0.0,0.0,0.0,0.0,0.0,0.0,False,False,False,False,True,False,False,False,True,False,False,False,False,47.0,1401.0,20.0,0.0
9595.0,1961.0,64260.0,0.0,0.0,1.0,0.0,539.0,81.0,556.0,20.0,0.0,30.0,1.0,4.0,5.0,4.0,3.0,0.0,0.0,0.0,0.0,0.0,1.0,False,False,True,False,False,False,False,False,False,False,True,False,False,64.0,1574.0,13.0,0.0
10163.0,1984.0,82733.0,0.0,0.0,28.0,0.0,712.0,50.0,420.0,65.0,38.0,38.0,1.0,8.0,4.0,7.0,4.0,0.0,0.0,0.0,0.0,0.0,1.0,False,False,False,False,True,False,False,False,False,True,False,False,False,41.0,1323.0,19.0,0.0
2886.0,1971.0,74290.0,0.0,1.0,70.0,0.0,1121.0,0.0,72.0,0.0,12.0,12.0,4.0,10.0,8.0,10.0,6.0,1.0,0.0,0.0,1.0,0.0,0.0,False,False,False,True,False,False,False,True,False,False,False,False,False,54.0,1217.0,28.0,1.0
6710.0,1951.0,58217.0,2.0,1.0,84.0,0.0,68.0,1.0,13.0,3.0,5.0,13.0,1.0,2.0,0.0,4.0,6.0,0.0,0.0,0.0,0.0,0.0,0.0,False,False,False,True,False,False,False,False,False,True,False,False,False,74.0,103.0,6.0,2.5
5316.0,1976.0,21024.0,0.0,0.0,89.0,0.0,36.0,4.0,18.0,6.0,2.0,18.0,1.0,2.0,0.0,4.0,7.0,0.0,0.0,0.0,0.0,0.0,0.0,False,False,False,True,False,False,False,False,False,False,True,False,False,49.0,84.0,6.0,0.0
9029.0,1972.0,70116.0,0.0,0.0,73.0,0.0,707.0,44.0,556.0,95.0,58.0,29.0,1.0,2.0,8.0,12.0,1.0,0.0,0.0,0.0,0.0,0.0,0.0,False,False,False,False,True,False,False,False,True,False,False,False,False,53.0,1536.0,22.0,0.0
521.0,1985.0,54006.0,1.0,0.0,42.0,0.0,174.0,77.0,203.0,6.0,24.0,97.0,2.0,8.0,1.0,7.0,7.0,0.0,0.0,0.0,0.0,0.0,0.0,False,False,True,False,False,False,False,False,False,False,True,False,False,40.0,581.0,16.0,1.0
1459.0,1966.0,69063.0,0.0,1.0,16.0,0.0,666.0,35.0,124.0,69.0,8.0,26.0,1.0,5.0,3.0,5.0,3.0,0.0,0.0,0.0,0.0,0.0,0.0,False,False,False,False,True,False,False,False,True,False,False,False,False,59.0,928.0,13.0,1.0
10241.0,1975.0,11448.0,0.0,0.0,16.0,0.0,0.0,0.0,0.0,6.0,2.0,6.0,1.0,1.0,0.0,2.0,6.0,0.0,0.0,0.0,0.0,0.0,0.0,True,False,False,False,False,False,False,True,False,False,False,False,False,50.0,14.0,3.0,0.0
1630.0,1979.0,61825.0,0.0,1.0,56.0,0.0,162.0,50.0,100.0,55.0,30.0,27.0,1.0,4.0,2.0,8.0,4.0,0.0,0.0,0.0,0.0,0.0,0.0,False,False,True,False,False,False,False,False,False,True,False,False,False,46.0,424.0,14.0,1.0
3254.0,1971.0,70886.0,1.0,0.0,65.0,0.0,407.0,70.0,239.0,103.0,81.0,53.0,1.0,5.0,4.0,4.0,2.0,0.0,0.0,0.0,0.0,0.0,0.0,False,False,True,False,False,False,False,False,True,False,False,False,False,54.0,960.0,13.0,1.0
9064.0,1982.0,69109.0,0.0,0.0,10.0,0.0,823.0,25.0,459.0,120.5,29.0,95.0,1.0,6.0,6.0,7.0,4.0,0.0,0.0,0.0,0.0,1.0,1.0,False,False,True,False,False,False,False,False,True,False,False,False,False,43.0,1555.0,19.0,0.0
3678.0,1973.0,60208.0,1.0,1.0,13.0,0.0,488.0,23.0,71.0,15.0,0.0,59.0,6.0,8.0,3.0,7.0,7.0,0.0,0.0,0.0,1.0,0.0,1.0,False,False,True,False,False,False,False,False,False,False,False,True,False,52.0,656.0,18.0,2.0
4227.0,1968.0,32889.0,1.0,1.0,78.0,0.0,28.0,0.0,13.0,4.0,2.0,8.0,3.0,2.0,1.0,3.0,5.0,0.0,0.0,0.0,0.0,0.0,0.0,False,False,False,True,False,False,False,False,False,False,True,False,False,57.0,55.0,6.0,2.0
9467.0,1984.0,34738.0,1.0,0.0,51.0,0.0,3.0,2.0,10.0,3.0,0.0,2.0,1.0,1.0,0.0,3.0,6.0,0.0,0.0,0.0,0.0,0.0,0.0,False,False,True,False,False,False,False,False,False,True,False,False,False,41.0,20.0,4.0,1.0
8486.0,1971.0,30538.0,1.0,0.0,27.0,0.0,284.0,0.0,52.0,8.0,3.0,20.0,4.0,9.0,0.0,4.0,10.0,0.0,0.0,0.0,0.0,0.0,0.0,False,False,False,True,False,False,False,False,False,False,True,False,False,54.0,367.0,13.0,1.0
2186.0,1977.0,82326.0,0.0,0.0,30.0,0.0,938.0,81.0,556.0,120.5,81.0,126.5,1.0,5.0,10.0,6.0,2.0,1.0,0.0,0.0,1.0,1.0,1.0,True,False,False,False,False,False,False,False,False,False,True,False,False,48.0,2257.0,21.0,0.0
3286.0,1967.0,26642.0,1.0,0.0,71.0,0.0,13.0,2.0,15.0,2.0,2.0,8.0,2.0,2.0,0.0,3.0,6.0,0.0,0.0,0.0,0.0,0.0,0.0,False,False,False,False,True,False,False,True,False,False,False,False,False,58.0,42.0,5.0,1.0
8602.0,1964.0,69932.0,0.0,1.0,97.0,0.0,412.0,81.0,153.0,120.5,81.0,57.0,2.0,7.0,6.0,11.0,4.0,0.0,0.0,0.0,0.0,0.0,0.0,False,False,True,False,False,False,False,True,False,False,False,False,False,61.0,1049.0,24.0,1.0
3722.0,1972.0,44503.0,1.0,1.0,83.0,0.0,31.0,1.0,8.0,0.0,0.0,8.0,2.0,2.0,0.0,3.0,6.0,0.0,0.0,0.0,0.0,0.0,0.0,False,False,True,False,False,False,False,False,False,True,False,False,False,53.0,48.0,5.0,2.0
6715.0,1948.0,60200.0,0.0,1.0,3.0,0.0,502.0,19.0,132.0,0.0,6.0,26.0,6.0,6.0,2.0,11.0,6.0,0.0,0.0,0.0,0.0,0.0,0.0,False,False,False,False,True,False,False,False,False,True,False,False,False,77.0,685.0,19.0,1.0
4796.0,1952.0,49638.0,0.0,1.0,71.0,0.0,18.0,10.0,3.0,3.0,5.0,0.0,1.0,1.0,0.0,3.0,2.0,0.0,0.0,0.0,0.0,0.0,0.0,False,False,True,False,False,False,False,True,False,False,False,False,False,73.0,39.0,4.0,1.0
9612.0,1987.0,23830.0,0.0,0.0,3.0,0.0,1.0,8.0,6.0,4.0,8.0,16.0,1.0,1.0,0.0,3.0,7.0,0.0,0.0,0.0,0.0,0.0,0.0,True,False,False,False,False,False,False,False,False,True,False,False,False,38.0,43.0,4.0,0.0
3766.0,1959.0,33051.0,0.0,0.0,15.0,0.0,100.0,71.0,243.0,108.0,81.0,126.5,3.0,9.0,1.0,8.0,9.0,0.0,0.0,0.0,0.0,0.0,1.0,False,False,False,True,False,False,False,False,False,False,False,True,False,66.0,835.0,18.0,0.0
1399.0,1958.0,72905.0,0.0,0.0,52.0,0.0,407.0,81.0,445.0,120.5,81.0,126.5,1.0,3.0,7.0,9.0,1.0,1.0,0.0,0.0,0.0,0.0,0.0,False,False,True,False,False,False,False,False,True,False,False,False,False,67.0,1515.0,19.0,0.0
1570.0,1951.0,69702.0,0.0,1.0,8.0,0.0,664.0,9.0,240.0,50.0,19.0,57.0,2.0,7.0,7.0,10.0,4.0,0.0,0.0,0.0,0.0,0.0,0.0,False,False,False,False,True,False,False,False,False,False,True,False,False,74.0,1039.0,24.0,1.0
3426.0,1975.0,70300.0,1.0,0.0,89.0,0.0,1045.0,61.0,338.0,60.0,46.0,46.0,3.0,5.0,5.0,13.0,8.0,0.0,0.0,0.0,0.0,0.0,0.0,False,False,True,False,False,False,False,True,False,False,False,False,False,50.0,1596.0,23.0,1.0
3074.0,1984.0,70643.0,0.0,0.0,66.0,0.0,1218.0,81.0,304.0,23.0,81.0,33.0,1.0,5.0,8.0,4.0,6.0,0.0,0.0,0.0,0.0,0.0,1.0,False,False,False,False,True,False,False,False,True,False,False,False,False,41.0,1828.0,17.0,0.0
8341.0,1969.0,30396.0,1.0,0.0,22.0,0.0,15.0,0.0,6.0,0.0,1.0,12.0,2.0,1.0,1.0,2.0,7.0,0.0,0.0,1.0,0.0,0.0,1.0,False,False,False,False,True,False,False,False,True,False,False,False,False,56.0,34.0,4.0,1.0
5180.0,1968.0,50616.0,0.0,1.0,56.0,0.0,128.0,0.0,16.0,0.0,1.0,4.0,2.0,4.0,0.0,4.0,7.0,0.0,0.0,0.0,0.0,0.0,0.0,False,False,False,False,True,False,False,True,False,False,False,False,False,57.0,149.0,8.0,1.0
6461.0,1969.0,62772.0,0.0,1.0,74.0,0.0,581.0,49.0,157.0,43.0,8.0,108.0,1.0,5.0,6.0,11.0,2.0,0.0,0.0,0.0,1.0,0.0,0.0,False,False,False,True,False,False,False,False,False,True,False,False,False,56.0,946.0,22.0,1.0
7679.0,1985.0,30298.0,0.0,0.0,48.0,0.0,6.0,3.0,12.0,6.0,1.0,0.0,1.0,1.0,1.0,3.0,3.0,0.0,0.0,0.0,0.0,0.0,0.0,False,False,False,False,True,False,False,False,False,True,False,False,False,40.0,28.0,5.0,0.0
10702.0,1984.0,52413.0,1.0,0.0,67.0,0.0,185.0,8.0,133.0,56.0,56.0,12.0,2.0,7.0,1.0,7.0,7.0,0.0,0.0,0.0,0.0,0.0,0.0,False,False,True,False,False,False,False,False,False,True,False,False,False,41.0,450.0,15.0,1.0
7505.0,1957.0,44155.0,1.0,1.0,24.0,0.0,22.0,1.0,9.0,0.0,0.0,14.0,1.0,1.0,1.0,2.0,4.0,0.0,0.0,0.0,0.0,0.0,0.0,False,False,False,False,True,False,False,False,True,False,False,False,False,68.0,46.0,4.0,2.0
5113.0,1971.0,86979.0,0.0,0.0,67.0,0.0,584.0,81.0,556.0,65.0,81.0,35.0,1.0,5.0,5.0,5.0,2.0,0.0,0.0,1.0,0.0,0.0,1.0,False,False,False,False,True,False,False,True,False,False,False,False,False,54.0,1702.0,15.0,0.0
10858.0,1975.0,76532.0,1.0,1.0,38.0,0.0,355.0,30.0,177.0,90.0,81.0,30.0,4.0,9.0,5.0,7.0,5.0,0.0,0.0,0.0,0.0,0.0,0.0,False,False,True,False,False,False,False,False,False,False,True,False,False,50.0,820.0,21.0,2.0
2961.0,1982.0,42081.0,1.0,0.0,86.0,0.0,175.0,10.0,110.0,54.0,6.0,27.0,2.0,6.0,3.0,4.0,6.0,0.0,0.0,1.0,0.0,0.0,0.0,False,False,True,False,False,False,False,False,True,False,False,False,False,43.0,382.0,13.0,1.0
2747.0,1988.0,67546.0,0.0,0.0,90.0,0.0,864.0,81.0,556.0,120.5,38.0,126.5,1.0,4.0,10.0,5.0,3.0,0.0,0.0,0.0,0.0,0.0,0.0,False,False,False,False,True,False,False,False,True,False,False,False,False,37.0,2126.0,19.0,0.0
3010.0,1989.0,88420.0,0.0,-0.1790453346964327,87.0,0.0,957.0,81.0,556.0,99.0,81.0,126.5,1.0,4.0,7.0,8.0,1.0,1.0,0.0,1.0,0.0,1.0,0.0,False,False,False,True,False,False,False,False,False,False,True,False,False,36.0,2069.0,19.0,-0.1790453346964327
5790.0,1985.0,31158.0,1.0,0.0,62.0,0.0,25.0,6.0,16.0,20.0,0.0,5.0,2.0,2.0,0.0,3.0,8.0,0.0,0.0,0.0,0.0,0.0,0.0,False,False,True,False,False,False,False,False,True,False,False,False,False,40.0,72.0,5.0,1.0
6892.0,1968.0,61671.0,0.0,1.0,23.0,0.0,641.0,7.0,56.0,0.0,0.0,28.0,6.0,10.0,4.0,6.0,8.0,1.0,0.0,0.0,1.0,0.0,0.0,False,False,True,False,False,False,False,True,False,False,False,False,False,57.0,732.0,20.0,1.0
1743.0,1974.0,69719.0,0.0,0.0,99.0,0.0,273.0,81.0,208.0,120.5,14.0,43.0,1.0,2.0,3.0,5.0,1.0,0.0,0.0,0.0,0.0,0.0,0.0,False,False,True,False,False,False,False,False,False,True,False,False,False,51.0,801.0,10.0,0.0
3578.0,1949.0,49160.0,0.0,1.0,29.0,0.0,122.0,21.0,43.0,25.0,10.0,15.0,2.0,3.0,1.0,6.0,6.0,0.0,0.0,0.0,0.0,0.0,0.0,False,False,True,False,False,False,False,True,False,False,False,False,False,76.0,236.0,10.0,1.0
8462.0,1978.0,24882.0,1.0,0.0,52.0,0.0,1.0,4.0,10.0,29.0,0.0,36.0,1.0,1.0,1.0,2.0,6.0,0.0,0.0,1.0,0.0,0.0,0.0,False,True,False,False,False,False,False,False,False,False,True,False,False,47.0,80.0,4.0,1.0
5558.0,1954.0,90933.0,0.0,0.0,90.0,0.0,1020.0,31.0,430.0,62.0,63.0,79.0,1.0,4.0,6.0,4.0,1.0,0.0,0.0,0.0,0.0,1.0,0.0,False,False,False,False,True,False,False,False,False,True,False,False,False,71.0,1685.0,14.0,0.0
4619.0,1945.0,113734.0,0.0,0.0,9.0,0.0,6.0,2.0,3.0,1.0,81.0,3.0,0.0,12.0,0.0,0.0,1.0,0.0,0.0,0.0,0.0,0.0,0.0,False,False,False,False,True,False,False,False,False,True,False,False,False,80.0,277.0,27.0,0.0
8780.0,1950.0,59292.0,0.0,1.0,71.0,0.0,378.0,14.0,68.0,19.0,14.0,14.0,2.0,3.0,5.0,8.0,3.0,0.0,0.0,0.0,0.0,0.0,0.0,False,False,False,False,True,False,False,False,False,False,True,False,False,75.0,507.0,16.0,1.0
10789.0,1964.0,45759.0,1.0,1.0,13.0,0.0,42.0,1.0,18.0,3.0,0.0,4.0,2.0,2.0,0.0,3.0,7.0,0.0,0.0,0.0,0.0,0.0,0.0,False,False,False,False,True,False,False,False,True,False,False,False,False,61.0,68.0,5.0,2.0
10779.0,1983.0,22148.0,0.0,0.0,16.0,0.0,15.0,5.0,14.0,0.0,4.0,11.0,1.0,1.0,0.0,3.0,7.0,0.0,0.0,0.0,0.0,0.0,0.0,False,False,True,False,False,False,False,False,False,True,False,False,False,42.0,49.0,4.0,0.0
5896.0,1987.0,73395.0,0.0,0.0,94.0,0.0,272.0,7.0,80.0,20.0,7.0,11.0,1.0,4.0,4.0,6.0,2.0,0.0,0.0,0.0,0.0,0.0,0.0,False,False,False,True,False,False,False,False,True,False,False,False,False,38.0,397.0,14.0,0.0
2337.0,1971.0,29819.0,1.0,0.0,77.0,0.0,9.0,1.0,24.0,2.0,1.0,2.0,3.0,3.0,0.0,3.0,6.0,0.0,0.0,0.0,0.0,0.0,0.0,False,False,True,False,False,False,False,True,False,False,False,False,False,54.0,39.0,6.0,1.0
10951.0,1968.0,45688.0,0.0,1.0,20.0,0.0,279.0,0.0,18.0,0.0,0.0,9.0,2.0,3.0,1.0,8.0,4.0,0.0,0.0,0.0,1.0,0.0,0.0,False,False,True,False,False,False,False,False,True,False,False,False,False,57.0,306.0,12.0,1.0
544.0,1954.0,62820.0,0.0,0.0,51.0,0.0,398.0,61.0,265.0,120.5,61.0,53.0,1.0,3.0,4.0,6.0,1.0,0.0,0.0,0.0,0.0,0.0,0.0,False,False,True,False,False,False,False,False,True,False,False,False,False,71.0,976.0,13.0,0.0
17.0,1971.0,60491.0,0.0,1.0,81.0,0.0,637.0,47.0,237.0,12.0,19.0,76.0,4.0,6.0,10.0,7.0,5.0,0.0,0.0,0.0,0.0,0.0,0.0,False,False,False,False,True,False,False,False,True,False,False,False,False,54.0,1028.0,24.0,1.0
10680.0,1986.0,33235.0,1.0,0.0,71.0,0.0,45.0,0.0,16.0,2.0,1.0,6.0,1.0,3.0,0.0,3.0,7.0,0.0,0.0,0.0,0.0,0.0,0.0,False,False,True,False,False,False,False,False,False,False,True,False,False,39.0,70.0,6.0,1.0
3265.0,1959.0,35701.0,0.0,0.0,36.0,0.0,21.0,1.0,9.0,7.0,3.0,5.0,1.0,1.0,0.0,3.0,6.0,0.0,0.0,0.0,0.0,0.0,0.0,False,False,True,False,False,False,False,False,True,False,False,False,False,66.0,46.0,4.0,0.0
5623.0,1980.0,31535.0,1.0,0.0,95.0,0.0,15.0,4.0,13.0,0.0,0.0,19.0,1.0,1.0,1.0,2.0,7.0,0.0,0.0,1.0,0.0,0.0,0.0,False,False,False,True,False,False,False,False,True,False,False,False,False,45.0,51.0,4.0,1.0
5832.0,1960.0,92556.0,0.0,0.0,32.0,0.0,493.0,81.0,352.0,120.5,23.0,28.0,0.0,3.0,5.0,13.0,0.0,0.0,0.0,0.0,0.0,0.0,0.0,True,False,False,False,False,False,False,False,False,False,True,False,False,65.0,1263.0,21.0,0.0
5544.0,1970.0,67384.0,0.0,1.0,32.0,0.0,957.0,40.0,175.0,120.5,53.0,107.0,2.0,7.0,8.0,5.0,5.0,0.0,0.0,0.0,1.0,0.0,0.0,False,False,True,False,False,False,False,False,False,True,False,False,False,55.0,1490.0,20.0,1.0
6417.0,1971.0,80573.0,0.0,0.0,85.0,0.0,829.0,81.0,430.0,60.0,81.0,15.0,1.0,4.0,6.0,13.0,2.0,0.0,0.0,0.0,0.0,0.0,0.0,False,False,False,True,False,False,False,False,False,False,True,False,False,54.0,1564.0,23.0,0.0
5831.0,1967.0,77870.0,0.0,1.0,93.0,0.0,1017.0,50.0,500.0,65.0,50.0,126.5,3.0,5.0,5.0,5.0,8.0,1.0,0.0,0.0,1.0,0.0,1.0,False,False,True,False,False,False,False,False,True,False,False,False,False,58.0,1815.0,15.0,1.0
7101.0,1963.0,52278.0,0.0,1.0,24.0,0.0,953.0,0.0,71.0,0.0,0.0,126.5,6.0,10.0,5.0,10.0,8.0,0.0,0.0,0.0,0.0,0.0,0.0,False,False,False,False,True,False,False,False,False,False,False,True,False,62.0,1198.0,25.0,1.0
10176.0,1968.0,57107.0,0.0,1.0,44.0,0.0,159.0,0.0,120.0,0.0,0.0,126.5,6.0,4.0,4.0,8.0,8.0,0.0,1.0,0.0,1.0,0.0,1.0,False,False,True,False,False,False,False,False,False,True,False,False,False,57.0,416.0,16.0,1.0
2326.0,1990.0,18929.0,0.0,0.0,15.0,0.0,32.0,0.0,8.0,23.0,4.0,18.0,1.0,1.0,0.0,4.0,6.0,0.0,0.0,0.0,0.0,0.0,0.0,False,False,True,False,False,False,False,False,True,False,False,False,False,35.0,85.0,5.0,0.0
4385.0,1981.0,36038.0,1.0,0.0,82.0,0.0,23.0,0.0,15.0,0.0,2.0,7.0,2.0,3.0,0.0,3.0,6.0,0.0,0.0,0.0,0.0,0.0,0.0,False,False,False,False,True,False,False,False,False,True,False,False,False,44.0,47.0,6.0,1.0
2929.0,1976.0,20180.0,0.0,0.0,27.0,0.0,18.0,42.0,24.0,15.0,20.0,18.0,1.0,2.0,1.0,4.0,7.0,0.0,0.0,0.0,0.0,0.0,0.0,False,False,True,False,False,False,False,False,False,True,False,False,False,49.0,137.0,7.0,0.0
10686.0,1965.0,34230.0,1.0,1.0,72.0,0.0,15.0,0.0,4.0,0.0,0.0,2.0,1.0,1.0,0.0,2.0,7.0,0.0,0.0,0.0,0.0,0.0,0.0,False,False,False,False,True,False,False,False,False,False,True,False,False,60.0,21.0,3.0,2.0
2546.0,1977.0,31878.0,0.0,1.0,7.0,0.0,23.0,4.0,5.0,10.0,5.0,23.0,1.0,1.0,0.0,4.0,3.0,0.0,0.0,0.0,0.0,0.0,0.0,True,False,False,False,False,False,False,False,False,True,False,False,False,48.0,70.0,5.0,1.0
3283.0,1972.0,70932.0,0.0,1.0,57.0,0.0,200.0,81.0,100.0,46.0,81.0,126.5,2.0,6.0,2.0,12.0,3.0,0.0,0.0,0.0,0.0,0.0,0.0,True,False,False,False,False,False,False,False,True,False,False,False,False,53.0,909.0,20.0,1.0
3138.0,1956.0,91249.0,0.0,0.0,84.0,0.0,1225.0,27.0,119.0,71.0,81.0,27.0,0.0,7.0,9.0,6.0,4.0,1.0,1.0,0.0,1.0,1.0,1.0,False,False,True,False,False,False,False,False,False,True,False,False,False,69.0,1676.0,22.0,0.0
4994.0,1943.0,77598.0,0.0,0.0,53.0,0.0,1193.0,33.0,281.0,120.5,66.0,33.0,1.0,7.0,5.0,13.0,3.0,0.0,0.0,0.0,0.0,1.0,0.0,False,False,False,True,False,False,False,False,False,True,False,False,False,82.0,1735.0,25.0,0.0
7966.0,1959.0,80982.0,1.0,1.0,48.0,1.0,505.0,81.0,401.0,104.0,22.0,22.0,3.0,11.0,5.0,11.0,5.0,0.0,0.0,0.0,0.0,0.0,0.0,False,False,True,False,False,False,False,False,False,True,False,False,False,66.0,1191.0,27.0,2.0
3112.0,1977.0,22701.0,1.0,0.0,2.0,0.0,2.0,4.0,9.0,0.0,4.0,5.0,1.0,1.0,0.0,3.0,5.0,0.0,0.0,0.0,0.0,0.0,0.0,False,False,False,True,False,False,False,False,True,False,False,False,False,48.0,24.0,4.0,1.0
10872.0,1969.0,55212.0,0.0,1.0,65.0,0.0,1103.0,0.0,45.0,0.0,0.0,34.0,3.0,4.0,2.0,11.0,8.0,0.0,1.0,0.0,1.0,0.0,0.0,False,False,False,False,True,False,False,False,True,False,False,False,False,56.0,1182.0,17.0,1.0
2181.0,1970.0,70617.0,0.0,0.0,45.0,0.0,353.0,61.0,556.0,40.0,46.0,27.0,1.0,3.0,3.0,7.0,2.0,0.0,0.0,0.0,0.0,0.0,0.0,False,False,True,False,False,False,False,False,True,False,False,False,False,55.0,1280.0,13.0,0.0
1867.0,1957.0,64849.0,0.0,0.0,42.0,0.0,652.0,48.0,350.0,94.0,81.0,108.0,1.0,9.0,3.0,6.0,5.0,0.0,0.0,0.0,0.0,0.0,1.0,False,False,True,False,False,False,False,False,False,True,False,False,False,68.0,1336.0,18.0,0.0
1518.0,1965.0,62694.0,1.0,1.0,29.0,0.0,379.0,6.0,157.0,25.0,81.0,91.0,5.0,9.0,3.0,7.0,7.0,0.0,0.0,0.0,0.0,0.0,0.0,False,False,True,False,False,False,False,False,True,False,False,False,False,60.0,749.0,19.0,2.0
5734.0,1974.0,61917.0,1.0,1.0,83.0,0.0,46.0,4.0,36.0,2.0,2.0,1.0,1.0,2.0,0.0,4.0,5.0,0.0,0.0,0.0,0.0,0.0,0.0,False,False,False,False,True,False,False,False,True,False,False,False,False,51.0,91.0,6.0,2.0
2878.0,1947.0,67472.0,0.0,1.0,93.0,0.0,162.0,31.0,127.0,8.0,17.0,69.0,2.0,4.0,2.0,7.0,3.0,0.0,0.0,0.0,0.0,0.0,0.0,False,False,False,False,True,False,False,False,True,False,False,False,False,78.0,414.0,13.0,1.0
1458.0,1982.0,21059.0,1.0,0.0,40.0,0.0,8.0,3.0,19.0,3.0,3.0,8.0,3.0,3.0,0.0,3.0,6.0,0.0,0.0,0.0,0.0,0.0,0.0,False,False,False,True,False,False,False,False,True,False,False,False,False,43.0,44.0,6.0,1.0
7007.0,1968.0,29543.0,2.0,0.0,47.0,0.0,17.0,3.0,18.0,3.0,4.0,18.0,2.0,3.0,1.0,2.0,7.0,0.0,0.0,0.0,0.0,0.0,0.0,False,False,False,True,False,False,False,False,True,False,False,False,False,57.0,63.0,6.0,2.0
6200.0,1951.0,75903.0,0.0,1.0,50.0,0.0,340.0,81.0,185.0,120.5,38.0,100.0,2.0,6.0,6.0,9.0,3.0,0.0,0.0,0.0,0.0,0.0,0.0,False,False,True,False,False,False,False,False,True,False,False,False,False,74.0,901.0,21.0,1.0
1403.0,1975.0,34984.0,1.0,1.0,40.0,0.0,8.0,4.0,15.0,3.0,5.0,3.0,2.0,1.0,0.0,3.0,7.0,0.0,0.0,0.0,0.0,0.0,0.0,True,False,False,False,False,False,False,False,False,False,True,False,False,50.0,38.0,4.0,2.0
4827.0,1956.0,54998.0,0.0,1.0,3.0,0.0,154.0,22.0,202.0,39.0,30.0,8.0,5.0,4.0,2.0,9.0,4.0,0.0,0.0,0.0,0.0,0.0,1.0,False,False,False,False,True,False,False,False,False,True,False,False,False,69.0,455.0,15.0,1.0
6250.0,1949.0,54356.0,0.0,1.0,62.0,0.0,710.0,15.0,30.0,20.0,0.0,0.0,3.0,11.0,2.0,8.0,8.0,0.0,0.0,0.0,0.0,0.0,1.0,False,False,False,False,True,False,False,False,False,False,False,True,False,76.0,775.0,21.0,1.0
9291.0,1959.0,34242.0,0.0,1.0,25.0,0.0,8.0,2.0,4.0,0.0,0.0,1.0,1.0,0.0,0.0,3.0,5.0,0.0,0.0,0.0,0.0,0.0,0.0,False,False,False,True,False,False,False,False,True,False,False,False,False,66.0,15.0,3.0,1.0
2478.0,1973.0,25410.0,1.0,0.0,48.0,0.0,2.0,2.0,4.0,13.0,13.0,4.0,1.0,1.0,0.0,4.0,4.0,0.0,0.0,0.0,0.0,0.0,0.0,False,False,True,False,False,False,False,False,True,False,False,False,False,52.0,38.0,5.0,1.0
1139.0,1984.0,73356.0,0.0,0.0,56.0,0.0,1050.0,14.0,322.0,0.0,14.0,112.0,1.0,5.0,10.0,5.0,2.0,1.0,0.0,1.0,0.0,1.0,1.0,False,False,False,False,True,False,False,False,True,False,False,False,False,41.0,1512.0,21.0,0.0
5138.0,1950.0,28320.0,0.0,1.0,68.0,0.0,19.0,1.0,14.0,3.0,2.0,4.0,1.0,1.0,0.0,3.0,8.0,0.0,0.0,0.0,0.0,0.0,0.0,False,False,True,False,False,False,False,False,False,False,True,False,False,75.0,43.0,4.0,1.0
5393.0,1977.0,23763.0,1.0,0.0,64.0,0.0,22.0,0.0,6.0,6.0,2.0,6.0,1.0,1.0,0.0,3.0,7.0,0.0,0.0,0.0,0.0,0.0,0.0,False,False,True,False,False,False,False,False,False,True,False,False,False,48.0,42.0,4.0,1.0
10413.0,1984.0,72570.0,0.0,0.0,67.0,0.0,274.0,81.0,216.0,120.5,81.0,126.5,1.0,4.0,6.0,12.0,1.0,0.0,0.0,0.0,0.0,0.0,0.0,False,False,True,False,False,False,False,False,True,False,False,False,False,41.0,1089.0,22.0,0.0
5015.0,1976.0,34529.0,1.0,0.0,94.0,0.0,68.0,6.0,38.0,3.0,6.0,41.0,2.0,2.0,2.0,3.0,7.0,0.0,0.0,0.0,0.0,0.0,0.0,False,False,False,True,False,False,False,False,True,False,False,False,False,49.0,162.0,7.0,1.0
10868.0,1951.0,70792.0,0.0,0.0,82.0,0.0,344.0,45.0,556.0,104.0,11.0,114.0,2.0,3.0,4.0,10.0,3.0,0.0,0.0,0.0,0.0,0.0,0.0,False,False,True,False,False,False,False,False,False,False,False,True,False,74.0,1272.0,17.0,0.0
10676.0,1982.0,63211.0,0.0,0.0,3.0,0.0,145.0,81.0,459.0,120.5,26.0,126.5,2.0,3.0,8.0,7.0,2.0,0.0,0.0,0.0,0.0,0.0,1.0,False,False,True,False,False,False,False,False,True,False,False,False,False,43.0,1173.0,18.0,0.0
2495.0,1974.0,83891.0,0.0,1.0,24.0,0.0,217.0,38.0,350.0,111.0,81.0,15.0,1.0,4.0,7.0,10.0,1.0,0.0,0.0,0.0,0.0,0.0,0.0,False,False,False,True,False,False,False,False,True,False,False,False,False,51.0,816.0,21.0,1.0
7842.0,1968.0,36065.0,1.0,1.0,54.0,0.0,18.0,7.0,34.0,10.0,2.0,3.0,3.0,3.0,0.0,3.0,8.0,0.0,0.0,0.0,0.0,0.0,0.0,False,False,True,False,False,False,False,False,False,True,False,False,False,57.0,74.0,6.0,2.0
9955.0,1954.0,39898.0,0.0,1.0,20.0,0.0,69.0,8.0,26.0,12.0,7.0,12.0,2.0,3.0,0.0,4.0,7.0,0.0,0.0,0.0,0.0,0.0,0.0,False,False,True,False,False,False,False,False,False,False,True,False,False,71.0,134.0,7.0,1.0
6663.0,1940.0,51141.0,0.0,0.0,96.0,0.0,144.0,0.0,7.0,0.0,0.0,6.0,1.0,3.0,1.0,4.0,5.0,0.0,0.0,0.0,0.0,0.0,0.0,False,False,False,False,True,False,False,False,False,True,False,False,False,85.0,157.0,8.0,0.0
2162.0,1976.0,56939.0,0.0,1.0,19.0,0.0,256.0,34.0,103.0,90.0,29.0,49.0,2.0,3.0,3.0,10.0,3.0,0.0,0.0,0.0,0.0,0.0,0.0,False,False,True,False,False,False,False,False,True,False,False,False,False,49.0,561.0,16.0,1.0
3434.0,1951.0,80872.0,0.0,0.0,60.0,0.0,483.0,72.0,556.0,94.0,12.0,108.0,1.0,4.0,4.0,10.0,1.0,0.0,0.0,0.0,0.0,0.0,0.0,False,False,True,False,False,False,False,False,False,True,False,False,False,74.0,1336.0,18.0,0.0
7919.0,1976.0,72335.0,0.0,0.0,2.0,0.0,1225.0,81.0,556.0,28.0,21.0,0.0,1.0,10.0,4.0,8.0,8.0,0.0,0.0,0.0,0.0,0.0,1.0,False,False,False,False,True,False,False,False,False,False,True,False,False,49.0,2092.0,22.0,0.0
5626.0,1964.0,61798.0,0.0,0.0,13.0,0.0,338.0,4.0,89.0,11.0,8.0,13.0,1.0,4.0,2.0,9.0,4.0,0.0,0.0,0.0,0.0,0.0,0.0,False,False,False,False,True,False,False,False,False,True,False,False,False,61.0,463.0,15.0,0.0
6428.0,1950.0,76842.0,0.0,0.0,37.0,0.0,605.0,10.0,345.0,84.0,54.0,32.0,1.0,1.0,8.0,7.0,0.0,0.0,0.0,0.0,0.0,0.0,0.0,False,False,False,False,True,False,False,False,False,False,False,True,False,75.0,1130.0,16.0,0.0
8514.0,1976.0,29478.0,1.0,0.0,59.0,0.0,8.0,0.0,7.0,3.0,1.0,1.0,1.0,1.0,0.0,3.0,6.0,0.0,0.0,0.0,0.0,0.0,0.0,False,False,True,False,False,False,False,False,False,False,True,False,False,49.0,20.0,4.0,1.0
10448.0,1956.0,46998.0,0.0,1.0,55.0,0.0,172.0,41.0,86.0,45.0,6.0,27.0,5.0,5.0,3.0,5.0,7.0,0.0,0.0,1.0,0.0,0.0,0.0,False,False,True,False,False,False,False,False,False,True,False,False,False,69.0,377.0,13.0,1.0
2109.0,1990.0,96843.0,0.0,0.0,60.0,0.0,448.0,71.0,556.0,40.0,17.0,17.0,1.0,6.0,10.0,10.0,2.0,0.0,0.0,0.0,0.0,1.0,1.0,False,False,True,False,False,False,False,False,False,True,False,False,False,35.0,1544.0,27.0,0.0
7530.0,1950.0,56551.0,1.0,1.0,48.0,0.0,67.0,4.0,32.0,17.0,2.0,16.0,3.0,2.0,1.0,4.0,4.0,0.0,0.0,0.0,0.0,0.0,0.0,False,False,False,False,True,False,False,False,False,False,False,True,False,75.0,138.0,7.0,2.0
8925.0,1965.0,70053.0,0.0,1.0,38.0,0.0,512.0,53.0,98.0,81.0,81.0,89.0,3.0,8.0,5.0,10.0,5.0,0.0,0.0,0.0,0.0,0.0,0.0,False,False,False,True,False,False,False,False,True,False,False,False,False,60.0,1012.0,23.0,1.0
3009.0,1962.0,71670.0,0.0,0.0,8.0,0.0,1225.0,16.0,128.0,0.0,0.0,126.5,1.0,5.0,3.0,6.0,6.0,0.0,1.0,0.0,1.0,1.0,1.0,False,False,False,False,True,False,False,False,False,False,False,True,False,63.0,1766.0,14.0,0.0
6355.0,1978.0,44359.0,1.0,1.0,19.0,0.0,20.0,0.0,14.0,7.0,3.0,1.0,3.0,2.0,0.0,4.0,3.0,0.0,0.0,0.0,0.0,0.0,0.0,False,False,True,False,False,False,False,False,True,False,False,False,False,47.0,45.0,6.0,2.0
3517.0,1952.0,40887.0,1.0,0.6383104585066235,32.0,0.0,50.0,4.0,44.0,10.0,10.0,43.0,3.0,3.0,1.0,3.0,9.0,0.0,0.0,0.0,0.0,0.0,1.0,False,False,True,False,False,False,False,False,False,True,False,False,False,73.0,161.0,7.0,1.6383104585066235
1158.0,1966.0,48877.0,0.0,1.0,27.0,0.0,102.0,1.0,15.0,2.0,0.0,24.0,1.0,3.0,0.0,4.0,7.0,0.0,0.0,0.0,0.0,0.0,0.0,False,False,True,False,False,False,False,True,False,False,False,False,False,59.0,144.0,7.0,1.0
6203.0,1947.0,74485.0,0.0,0.0,58.0,0.0,499.0,81.0,556.0,120.5,49.0,49.0,1.0,6.0,7.0,12.0,3.0,0.0,0.0,0.0,0.0,0.0,0.0,False,False,True,False,False,False,False,False,False,False,True,False,False,78.0,1734.0,25.0,0.0
7165.0,1972.0,64474.0,0.0,1.0,59.0,0.0,381.0,35.0,172.0,56.0,81.0,93.0,2.0,8.0,2.0,10.0,5.0,0.0,0.0,0.0,0.0,0.0,0.0,False,False,True,False,False,False,False,False,False,False,True,False,False,53.0,823.0,20.0,1.0
3595.0,1963.0,77226.0,0.0,1.0,29.0,0.0,631.0,43.0,239.0,120.5,76.0,21.0,2.0,6.0,8.0,12.0,3.0,0.0,0.0,0.0,0.0,0.0,0.0,False,False,True,False,False,False,False,False,False,False,True,False,False,62.0,1138.0,26.0,1.0
8537.0,1949.0,72643.0,0.0,0.0,60.0,0.0,526.0,80.0,553.0,120.5,81.0,53.0,1.0,3.0,10.0,7.0,2.0,1.0,0.0,0.0,0.0,0.0,1.0,False,False,True,False,False,False,False,False,False,False,False,True,False,76.0,1429.0,20.0,0.0
4331.0,1978.0,85738.0,0.0,0.0,41.0,0.0,913.0,26.0,376.0,17.0,26.0,13.0,1.0,3.0,6.0,11.0,1.0,0.0,0.0,0.0,1.0,1.0,0.0,False,False,False,True,False,False,False,False,False,False,True,False,False,47.0,1371.0,20.0,0.0
6281.0,1966.0,55686.0,0.0,1.0,27.0,0.0,673.0,0.0,199.0,37.0,47.0,26.0,2.0,6.0,3.0,5.0,4.0,0.0,0.0,1.0,0.0,0.0,0.0,False,False,True,False,False,False,False,True,False,False,False,False,False,59.0,982.0,14.0,1.0
4338.0,1983.0,39062.0,1.0,0.0,28.0,0.0,23.0,0.0,9.0,0.0,0.0,12.0,1.0,1.0,0.0,3.0,4.0,0.0,0.0,1.0,0.0,0.0,0.0,False,False,True,False,False,False,False,False,False,True,False,False,False,42.0,44.0,4.0,1.0
2452.0,1971.0,34600.0,1.0,1.0,8.0,0.0,199.0,33.0,60.0,8.0,3.0,15.0,5.0,5.0,2.0,5.0,8.0,0.0,0.0,0.0,0.0,0.0,1.0,False,False,True,False,False,False,False,False,False,False,True,False,False,54.0,318.0,12.0,2.0
9507.0,1975.0,40794.0,0.0,1.0,18.0,0.0,261.0,23.0,73.0,4.0,23.0,50.0,2.0,6.0,3.0,5.0,7.0,0.0,0.0,0.0,0.0,0.0,0.0,False,False,True,False,False,False,False,False,True,False,False,False,False,50.0,434.0,14.0,1.0
8360.0,1971.0,54690.0,1.0,1.0,76.0,0.0,111.0,16.0,37.0,7.0,9.0,18.0,3.0,3.0,1.0,5.0,3.0,0.0,0.0,0.0,0.0,0.0,0.0,True,False,False,False,False,False,False,False,True,False,False,False,False,54.0,198.0,9.0,2.0
10311.0,1969.0,4428.0,0.0,1.0,0.0,0.0,16.0,4.0,12.0,2.0,4.0,126.5,0.0,12.0,0.0,0.0,1.0,0.0,0.0,0.0,0.0,0.0,0.0,False,False,True,False,False,False,False,False,True,False,False,False,False,56.0,359.0,25.0,1.0
5117.0,1963.0,32632.0,0.0,0.0,32.0,0.0,63.0,81.0,137.0,120.5,19.0,53.0,2.0,4.0,4.0,8.0,5.0,0.0,0.0,0.0,0.0,0.0,0.0,True,False,False,False,False,False,False,False,True,False,False,False,False,62.0,576.0,16.0,0.0
4867.0,1968.0,38236.0,1.0,1.0,2.0,0.0,58.0,0.0,18.0,2.0,0.0,10.0,4.0,3.0,0.0,4.0,7.0,0.0,0.0,0.0,0.0,0.0,0.0,False,False,False,False,True,False,False,False,False,True,False,False,False,57.0,88.0,7.0,2.0
9289.0,1979.0,36781.0,1.0,0.0,16.0,0.0,29.0,1.0,17.0,0.0,3.0,13.0,1.0,2.0,1.0,2.0,8.0,0.0,0.0,0.0,0.0,0.0,1.0,False,False,True,False,False,False,False,False,True,False,False,False,False,46.0,63.0,5.0,1.0
10913.0,1984.0,31385.0,1.0,0.0,56.0,0.0,3.0,2.0,12.0,0.0,1.0,9.0,1.0,1.0,0.0,2.0,8.0,0.0,0.0,1.0,0.0,0.0,1.0,False,False,False,True,False,False,False,False,False,True,False,False,False,41.0,27.0,3.0,1.0
3032.0,1984.0,24570.0,1.0,0.0,97.0,0.0,28.0,34.0,62.0,11.0,14.0,44.0,3.0,4.0,0.0,4.0,9.0,0.0,0.0,0.0,0.0,0.0,0.0,False,False,True,False,False,False,False,False,True,False,False,False,False,41.0,193.0,8.0,1.0
8524.0,1974.0,25509.0,1.0,0.0,15.0,0.0,40.0,3.0,30.0,10.0,7.0,11.0,3.0,3.0,0.0,3.0,9.0,0.0,0.0,0.0,0.0,0.0,1.0,False,False,False,False,True,False,False,True,False,False,False,False,False,51.0,101.0,6.0,1.0
3334.0,1951.0,94642.0,0.0,0.0,35.0,0.0,879.0,81.0,556.0,106.0,81.0,126.5,0.0,5.0,7.0,9.0,1.0,1.0,0.0,0.0,0.0,1.0,0.0,False,False,True,False,False,False,False,False,True,False,False,False,False,74.0,2211.0,21.0,0.0
4470.0,1962.0,58646.0,0.0,1.0,3.0,0.0,62.0,1.0,44.0,6.0,5.0,22.0,1.0,2.0,1.0,4.0,4.0,0.0,0.0,0.0,0.0,0.0,0.0,False,False,False,True,False,False,False,False,True,False,False,False,False,63.0,140.0,7.0,1.0
1406.0,1975.0,53201.0,1.0,1.0,49.0,0.0,280.0,7.0,81.0,20.0,0.0,27.0,6.0,6.0,3.0,5.0,7.0,0.0,0.0,0.0,0.0,0.0,0.0,False,False,True,False,False,False,False,False,False,True,False,False,False,50.0,415.0,14.0,2.0
8619.0,1957.0,21994.0,0.0,1.0,4.0,0.0,9.0,0.0,6.0,3.0,1.0,3.0,1.0,0.0,0.0,3.0,5.0,0.0,0.0,0.0,0.0,0.0,0.0,False,False,True,False,False,False,False,False,False,False,True,False,False,68.0,22.0,3.0,1.0
10821.0,1978.0,57113.0,1.0,1.0,45.0,0.0,182.0,4.0,33.0,0.0,2.0,42.0,6.0,4.0,1.0,5.0,7.0,0.0,0.0,0.0,0.0,0.0,0.0,False,False,True,False,False,False,False,False,True,False,False,False,False,47.0,263.0,10.0,2.0
4552.0,1991.0,51373.0,0.0,0.0,37.0,0.0,83.0,2.0,101.0,64.0,26.0,117.0,1.0,3.0,5.0,3.0,4.0,0.0,0.0,0.0,0.0,0.0,0.0,False,False,True,False,False,False,False,False,True,False,False,False,False,34.0,393.0,11.0,0.0
898.0,1986.0,23477.0,1.0,0.0,39.0,0.0,38.0,15.0,54.0,3.0,8.0,29.0,3.0,3.0,0.0,4.0,8.0,0.0,0.0,0.0,0.0,0.0,0.0,False,False,True,False,False,False,False,False,True,False,False,False,False,39.0,147.0,7.0,1.0
9797.0,1956.0,58116.0,0.0,1.0,38.0,0.0,228.0,19.0,130.0,4.0,11.0,51.0,2.0,3.0,3.0,8.0,2.0,0.0,0.0,0.0,0.0,0.0,0.0,False,False,True,False,False,False,False,False,True,False,False,False,False,69.0,443.0,14.0,1.0
10949.0,1963.0,72968.0,0.0,0.0,8.0,0.0,1092.0,37.0,556.0,120.5,37.0,55.0,1.0,5.0,5.0,8.0,3.0,1.0,0.0,0.0,0.0,0.0,1.0,False,False,False,False,True,False,False,True,False,False,False,False,False,62.0,1958.0,18.0,0.0
8212.0,1971.0,39791.0,0.0,1.0,89.0,0.0,85.0,15.0,27.0,13.0,13.0,21.0,2.0,3.0,1.0,4.0,7.0,0.0,0.0,0.0,0.0,0.0,0.0,False,False,False,True,False,False,False,False,True,False,False,False,False,54.0,174.0,8.0,1.0
6248.0,1947.0,91712.0,0.0,0.0,47.0,0.0,1225.0,24.0,556.0,94.0,29.0,48.0,0.0,9.0,7.0,11.0,3.0,0.0,0.0,0.0,0.0,1.0,1.0,False,False,False,True,False,False,False,False,False,True,False,False,False,78.0,2217.0,27.0,0.0
10164.0,1958.0,94472.0,0.0,1.0,75.0,0.0,1017.0,33.0,417.0,108.0,81.0,16.0,1.0,5.0,5.0,5.0,5.0,0.0,0.0,0.0,1.0,1.0,0.0,False,False,True,False,False,False,False,False,False,True,False,False,False,67.0,1691.0,15.0,1.0
4547.0,1960.0,13672.0,1.0,1.0,86.0,0.0,6.0,2.0,9.0,2.0,1.0,5.0,2.0,1.0,0.0,3.0,8.0,0.0,0.0,0.0,0.0,0.0,0.0,False,False,True,False,False,False,False,False,False,False,True,False,False,65.0,25.0,4.0,2.0
6815.0,1980.0,96547.0,0.0,0.0,4.0,0.0,448.0,21.0,125.0,52.0,81.0,62.0,0.0,7.0,6.0,8.0,2.0,1.0,0.0,1.0,0.0,1.0,1.0,True,False,False,False,False,False,False,False,True,False,False,False,False,45.0,809.0,21.0,0.0
4122.0,1975.0,79205.0,0.0,0.0,73.0,0.0,504.0,23.0,117.0,120.5,28.0,44.0,1.0,6.0,5.0,4.0,4.0,1.0,0.0,0.0,0.0,0.0,1.0,False,False,True,False,False,False,False,False,True,False,False,False,False,50.0,895.0,15.0,0.0
10841.0,1975.0,56559.0,0.0,1.0,46.0,0.0,226.0,22.0,133.0,41.0,31.0,31.0,3.0,4.0,3.0,8.0,4.0,0.0,0.0,0.0,0.0,0.0,0.0,False,False,False,False,True,False,False,False,False,False,True,False,False,50.0,484.0,15.0,1.0
5370.0,1973.0,32644.0,1.0,0.6402405492321463,38.0,0.0,239.0,3.0,141.0,0.0,7.0,23.0,4.0,7.0,1.0,6.0,8.0,0.0,0.0,1.0,0.0,0.0,0.0,False,False,False,False,True,False,False,False,True,False,False,False,False,52.0,413.0,14.0,1.6402405492321463
176.0,1980.0,67506.0,0.0,1.0,73.0,0.0,90.0,38.0,67.0,33.0,36.0,67.0,1.0,4.0,1.0,6.0,3.0,0.0,0.0,0.0,0.0,0.0,0.0,True,False,False,False,False,False,False,False,False,True,False,False,False,45.0,331.0,11.0,1.0
4860.0,1970.0,24206.0,1.0,0.0,66.0,0.0,7.0,2.0,8.0,3.0,2.0,3.0,1.0,1.0,0.0,3.0,6.0,0.0,0.0,0.0,0.0,0.0,0.0,False,False,True,False,False,False,False,False,False,True,False,False,False,55.0,25.0,4.0,1.0
10757.0,1967.0,28420.0,1.0,0.0,36.0,0.0,4.0,2.0,5.0,2.0,0.0,0.0,1.0,1.0,0.0,2.0,6.0,0.0,0.0,0.0,0.0,0.0,0.0,False,False,False,False,True,False,False,True,False,False,False,False,False,58.0,13.0,3.0,1.0
4023.0,1970.0,22979.0,1.0,0.0,29.0,0.0,16.0,17.0,19.0,20.0,21.0,22.0,3.0,3.0,2.0,2.0,8.0,0.0,0.0,0.0,0.0,0.0,1.0,False,False,True,False,False,False,False,False,True,False,False,False,False,55.0,115.0,7.0,1.0
6679.0,1966.0,33279.0,0.0,0.0,29.0,0.0,10.0,3.0,3.0,0.0,0.0,0.0,1.0,0.0,0.0,3.0,3.0,0.0,0.0,0.0,0.0,0.0,0.0,False,False,True,False,False,False,False,False,False,True,False,False,False,59.0,16.0,3.0,0.0
9923.0,1972.0,46423.0,1.0,1.0,6.0,0.0,68.0,0.0,16.0,0.0,0.0,8.0,3.0,2.0,0.0,4.0,7.0,0.0,0.0,0.0,0.0,0.0,0.0,False,False,False,True,False,False,False,False,False,True,False,False,False,53.0,92.0,6.0,2.0
7181.0,1977.0,30368.0,0.0,1.0,97.0,0.0,35.0,0.0,13.0,2.0,0.0,2.0,2.0,2.0,0.0,3.0,8.0,0.0,0.0,0.0,0.0,0.0,0.0,False,False,True,False,False,False,False,False,True,False,False,False,False,48.0,52.0,5.0,1.0
3599.0,1970.0,63684.0,0.0,1.0,61.0,0.0,575.0,80.0,428.0,120.5,81.0,80.0,3.0,8.0,4.0,8.0,5.0,0.0,0.0,0.0,0.0,0.0,0.0,False,False,True,False,False,False,False,False,True,False,False,False,False,55.0,1464.0,20.0,1.0
405.0,1964.0,41638.0,0.0,1.0,68.0,0.0,315.0,0.0,31.0,4.0,0.0,91.0,4.0,5.0,5.0,3.0,8.0,0.0,0.0,1.0,0.0,0.0,0.0,False,False,True,False,False,False,False,True,False,False,False,False,False,61.0,441.0,13.0,1.0
6870.0,1959.0,68805.0,0.0,1.0,73.0,0.0,182.0,2.0,49.0,17.0,13.0,20.0,1.0,3.0,1.0,7.0,2.0,0.0,0.0,0.0,0.0,0.0,0.0,False,False,False,False,True,False,False,True,False,False,False,False,False,66.0,283.0,11.0,1.0
832.0,1966.0,65814.0,0.0,1.0,90.0,0.0,561.0,14.0,113.0,10.0,14.0,35.0,3.0,8.0,2.0,10.0,5.0,0.0,0.0,0.0,0.0,0.0,0.0,False,False,False,False,True,False,False,False,False,False,True,False,False,59.0,747.0,20.0,1.0
2002.0,1958.0,71964.0,0.0,0.0,81.0,0.0,587.0,51.0,556.0,120.5,34.0,86.0,1.0,5.0,6.0,5.0,3.0,0.0,0.0,0.0,0.0,0.0,0.0,False,False,True,False,False,False,False,True,False,False,False,False,False,67.0,1870.0,16.0,0.0
3657.0,1986.0,39146.0,1.0,0.37654747814812595,1.0,0.0,94.0,1.0,33.0,13.0,12.0,12.0,3.0,4.0,0.0,4.0,8.0,0.0,0.0,0.0,0.0,0.0,0.0,False,False,True,False,False,False,False,False,False,True,False,False,False,39.0,165.0,8.0,1.376547478148126
500.0,1977.0,96876.0,0.0,0.0,79.0,0.0,908.0,43.0,556.0,40.0,81.0,21.0,1.0,7.0,7.0,9.0,2.0,1.0,0.0,0.0,1.0,1.0,1.0,False,False,True,False,False,False,False,False,False,False,True,False,False,48.0,1941.0,23.0,0.0
1951.0,1981.0,34445.0,0.0,0.0,92.0,0.0,228.0,81.0,122.0,120.5,81.0,30.0,6.0,11.0,2.0,8.0,9.0,0.0,0.0,0.0,0.0,0.0,0.0,False,True,False,False,False,False,False,False,True,False,False,False,False,44.0,839.0,21.0,0.0
3262.0,1958.0,68281.0,0.0,0.0,31.0,0.0,995.0,81.0,417.0,42.0,48.0,41.0,1.0,2.0,9.0,13.0,5.0,0.0,0.0,0.0,0.0,0.0,1.0,False,False,True,False,False,False,False,False,False,True,False,False,False,67.0,1655.0,24.0,0.0
4102.0,1975.0,37284.0,1.0,1.0,46.0,0.0,11.0,1.0,2.0,2.0,1.0,6.0,1.0,0.0,0.0,3.0,6.0,0.0,0.0,0.0,0.0,0.0,0.0,True,False,False,False,False,False,False,False,True,False,False,False,False,50.0,23.0,3.0,2.0
7042.0,1983.0,36790.0,0.0,0.0,14.0,0.0,3.0,3.0,14.0,15.0,21.0,10.0,1.0,2.0,1.0,2.0,9.0,0.0,0.0,0.0,0.0,0.0,1.0,False,False,True,False,False,False,False,False,True,False,False,False,False,42.0,66.0,5.0,0.0
10598.0,1967.0,27943.0,1.0,1.0,89.0,0.0,12.0,1.0,16.0,4.0,1.0,3.0,3.0,2.0,0.0,3.0,8.0,0.0,0.0,0.0,0.0,0.0,0.0,False,False,True,False,False,False,False,False,False,False,True,False,False,58.0,37.0,5.0,2.0
255.0,1951.0,22263.0,1.0,1.0,31.0,1.0,17.0,0.0,2.0,0.0,0.0,2.0,2.0,1.0,0.0,3.0,6.0,0.0,0.0,0.0,0.0,0.0,0.0,False,False,True,False,False,False,False,True,False,False,False,False,False,74.0,21.0,4.0,2.0
2375.0,1972.0,30261.0,1.0,0.2902722732660017,75.0,0.0,8.0,0.0,5.0,0.0,3.0,6.0,1.0,0.0,0.0,3.0,8.0,0.0,0.0,0.0,0.0,0.0,0.0,False,False,True,False,False,False,False,False,False,False,True,False,False,53.0,22.0,3.0,1.2902722732660017
9829.0,1978.0,28587.0,1.0,0.0,42.0,0.0,22.0,4.0,17.0,12.0,10.0,13.0,3.0,2.0,0.0,4.0,6.0,0.0,0.0,0.0,0.0,0.0,0.0,False,False,True,False,False,False,False,False,False,False,True,False,False,47.0,78.0,6.0,1.0
6214.0,1982.0,43815.0,1.0,0.0,53.0,0.0,14.0,10.0,29.0,4.0,7.0,15.0,1.0,2.0,0.0,3.0,6.0,0.0,0.0,0.0,0.0,0.0,0.0,False,False,True,False,False,False,False,False,True,False,False,False,False,43.0,79.0,5.0,1.0
4954.0,1956.0,48195.0,1.0,1.0,53.0,0.0,106.0,27.0,68.0,52.0,7.0,5.0,6.0,4.0,2.0,5.0,6.0,0.0,0.0,0.0,0.0,0.0,0.0,False,False,True,False,False,False,False,False,True,False,False,False,False,69.0,265.0,11.0,2.0
7861.0,1952.0,77027.0,0.0,1.0,23.0,0.0,820.0,57.0,242.0,45.0,0.0,11.0,2.0,8.0,3.0,6.0,4.0,0.0,0.0,0.0,0.0,0.0,0.0,False,False,False,True,False,False,False,False,True,False,False,False,False,73.0,1175.0,17.0,1.0
4837.0,1965.0,71322.0,0.0,1.0,57.0,0.0,753.0,43.0,226.0,69.0,10.0,126.5,2.0,8.0,5.0,13.0,4.0,0.0,0.0,0.0,0.0,0.0,0.0,False,False,False,False,True,False,False,False,True,False,False,False,False,60.0,1305.0,26.0,1.0
9423.0,1979.0,32765.0,1.0,0.0,49.0,0.0,13.0,3.0,17.0,7.0,3.0,3.0,2.0,2.0,0.0,4.0,5.0,0.0,0.0,0.0,0.0,0.0,0.0,False,False,False,True,False,False,False,False,True,False,False,False,False,46.0,46.0,6.0,1.0
4198.0,1965.0,29672.0,1.0,1.0,6.0,0.0,9.0,1.0,3.0,0.0,4.0,8.0,1.0,0.0,0.0,3.0,6.0,0.0,0.0,0.0,0.0,0.0,0.0,False,False,True,False,False,False,False,False,False,False,True,False,False,60.0,25.0,3.0,2.0
153.0,1953.0,23272.0,0.0,0.0,29.0,0.0,19.0,3.0,6.0,4.0,2.0,12.0,1.0,1.0,0.0,3.0,4.0,0.0,0.0,0.0,0.0,0.0,0.0,False,False,True,False,False,False,False,True,False,False,False,False,False,72.0,46.0,4.0,0.0
9323.0,1949.0,49912.0,0.0,1.0,5.0,0.0,520.0,8.0,223.0,32.0,49.0,42.0,4.0,10.0,5.0,7.0,8.0,0.0,0.0,1.0,0.0,0.0,1.0,False,False,False,True,False,False,False,False,False,False,True,False,False,76.0,874.0,22.0,1.0
10001.0,1985.0,7500.0,1.0,0.0,98.0,0.0,5.0,17.0,17.0,13.0,14.0,34.0,4.0,2.0,1.0,3.0,9.0,0.0,0.0,0.0,0.0,0.0,0.0,True,False,False,False,False,False,False,False,False,False,True,False,False,40.0,100.0,6.0,1.0
3945.0,1947.0,68117.0,0.0,1.0,80.0,0.0,618.0,44.0,215.0,0.0,17.0,36.0,2.0,11.0,8.0,4.0,6.0,0.0,0.0,1.0,0.0,0.0,1.0,False,False,False,False,True,False,False,False,False,False,False,True,False,78.0,930.0,23.0,1.0
3799.0,1955.0,67225.0,0.0,1.0,4.0,0.0,315.0,35.0,322.0,46.0,7.0,126.5,3.0,7.0,2.0,11.0,5.0,0.0,0.0,0.0,0.0,0.0,0.0,False,False,True,False,False,False,False,False,True,False,False,False,False,70.0,868.0,20.0,1.0
8625.0,1976.0,17649.0,1.0,0.0,70.0,0.0,15.0,1.0,23.0,0.0,5.0,1.0,3.0,3.0,0.0,3.0,8.0,0.0,0.0,0.0,0.0,0.0,0.0,False,False,True,False,False,False,False,False,True,False,False,False,False,49.0,45.0,6.0,1.0
3491.0,1975.0,55914.0,0.0,1.0,32.0,0.0,384.0,60.0,364.0,119.0,81.0,126.5,4.0,11.0,6.0,8.0,7.0,0.0,0.0,0.0,0.0,0.0,0.0,False,False,True,False,False,False,False,False,False,False,True,False,False,50.0,1260.0,25.0,1.0
983.0,1984.0,40059.0,1.0,0.0,82.0,0.0,110.0,29.0,92.0,28.0,10.0,126.5,1.0,6.0,2.0,3.0,8.0,0.0,0.0,1.0,0.0,0.0,0.0,False,False,True,False,False,False,False,False,True,False,False,False,False,41.0,414.0,11.0,1.0
9119.0,1950.0,60905.0,0.0,1.0,27.0,0.0,208.0,17.0,76.0,36.0,17.0,38.0,2.0,3.0,3.0,7.0,2.0,0.0,0.0,0.0,0.0,0.0,0.0,False,False,True,False,False,False,False,False,False,False,True,False,False,75.0,392.0,13.0,1.0
4786.0,1977.0,75330.0,1.0,1.0,94.0,0.0,555.0,81.0,257.0,93.0,61.0,61.0,4.0,10.0,3.0,12.0,6.0,0.0,0.0,0.0,0.0,0.0,0.0,False,False,True,False,False,False,False,False,True,False,False,False,False,48.0,1109.0,25.0,2.0
5872.0,1951.0,60689.0,0.0,1.0,23.0,0.0,240.0,81.0,216.0,63.0,6.0,24.0,4.0,4.0,4.0,10.0,3.0,0.0,0.0,0.0,0.0,0.0,0.0,False,False,True,False,False,False,False,False,False,True,False,False,False,74.0,639.0,18.0,1.0
6568.0,1984.0,38680.0,1.0,0.0,97.0,0.0,11.0,0.0,36.0,15.0,5.0,12.0,1.0,2.0,0.0,3.0,7.0,0.0,0.0,0.0,0.0,0.0,0.0,False,False,True,False,False,False,False,False,True,False,False,False,False,41.0,79.0,5.0,1.0
5628.0,1982.0,61416.0,0.0,0.0,25.0,0.0,848.0,81.0,323.0,120.5,61.0,78.0,1.0,10.0,3.0,10.0,6.0,0.0,0.0,1.0,0.0,0.0,0.0,False,False,True,False,False,False,False,False,False,False,True,False,False,43.0,1665.0,23.0,0.0
5631.0,1991.0,53675.70380047981,0.0,0.0,92.0,0.0,202.0,47.0,197.0,55.0,42.0,126.5,1.0,5.0,4.0,8.0,4.0,0.0,0.0,0.0,0.0,0.0,0.0,False,False,True,False,False,False,False,False,False,True,False,False,False,34.0,692.0,17.0,0.0
4974.0,1970.0,83273.0,1.0,2.0,98.0,0.0,433.0,81.0,556.0,16.0,81.0,102.0,6.0,4.0,6.0,9.0,7.0,0.0,0.0,0.0,0.0,0.0,0.0,False,False,True,False,False,False,False,False,False,True,False,False,False,55.0,1392.0,19.0,2.5
8416.0,1981.0,29009.0,1.0,0.0,19.0,0.0,6.0,6.0,15.0,10.0,5.0,2.0,2.0,2.0,0.0,3.0,6.0,0.0,0.0,0.0,0.0,0.0,0.0,False,False,True,False,False,False,False,False,True,False,False,False,False,44.0,44.0,5.0,1.0
5454.0,1979.0,45057.0,1.0,0.0,80.0,0.0,37.0,0.0,7.0,3.0,0.0,3.0,1.0,2.0,0.0,3.0,5.0,0.0,0.0,0.0,0.0,0.0,0.0,False,False,False,True,False,False,False,False,True,False,False,False,False,46.0,50.0,5.0,1.0
4095.0,1971.0,37150.0,1.0,0.0,80.0,0.0,167.0,37.0,64.0,49.0,34.0,116.0,6.0,4.0,3.0,6.0,7.0,0.0,0.0,0.0,0.0,0.0,0.0,False,False,True,False,False,False,False,False,True,False,False,False,False,54.0,467.0,13.0,1.0
5474.0,1970.0,43020.0,1.0,0.0,79.0,0.0,45.0,7.0,99.0,4.0,25.0,43.0,3.0,4.0,1.0,4.0,6.0,0.0,0.0,0.0,0.0,0.0,0.0,False,False,True,False,False,False,False,False,False,True,False,False,False,55.0,223.0,9.0,1.0
4268.0,1959.0,53154.0,0.0,1.0,50.0,0.0,129.0,0.0,21.0,0.0,1.0,7.0,1.0,3.0,1.0,4.0,4.0,0.0,0.0,0.0,0.0,0.0,0.0,False,False,True,False,False,False,False,False,True,False,False,False,False,66.0,158.0,8.0,1.0
10701.0,1973.0,65308.0,0.0,0.0,60.0,0.0,713.0,0.0,264.0,120.0,80.0,34.0,1.0,7.0,8.0,12.0,4.0,1.0,0.0,0.0,0.0,1.0,0.0,False,False,True,False,False,False,False,False,True,False,False,False,False,52.0,1211.0,27.0,0.0
3507.0,1970.0,76467.0,1.0,0.0,44.0,0.0,676.0,81.0,426.0,120.5,44.0,58.0,2.0,2.0,5.0,5.0,6.0,0.0,0.0,0.0,0.0,0.0,1.0,False,False,True,False,False,False,False,False,False,True,False,False,False,55.0,1575.0,12.0,1.0
2079.0,1947.0,81044.0,0.0,0.0,0.0,0.0,450.0,26.0,535.0,73.0,81.0,26.0,1.0,5.0,6.0,10.0,1.0,0.0,0.0,0.0,0.0,0.0,0.0,True,False,False,False,False,False,False,False,True,False,False,False,False,78.0,1208.0,21.0,0.0
626.0,1951.0,32871.0,1.0,1.0,28.0,0.0,22.0,2.0,12.0,0.0,2.0,5.0,1.0,1.0,0.0,3.0,4.0,0.0,0.0,0.0,0.0,0.0,0.0,False,False,True,False,False,False,False,False,True,False,False,False,False,74.0,43.0,4.0,2.0
4426.0,1975.0,55801.0,1.0,1.0,35.0,0.0,367.0,4.0,51.0,6.0,4.0,95.0,6.0,7.0,2.0,6.0,7.0,1.0,0.0,0.0,0.0,0.0,0.0,False,False,True,False,False,False,False,False,False,True,False,False,False,50.0,527.0,15.0,2.0
2591.0,1959.0,76320.0,0.0,1.0,49.0,0.0,526.0,35.0,214.0,69.0,53.0,35.0,2.0,6.0,3.0,4.0,2.0,0.0,0.0,0.0,0.0,0.0,0.0,False,False,True,False,False,False,False,False,False,False,False,True,False,66.0,932.0,13.0,1.0
10509.0,1955.0,36927.0,1.0,1.0,46.0,0.0,51.0,0.0,16.0,0.0,0.0,4.0,2.0,3.0,0.0,3.0,8.0,0.0,0.0,0.0,0.0,0.0,0.0,False,False,False,True,False,False,False,False,False,True,False,False,False,70.0,71.0,6.0,2.0
6382.0,1953.0,48794.0,1.0,1.0,97.0,0.0,25.0,0.0,11.0,3.0,0.0,15.0,1.0,1.0,0.0,3.0,4.0,0.0,0.0,0.0,0.0,0.0,0.0,False,False,True,False,False,False,False,False,False,False,True,False,False,72.0,54.0,4.0,2.0
6673.0,1965.0,23478.0,0.0,0.0,51.0,0.0,28.0,6.0,27.0,12.0,17.0,39.0,1.0,3.0,0.0,3.0,8.0,0.0,0.0,0.0,0.0,0.0,0.0,False,False,True,False,False,False,False,False,False,True,False,False,False,60.0,129.0,6.0,0.0
7441.0,1973.0,67486.5877261693,1.0,0.0,80.0,0.0,958.0,81.0,447.0,20.0,0.0,31.0,3.0,2.0,10.0,12.0,7.0,0.0,0.0,0.0,0.0,0.0,0.0,False,False,True,False,False,False,False,True,False,False,False,False,False,52.0,1615.0,24.0,1.0
1071.0,1976.0,70179.0,0.0,1.0,10.0,0.0,532.0,81.0,168.0,69.0,44.0,126.5,3.0,7.0,3.0,13.0,5.0,0.0,0.0,0.0,0.0,0.0,0.0,False,False,True,False,False,False,False,True,False,False,False,False,False,49.0,1034.0,23.0,1.0
10061.0,1950.0,59462.0,0.0,1.0,29.0,0.0,724.0,17.0,143.0,0.0,8.0,126.5,2.0,9.0,2.0,12.0,7.0,0.0,0.0,0.0,0.0,0.0,0.0,False,False,True,False,False,False,False,False,True,False,False,False,False,75.0,1088.0,23.0,1.0
7187.0,1969.0,65780.24097842115,1.0,1.0,52.0,0.0,375.0,42.0,48.0,94.0,66.0,96.0,6.0,4.0,10.0,4.0,3.0,0.0,0.0,0.0,0.0,0.0,0.0,False,False,False,True,False,False,False,False,False,False,True,False,False,56.0,721.0,18.0,2.0
8775.0,1969.0,38361.0,1.0,0.0,74.0,0.0,39.0,0.0,56.0,20.0,8.0,14.0,3.0,3.0,1.0,3.0,7.0,0.0,0.0,0.0,0.0,0.0,0.0,False,False,True,False,False,False,False,False,False,False,True,False,False,56.0,137.0,7.0,1.0
1612.0,1981.0,34552.276558800106,1.0,0.0,82.0,0.0,23.0,0.0,15.0,0.0,2.0,7.0,2.0,3.0,0.0,3.0,6.0,0.0,0.0,0.0,0.0,0.0,0.0,False,False,False,False,True,False,False,False,False,True,False,False,False,44.0,47.0,6.0,1.0
2345.0,1982.0,70038.0,0.0,0.0,54.0,0.0,587.0,54.0,348.0,71.0,54.0,126.5,1.0,4.0,4.0,8.0,2.0,0.0,0.0,0.0,0.0,0.0,0.0,False,False,False,False,True,False,False,False,False,False,True,False,False,43.0,1244.0,16.0,0.0
322.0,1978.0,42554.0,1.0,1.0,93.0,0.0,29.0,1.0,11.0,0.0,0.0,0.0,2.0,2.0,0.0,3.0,4.0,0.0,0.0,0.0,0.0,0.0,0.0,False,False,True,False,False,False,False,False,False,False,True,False,False,47.0,41.0,5.0,2.0
10897.0,1974.0,67445.0,0.0,1.0,63.0,0.0,757.0,80.0,217.0,29.0,80.0,11.0,5.0,9.0,6.0,12.0,6.0,0.0,0.0,0.0,0.0,0.0,0.0,False,False,True,False,False,False,False,False,True,False,False,False,False,51.0,1174.0,27.0,1.0
123.0,1951.0,67046.0,0.0,1.0,92.0,0.0,544.0,35.0,133.0,23.0,81.0,107.0,2.0,4.0,5.0,4.0,2.0,0.0,0.0,0.0,0.0,0.0,0.0,False,False,True,False,False,False,False,False,False,False,False,True,False,74.0,993.0,13.0,1.0
6103.0,1948.0,42192.0,0.0,0.0,40.0,0.0,40.0,15.0,15.0,17.0,6.0,7.0,1.0,2.0,1.0,3.0,4.0,0.0,0.0,0.0,0.0,0.0,0.0,False,False,True,False,False,False,False,False,True,False,False,False,False,77.0,100.0,6.0,0.0
7899.0,1952.0,77610.0,0.0,1.0,70.0,0.0,1225.0,33.0,332.0,21.0,33.0,16.0,2.0,4.0,7.0,4.0,7.0,0.0,0.0,0.0,0.0,0.0,0.0,False,False,False,False,True,False,False,False,True,False,False,False,False,73.0,1680.0,15.0,1.0
10500.0,1984.0,31761.0,1.0,0.0,96.0,0.0,19.0,1.0,20.0,16.0,14.0,28.0,2.0,3.0,0.0,4.0,5.0,0.0,0.0,0.0,0.0,0.0,0.0,False,False,True,False,False,False,False,False,True,False,False,False,False,41.0,98.0,7.0,1.0
1655.0,1979.0,34350.0,1.0,0.0,81.0,0.0,16.0,3.0,15.0,2.0,1.0,11.0,1.0,1.0,0.0,3.0,7.0,0.0,0.0,0.0,0.0,0.0,0.0,False,False,True,False,False,False,False,False,False,False,True,False,False,46.0,48.0,4.0,1.0
2406.0,1949.0,54591.0,0.0,1.0,63.0,0.0,376.0,4.0,94.0,12.0,9.0,24.0,3.0,6.0,2.0,8.0,5.0,0.0,0.0,0.0,0.0,0.0,0.0,False,False,True,False,False,False,False,False,False,False,True,False,False,76.0,519.0,16.0,1.0
2712.0,1956.0,71866.0,0.0,1.0,85.0,0.0,184.0,81.0,178.0,103.0,39.0,33.0,1.0,6.0,3.0,10.0,3.0,0.0,0.0,0.0,0.0,0.0,0.0,False,False,True,False,False,False,False,False,True,False,False,False,False,69.0,715.0,19.0,1.0
5517.0,1969.0,25293.0,1.0,0.0,51.0,0.0,15.0,0.0,11.0,0.0,2.0,9.0,1.0,1.0,1.0,2.0,8.0,0.0,0.0,0.0,0.0,0.0,0.0,False,False,True,False,False,False,False,False,True,False,False,False,False,56.0,37.0,4.0,1.0
10643.0,1987.0,42000.0,0.0,0.0,23.0,0.0,124.0,81.0,267.0,85.0,59.0,35.0,2.0,5.0,2.0,11.0,5.0,0.0,0.0,0.0,0.0,0.0,1.0,False,False,False,False,True,False,False,False,False,True,False,False,False,38.0,653.0,18.0,0.0
2254.0,1983.0,69520.0,0.0,0.0,95.0,0.0,627.0,81.0,414.0,120.5,80.0,93.0,1.0,9.0,6.0,5.0,5.0,0.0,0.0,0.0,0.0,0.0,0.0,False,False,True,False,False,False,False,False,True,False,False,False,False,42.0,1455.0,20.0,0.0
10281.0,1970.0,64713.0,1.0,0.0,11.0,0.0,180.0,60.0,241.0,13.0,54.0,54.0,2.0,5.0,5.0,7.0,4.0,0.0,0.0,0.0,0.0,0.0,1.0,False,False,True,False,False,False,False,True,False,False,False,False,False,55.0,602.0,17.0,1.0
6958.0,1977.0,27889.0,1.0,0.0,42.0,0.0,14.0,0.0,4.0,0.0,0.0,8.0,1.0,1.0,1.0,2.0,6.0,0.0,0.0,0.0,0.0,0.0,0.0,False,False,False,True,False,False,False,False,True,False,False,False,False,48.0,26.0,4.0,1.0
954.0,1960.0,22123.0,0.0,0.0,77.0,0.0,3.0,3.0,24.0,34.0,7.0,31.0,1.0,2.0,1.0,3.0,5.0,0.0,0.0,0.0,0.0,0.0,0.0,False,True,False,False,False,False,False,False,False,False,False,True,False,65.0,102.0,6.0,0.0
5079.0,1971.0,33422.730524727755,1.0,1.0,82.0,0.0,71.0,1.0,16.0,0.0,0.0,9.0,4.0,2.0,1.0,3.0,8.0,0.0,0.0,0.0,0.0,0.0,0.0,False,False,True,False,False,False,False,False,True,False,False,False,False,54.0,97.0,6.0,2.0
10339.0,1954.0,44085.360317286235,0.0,1.0,83.0,0.0,161.0,0.0,22.0,0.0,0.0,24.0,2.0,4.0,1.0,4.0,6.0,0.0,0.0,0.0,0.0,0.0,0.0,False,False,False,True,False,False,False,False,False,False,True,False,False,71.0,207.0,9.0,1.0
4643.0,1973.0,27803.0,1.0,0.0,40.0,0.0,8.0,26.0,46.0,38.0,9.0,49.0,2.0,3.0,0.0,4.0,8.0,0.0,0.0,0.0,0.0,0.0,0.0,False,False,True,False,False,False,False,False,True,False,False,False,False,52.0,176.0,7.0,1.0
3117.0,1955.0,42831.12752259019,0.0,1.0,95.0,0.0,264.0,0.0,21.0,12.0,6.0,126.5,3.0,6.0,1.0,5.0,7.0,0.0,0.0,0.0,0.0,0.0,0.0,False,False,True,False,False,False,False,False,False,True,False,False,False,70.0,450.0,12.0,1.0
6497.0,1960.0,51651.0,0.0,1.0,32.0,0.0,293.0,6.0,23.0,13.0,6.0,92.0,4.0,6.0,2.0,5.0,8.0,0.0,0.0,0.0,0.0,0.0,0.0,False,False,True,False,False,False,False,False,True,False,False,False,False,65.0,433.0,13.0,1.0
5396.0,1988.0,68487.0,0.0,0.0,48.0,0.0,758.0,12.0,385.0,33.0,81.0,89.0,1.0,9.0,7.0,13.0,4.0,0.0,0.0,0.0,0.0,0.0,0.0,False,False,True,False,False,False,False,False,True,False,False,False,False,37.0,1366.0,29.0,0.0
5250.0,1943.0,84026.18176020651,0.0,0.0,75.0,0.0,532.0,81.0,490.0,120.5,81.0,126.0,1.0,5.0,5.0,11.0,1.0,0.0,0.0,0.0,0.0,1.0,1.0,False,False,False,True,False,False,False,False,False,False,False,True,False,82.0,1564.0,21.0,0.0
1052.0,1969.0,56796.0,0.0,1.0,24.0,0.0,656.0,38.0,161.0,62.0,47.0,37.0,3.0,8.0,9.0,7.0,7.0,0.0,0.0,0.0,0.0,0.0,0.0,False,False,True,False,False,False,False,False,True,False,False,False,False,56.0,1001.0,24.0,1.0
2802.0,1992.0,87000.0,0.0,0.0,61.0,0.0,196.0,25.0,556.0,67.0,17.0,49.0,1.0,4.0,6.0,7.0,2.0,0.0,0.0,0.0,0.0,0.0,0.0,True,False,False,False,False,False,False,False,True,False,False,False,False,33.0,961.0,17.0,0.0
6343.0,1959.0,79823.0,0.0,1.0,6.0,0.0,835.0,73.0,380.0,114.0,73.0,43.0,1.0,6.0,9.0,7.0,2.0,0.0,0.0,0.0,1.0,0.0,0.0,False,False,True,False,False,False,False,False,True,False,False,False,False,66.0,1518.0,22.0,1.0
6507.0,1980.0,30828.0,1.0,0.0,16.0,0.0,16.0,11.0,15.0,2.0,0.0,12.0,2.0,1.0,1.0,4.0,3.0,0.0,0.0,0.0,0.0,0.0,0.0,False,False,True,False,False,False,False,False,False,True,False,False,False,45.0,56.0,6.0,1.0
7901.0,1971.0,34109.0,0.0,1.0,39.0,0.0,9.0,1.0,5.0,2.0,1.0,4.0,1.0,0.0,0.0,3.0,4.0,0.0,0.0,0.0,0.0,0.0,0.0,False,False,False,True,False,False,False,False,True,False,False,False,False,54.0,22.0,3.0,1.0
4865.0,1974.0,53367.0,1.0,1.0,2.0,0.0,229.0,7.0,140.0,10.0,3.0,11.0,6.0,5.0,1.0,8.0,7.0,0.0,0.0,0.0,0.0,0.0,1.0,False,False,False,True,False,False,False,True,False,False,False,False,False,51.0,400.0,14.0,2.0
2686.0,1969.0,22390.0,0.0,0.0,49.0,0.0,0.0,1.0,4.0,15.0,1.0,5.0,1.0,1.0,0.0,2.0,7.0,0.0,0.0,0.0,0.0,0.0,0.0,False,True,False,False,False,False,False,False,False,False,True,False,False,56.0,26.0,3.0,0.0
3107.0,1976.0,71322.0,0.0,1.0,31.0,0.0,121.0,24.0,124.0,24.0,15.0,42.0,1.0,4.0,1.0,7.0,2.0,0.0,0.0,0.0,0.0,0.0,0.0,False,False,True,False,False,False,False,False,False,False,True,False,False,49.0,350.0,12.0,1.0
7734.0,1993.0,79244.0,0.0,-0.22886776015846877,58.0,0.0,471.0,81.0,125.0,120.5,61.0,126.5,1.0,4.0,10.0,7.0,1.0,1.0,0.0,0.0,0.0,1.0,1.0,False,False,True,False,False,True,False,False,False,False,False,False,False,32.0,1216.0,21.0,-0.22886776015846877
1146.0,1949.0,49912.0,0.0,1.0,5.0,0.0,520.0,8.0,223.0,32.0,49.0,42.0,4.0,10.0,5.0,7.0,8.0,0.0,0.0,1.0,0.0,0.0,1.0,False,False,False,True,False,False,False,False,False,False,True,False,False,76.0,874.0,22.0,1.0
11031.0,1950.0,48699.0,1.0,1.0,90.0,0.0,26.0,1.0,10.0,2.0,0.0,1.0,1.0,1.0,0.0,3.0,5.0,0.0,0.0,0.0,0.0,0.0,0.0,False,False,False,False,True,False,False,False,True,False,False,False,False,75.0,40.0,4.0,2.0
7428.0,1975.0,80144.0,0.0,0.0,47.0,0.0,240.0,81.0,445.0,120.5,81.0,108.0,1.0,3.0,7.0,8.0,1.0,0.0,0.0,0.0,0.0,0.0,0.0,False,False,True,False,False,False,False,False,False,False,True,False,False,50.0,1367.0,18.0,0.0
975.0,1956.0,54252.0,1.0,1.0,25.0,0.0,178.0,4.0,26.0,8.0,4.0,44.0,5.0,4.0,1.0,5.0,6.0,0.0,0.0,0.0,0.0,0.0,0.0,False,False,True,False,False,False,False,False,False,True,False,False,False,69.0,264.0,10.0,2.0
1103.0,1976.0,81929.0,1.0,0.0,60.0,0.0,1225.0,55.0,278.0,49.0,0.0,126.5,2.0,4.0,4.0,10.0,6.0,0.0,0.0,1.0,0.0,1.0,1.0,False,False,False,True,False,False,False,False,True,False,False,False,False,49.0,2053.0,18.0,1.0
3422.0,1975.0,76068.0,0.0,1.0,67.0,0.0,1115.0,12.0,128.0,33.0,12.0,76.0,1.0,2.0,3.0,4.0,6.0,0.0,1.0,0.0,1.0,0.0,0.0,False,False,True,False,False,False,False,False,True,False,False,False,False,50.0,1376.0,9.0,1.0
1055.0,1976.0,53204.0,1.0,1.0,40.0,0.0,29.0,0.0,8.0,2.0,0.0,6.0,1.0,1.0,0.0,3.0,4.0,0.0,0.0,0.0,0.0,0.0,0.0,False,False,False,True,False,False,False,False,True,False,False,False,False,49.0,45.0,4.0,2.0
6544.0,1949.0,67911.0,0.0,1.0,63.0,0.0,529.0,0.0,356.0,63.0,28.0,0.0,3.0,6.0,7.0,11.0,3.0,0.0,0.0,0.0,0.0,0.0,0.0,False,False,False,False,True,False,False,False,False,False,True,False,False,76.0,976.0,24.0,1.0
1241.0,1984.0,14796.0,1.0,0.0,1.0,0.0,13.0,3.0,8.0,7.0,4.0,16.0,2.0,1.0,0.0,3.0,9.0,0.0,0.0,0.0,0.0,0.0,1.0,True,False,False,False,False,False,False,False,True,False,False,False,False,41.0,51.0,4.0,1.0
2909.0,1974.0,78128.0,0.0,1.0,89.0,0.0,934.0,24.0,230.0,16.0,24.0,36.0,2.0,8.0,4.0,6.0,3.0,0.0,0.0,0.0,1.0,1.0,0.0,False,False,False,False,True,False,False,False,True,False,False,False,False,51.0,1264.0,18.0,1.0
5802.0,1972.0,14188.0,0.0,0.0,40.0,0.0,2.0,7.0,11.0,16.0,12.0,27.0,1.0,2.0,0.0,4.0,6.0,0.0,0.0,0.0,0.0,0.0,0.0,False,True,False,False,False,False,False,False,True,False,False,False,False,53.0,75.0,6.0,0.0
1407.0,1986.0,20425.0,1.0,0.0,5.0,0.0,4.0,12.0,5.0,3.0,16.0,17.0,2.0,2.0,0.0,3.0,7.0,0.0,0.0,0.0,0.0,0.0,0.0,False,True,False,False,False,False,False,False,True,False,False,False,False,39.0,57.0,5.0,1.0
6183.0,1962.0,58646.0,0.0,1.0,3.0,0.0,62.0,1.0,44.0,6.0,5.0,22.0,1.0,2.0,1.0,4.0,4.0,0.0,0.0,0.0,0.0,0.0,0.0,False,False,False,True,False,False,False,False,True,False,False,False,False,63.0,140.0,7.0,1.0
340.0,1970.0,72967.0,0.0,1.0,1.0,0.0,158.0,35.0,179.0,0.0,0.0,125.0,2.0,7.0,2.0,8.0,5.0,0.0,0.0,1.0,0.0,0.0,1.0,False,False,True,False,False,False,False,True,False,False,False,False,False,55.0,497.0,17.0,1.0
5991.0,1949.0,48150.0,0.0,1.0,24.0,0.0,173.0,2.0,39.0,3.0,2.0,47.0,3.0,5.0,1.0,4.0,7.0,0.0,0.0,0.0,0.0,0.0,0.0,False,False,False,True,False,False,False,False,True,False,False,False,False,76.0,266.0,10.0,1.0
3104.0,1961.0,82332.0,0.0,0.0,89.0,0.0,830.0,59.0,556.0,51.0,79.0,19.0,1.0,5.0,3.0,12.0,2.0,0.0,0.0,0.0,0.0,1.0,1.0,False,False,True,False,False,False,False,False,False,True,False,False,False,64.0,2006.0,20.0,0.0
9729.0,1955.0,58275.0,1.0,1.0,48.0,0.0,189.0,10.0,253.0,56.0,43.0,64.0,6.0,8.0,2.0,7.0,7.0,0.0,0.0,0.0,0.0,0.0,0.0,False,False,True,False,False,False,False,False,False,False,False,True,False,70.0,615.0,17.0,2.0
1008.0,1981.0,44953.0,0.0,0.0,31.0,0.0,728.0,17.0,133.0,11.0,8.0,124.0,1.0,7.0,3.0,13.0,6.0,0.0,0.0,1.0,0.0,0.0,0.0,False,False,False,False,True,False,False,False,False,False,True,False,False,44.0,1021.0,23.0,0.0
11091.0,1953.0,34587.0,1.0,1.0,68.0,0.0,7.0,2.0,9.0,2.0,0.0,2.0,2.0,1.0,0.0,3.0,4.0,0.0,0.0,0.0,0.0,0.0,0.0,False,False,True,False,False,False,False,False,False,False,True,False,False,72.0,22.0,4.0,2.0
3969.0,1974.0,43018.0,0.0,1.0,46.0,0.0,35.0,4.0,17.0,7.0,6.0,64.0,1.0,2.0,2.0,2.0,5.0,0.0,0.0,0.0,0.0,0.0,0.0,False,False,False,True,False,False,False,False,False,False,True,False,False,51.0,133.0,6.0,1.0
1916.0,1954.0,45736.0,0.0,1.0,92.0,0.0,188.0,3.0,180.0,20.0,3.0,43.0,5.0,7.0,1.0,6.0,7.0,0.0,0.0,0.0,0.0,0.0,0.0,False,False,False,True,False,False,False,False,True,False,False,False,False,71.0,437.0,14.0,1.0
9907.0,1969.0,66476.0,0.0,1.0,80.0,0.0,742.0,28.0,152.0,25.0,9.0,57.0,2.0,6.0,8.0,10.0,4.0,0.0,0.0,0.0,0.0,0.0,0.0,False,False,False,True,False,False,False,False,False,False,True,False,False,56.0,1013.0,24.0,1.0
87.0,1981.0,27733.0,1.0,0.0,16.0,0.0,0.0,7.0,5.0,26.0,2.0,17.0,2.0,2.0,0.0,3.0,7.0,0.0,0.0,0.0,0.0,0.0,0.0,True,False,False,False,False,False,False,False,True,False,False,False,False,44.0,57.0,5.0,1.0
8659.0,1952.0,80646.22199607405,0.0,1.0,50.0,0.0,750.0,71.0,174.0,13.0,10.0,20.0,2.0,6.0,8.0,11.0,2.0,0.0,0.0,0.0,0.0,0.0,0.0,False,False,False,False,True,False,False,False,False,False,True,False,False,73.0,1038.0,25.0,1.0
6262.0,1962.0,72217.0,0.0,0.0,93.0,0.0,816.0,42.0,450.0,55.0,56.0,126.5,1.0,3.0,10.0,8.0,2.0,0.0,0.0,0.0,0.0,0.0,0.0,False,False,False,True,False,False,False,False,False,True,False,False,False,63.0,1573.0,21.0,0.0
6147.0,1971.0,25818.0,1.0,0.0,51.0,0.0,5.0,2.0,8.0,2.0,2.0,9.0,1.0,0.0,1.0,2.0,7.0,0.0,0.0,0.0,0.0,0.0,0.0,False,False,True,False,False,False,False,True,False,False,False,False,False,54.0,28.0,3.0,1.0
8832.0,1976.0,37509.0,1.0,0.0,24.0,0.0,37.0,5.0,56.0,12.0,8.0,5.0,2.0,3.0,0.0,4.0,7.0,0.0,0.0,0.0,0.0,0.0,0.0,False,False,False,True,False,False,False,False,False,False,True,False,False,49.0,123.0,7.0,1.0
10067.0,1976.0,25176.0,1.0,1.0,79.0,0.0,4.0,0.0,4.0,0.0,0.0,5.0,1.0,1.0,0.0,2.0,7.0,0.0,0.0,0.0,0.0,0.0,0.0,True,False,False,False,False,False,False,False,False,False,True,False,False,49.0,13.0,3.0,2.0
7532.0,1980.0,43586.0,0.0,1.0,26.0,0.0,99.0,2.0,11.0,4.0,0.0,16.0,3.0,3.0,0.0,4.0,8.0,0.0,0.0,0.0,0.0,0.0,0.0,False,False,True,False,False,False,False,False,True,False,False,False,False,45.0,132.0,7.0,1.0
4915.0,1956.0,53230.0,0.0,1.0,86.0,0.0,176.0,72.0,98.0,120.5,21.0,126.5,4.0,5.0,2.0,12.0,5.0,0.0,0.0,0.0,0.0,0.0,0.0,True,False,False,False,False,False,False,False,True,False,False,False,False,69.0,732.0,19.0,1.0
2115.0,1957.0,50116.0,1.0,1.0,68.0,0.0,54.0,0.0,10.0,0.0,0.0,2.0,2.0,1.0,0.0,4.0,5.0,0.0,0.0,0.0,1.0,0.0,0.0,False,False,True,False,False,False,False,False,False,False,True,False,False,68.0,66.0,5.0,2.0
2088.0,1972.0,84906.0,0.0,0.0,98.0,0.0,997.0,15.0,414.0,99.0,30.0,76.0,1.0,5.0,6.0,12.0,2.0,0.0,1.0,0.0,1.0,1.0,0.0,False,False,True,False,False,False,False,False,False,False,True,False,False,53.0,1631.0,23.0,0.0
2493.0,1966.0,61286.0,0.0,1.0,34.0,0.0,356.0,0.0,107.0,19.0,9.0,117.0,2.0,7.0,1.0,8.0,5.0,0.0,0.0,0.0,0.0,0.0,0.0,False,False,True,False,False,False,False,False,True,False,False,False,False,59.0,608.0,16.0,1.0
6292.0,1986.0,82333.0,0.0,0.0,60.0,0.0,1225.0,0.0,359.0,46.0,81.0,17.0,1.0,4.0,3.0,10.0,2.0,0.0,0.0,0.0,0.0,1.0,1.0,False,False,False,False,True,False,False,False,True,False,False,False,False,39.0,1822.0,17.0,0.0
1631.0,1965.0,65220.0,0.0,0.0,3.0,0.0,890.0,63.0,292.0,0.0,25.0,12.0,4.0,8.0,4.0,7.0,6.0,0.0,0.0,0.0,0.0,0.0,1.0,False,False,False,False,True,False,False,False,False,False,True,False,False,60.0,1282.0,19.0,0.0
10104.0,1974.0,33590.0,2.0,1.0,65.0,0.0,4.0,0.0,2.0,0.0,0.0,2.0,1.0,1.0,0.0,2.0,7.0,0.0,0.0,0.0,0.0,0.0,0.0,False,False,True,False,False,False,False,False,False,False,True,False,False,51.0,8.0,3.0,2.5
3006.0,1976.0,30992.0,1.0,0.2631978108442823,83.0,0.0,17.0,0.0,14.0,7.0,3.0,2.0,1.0,1.0,0.0,3.0,7.0,0.0,0.0,0.0,0.0,0.0,0.0,False,False,True,False,False,False,False,True,False,False,False,False,False,49.0,43.0,4.0,1.2631978108442823
3919.0,1976.0,72309.0,0.0,0.0,64.0,0.0,960.0,0.0,556.0,50.0,38.0,0.0,1.0,5.0,6.0,8.0,3.0,1.0,0.0,0.0,0.0,0.0,1.0,False,False,False,True,False,False,False,False,False,True,False,False,False,49.0,1931.0,19.0,0.0
11181.0,1949.0,118320.375,0.0,0.0,85.0,0.0,2.0,1.0,2.0,1.0,1.0,1.0,0.0,0.0,0.0,0.0,0.0,0.0,0.0,0.0,0.0,0.0,0.0,False,False,False,False,True,False,False,False,True,False,False,False,False,76.0,8.0,0.0,0.0
642.0,1980.0,16005.0,1.0,0.0,69.0,0.0,1.0,3.0,2.0,20.0,30.0,47.0,3.0,2.0,1.0,2.0,8.0,0.0,0.0,0.0,0.0,0.0,0.0,False,True,False,False,False,False,False,False,True,False,False,False,False,45.0,103.0,5.0,1.0
4369.0,1957.0,65487.0,0.0,0.0,48.0,0.0,240.0,67.0,500.0,120.5,0.0,126.5,3.0,3.0,5.0,6.0,2.0,0.0,0.0,0.0,0.0,0.0,0.0,False,False,False,True,False,True,False,False,False,False,False,False,False,68.0,1169.0,14.0,0.0
10127.0,1965.0,58692.0,0.0,1.0,21.0,0.0,301.0,11.0,61.0,4.0,7.0,11.0,1.0,8.0,2.0,4.0,7.0,0.0,0.0,0.0,0.0,0.0,0.0,False,False,True,False,False,False,False,False,True,False,False,False,False,60.0,395.0,14.0,1.0
271.0,1969.0,40590.0,1.0,1.0,30.0,0.0,154.0,0.0,50.0,6.0,11.0,37.0,5.0,3.0,4.0,3.0,6.0,0.0,0.0,1.0,0.0,0.0,0.0,False,False,True,False,False,False,False,False,False,False,False,True,False,56.0,258.0,10.0,2.0
4973.0,1970.0,20587.0,1.0,0.0,39.0,0.0,2.0,3.0,6.0,4.0,1.0,9.0,1.0,1.0,1.0,2.0,7.0,0.0,0.0,0.0,0.0,0.0,0.0,False,False,True,False,False,False,False,False,False,True,False,False,False,55.0,25.0,4.0,1.0
2948.0,1954.0,62637.0,0.0,1.0,76.0,0.0,104.0,12.0,48.0,4.0,12.0,5.0,1.0,2.0,2.0,5.0,2.0,0.0,0.0,0.0,0.0,0.0,0.0,False,False,False,True,False,False,False,True,False,False,False,False,False,71.0,185.0,9.0,1.0
2715.0,1966.0,29435.0,1.0,1.0,11.0,0.0,70.0,3.0,37.0,4.0,2.0,64.0,4.0,3.0,2.0,2.0,9.0,0.0,0.0,0.0,0.0,0.0,1.0,False,False,False,True,False,False,False,True,False,False,False,False,False,59.0,180.0,7.0,2.0
10432.0,1974.0,19346.0,1.0,0.0,26.0,0.0,2.0,0.0,9.0,3.0,6.0,2.0,1.0,1.0,0.0,3.0,8.0,0.0,0.0,0.0,0.0,0.0,0.0,False,False,True,False,False,False,False,True,False,False,False,False,False,51.0,22.0,4.0,1.0
9216.0,1971.0,35788.0,1.0,1.0,34.0,0.0,23.0,2.0,11.0,3.0,1.0,4.0,2.0,2.0,0.0,3.0,6.0,0.0,0.0,0.0,0.0,0.0,0.0,False,False,True,False,False,False,False,False,True,False,False,False,False,54.0,44.0,5.0,2.0
7124.0,1968.0,36997.0,1.0,1.0,72.0,0.0,43.0,4.0,12.0,8.0,0.0,27.0,5.0,2.0,1.0,4.0,5.0,0.0,0.0,0.0,0.0,0.0,0.0,False,False,True,False,False,False,False,True,False,False,False,False,False,57.0,94.0,7.0,2.0
9727.0,1957.0,23539.0,0.0,0.0,13.0,0.0,4.0,24.0,11.0,16.0,1.0,25.0,1.0,2.0,0.0,4.0,6.0,0.0,0.0,0.0,0.0,0.0,0.0,False,False,True,False,False,False,False,False,True,False,False,False,False,68.0,81.0,6.0,0.0
5136.0,1973.0,65333.0,0.0,1.0,58.0,0.0,654.0,7.0,92.0,0.0,15.0,30.0,6.0,9.0,4.0,8.0,6.0,0.0,0.0,0.0,1.0,1.0,0.0,False,False,True,False,False,False,False,False,False,True,False,False,False,52.0,798.0,21.0,1.0
9790.0,1957.0,78499.0,0.0,0.0,12.0,0.0,912.0,72.0,170.0,47.0,36.0,97.0,1.0,11.0,3.0,4.0,4.0,0.0,0.0,0.0,0.0,1.0,1.0,False,False,True,False,False,False,False,False,False,True,False,False,False,68.0,1334.0,18.0,0.0
1818.0,1971.0,29732.0,1.0,0.0,23.0,0.0,25.0,0.0,8.0,0.0,1.0,4.0,1.0,2.0,0.0,2.0,9.0,0.0,0.0,0.0,0.0,0.0,0.0,False,False,False,False,True,False,False,False,False,False,True,False,False,54.0,38.0,4.0,1.0
1100.0,1960.0,41275.0,1.0,2.0,33.0,0.0,24.0,4.0,22.0,0.0,2.0,9.0,4.0,3.0,1.0,3.0,5.0,0.0,0.0,0.0,0.0,0.0,0.0,False,False,False,True,False,False,False,False,False,False,True,False,False,65.0,61.0,7.0,2.5
7873.0,1973.0,63516.0,1.0,1.0,30.0,0.0,141.0,11.0,114.0,15.0,14.0,5.0,4.0,4.0,1.0,7.0,5.0,0.0,0.0,0.0,0.0,0.0,0.0,False,False,False,False,True,False,False,False,False,False,True,False,False,52.0,300.0,12.0,2.0
10609.0,1962.0,42769.0,0.0,1.0,15.0,0.0,71.0,0.0,13.0,3.0,1.0,0.0,2.0,1.0,1.0,4.0,4.0,0.0,0.0,0.0,0.0,0.0,0.0,False,False,False,False,True,False,False,False,True,False,False,False,False,63.0,88.0,6.0,1.0
6950.0,1958.0,49572.0,1.0,1.0,25.0,0.0,35.0,1.0,16.0,0.0,1.0,1.0,2.0,2.0,0.0,3.0,7.0,0.0,0.0,0.0,0.0,0.0,0.0,False,False,False,True,False,False,False,False,True,False,False,False,False,67.0,54.0,5.0,2.0
7233.0,1972.0,69209.0,0.0,-0.08029049882371098,4.0,0.0,496.0,32.0,556.0,120.5,48.0,126.5,2.0,5.0,3.0,6.0,4.0,1.0,0.0,0.0,0.0,0.0,0.0,False,False,True,False,False,False,False,False,True,False,False,False,False,53.0,1782.0,14.0,-0.08029049882371098
9481.0,1976.0,17148.0,1.0,0.0,80.0,0.0,9.0,9.0,11.0,13.0,10.0,16.0,4.0,3.0,1.0,3.0,8.0,0.0,0.0,0.0,0.0,0.0,0.0,False,False,True,False,False,False,False,False,True,False,False,False,False,49.0,68.0,7.0,1.0
7699.0,1969.0,40590.0,1.0,1.0,30.0,0.0,154.0,0.0,50.0,6.0,11.0,37.0,5.0,3.0,4.0,3.0,6.0,0.0,0.0,1.0,0.0,0.0,0.0,False,False,True,False,False,False,False,False,False,False,False,True,False,56.0,258.0,10.0,2.0
2711.0,1976.0,30560.0,1.0,0.0,6.0,0.0,9.0,1.0,5.0,4.0,5.0,7.0,1.0,1.0,0.0,3.0,7.0,0.0,0.0,0.0,0.0,0.0,0.0,False,False,False,True,False,False,False,False,False,False,True,False,False,49.0,31.0,4.0,1.0
8933.0,1983.0,32146.0,1.0,0.0,16.0,0.0,26.0,3.0,23.0,4.0,7.0,3.0,2.0,2.0,0.0,4.0,6.0,0.0,0.0,0.0,0.0,0.0,0.0,True,False,False,False,False,False,False,False,True,False,False,False,False,42.0,66.0,6.0,1.0
8726.0,1964.0,41713.0,1.0,1.0,57.0,0.0,77.0,8.0,44.0,10.0,10.0,25.0,5.0,3.0,1.0,4.0,6.0,0.0,0.0,0.0,0.0,0.0,0.0,True,False,False,False,False,False,False,True,False,False,False,False,False,61.0,174.0,8.0,2.0
1515.0,1975.0,34176.0,0.0,1.0,9.0,0.0,11.0,2.0,7.0,4.0,2.0,2.0,1.0,1.0,0.0,3.0,3.0,0.0,0.0,0.0,0.0,0.0,0.0,False,False,False,True,False,False,False,False,False,False,True,False,False,50.0,28.0,4.0,1.0
5186.0,1955.0,58482.0,0.0,1.0,59.0,0.0,576.0,7.0,115.0,19.0,7.0,7.0,2.0,7.0,4.0,9.0,6.0,0.0,0.0,0.0,1.0,0.0,0.0,False,False,False,False,True,False,False,False,True,False,False,False,False,70.0,731.0,20.0,1.0
10157.0,1965.0,59686.0,0.0,1.0,78.0,0.0,89.0,15.0,89.0,34.0,42.0,5.0,1.0,4.0,1.0,6.0,4.0,0.0,0.0,0.0,0.0,0.0,0.0,False,False,True,False,False,False,False,False,False,True,False,False,False,60.0,274.0,11.0,1.0
5667.0,1964.0,60896.0,0.0,1.0,90.0,0.0,1013.0,30.0,399.0,60.0,46.0,126.5,3.0,9.0,10.0,4.0,6.0,0.0,0.0,0.0,0.0,0.0,1.0,False,False,False,False,True,False,False,False,True,False,False,False,False,61.0,1701.0,23.0,1.0
902.0,1980.0,62994.0,1.0,0.0,74.0,0.0,224.0,12.0,48.0,4.0,12.0,12.0,1.0,6.0,2.0,4.0,6.0,0.0,0.0,0.0,0.0,0.0,0.0,False,False,True,False,False,False,False,False,False,False,True,False,False,45.0,312.0,12.0,1.0
977.0,1957.0,47320.0,0.0,1.0,10.0,0.0,200.0,19.0,111.0,50.0,15.0,19.0,6.0,5.0,1.0,8.0,6.0,0.0,0.0,0.0,0.0,0.0,0.0,False,False,True,False,False,False,False,False,False,False,True,False,False,68.0,414.0,14.0,1.0
7313.0,1949.0,80741.85048350765,0.0,0.0,63.0,0.0,570.0,73.0,556.0,120.5,81.0,73.0,1.0,6.0,5.0,11.0,3.0,1.0,0.0,0.0,0.0,0.0,0.0,True,False,False,False,False,False,False,False,False,False,False,True,False,76.0,1565.0,22.0,0.0
7600.0,1992.0,15253.0,1.0,0.0,13.0,0.0,1.0,3.0,3.0,8.0,1.0,13.0,2.0,1.0,0.0,3.0,7.0,0.0,0.0,0.0,0.0,0.0,0.0,False,True,False,False,False,False,False,False,False,True,False,False,False,33.0,29.0,4.0,1.0
9706.0,1974.0,31560.0,1.0,0.0,98.0,0.0,62.0,1.0,20.0,4.0,0.0,7.0,2.0,2.0,1.0,3.0,8.0,0.0,0.0,0.0,0.0,0.0,0.0,False,False,False,False,True,False,False,False,False,True,False,False,False,51.0,94.0,6.0,1.0
2429.0,1954.0,72071.0,0.0,1.0,4.0,0.0,531.0,69.0,300.0,120.5,81.0,126.5,3.0,5.0,4.0,8.0,2.0,0.0,0.0,0.0,0.0,0.0,0.0,False,False,True,False,False,False,False,True,False,False,False,False,False,71.0,1338.0,17.0,1.0
3520.0,1990.0,91172.0,0.0,0.0,94.0,0.0,162.0,28.0,556.0,0.0,28.0,56.0,0.0,4.0,3.0,7.0,3.0,1.0,1.0,1.0,0.0,1.0,1.0,False,False,False,True,False,False,False,False,False,True,False,False,False,35.0,1092.0,14.0,0.0
10394.0,1984.0,90000.0,0.0,0.0,91.0,0.0,675.0,81.0,133.0,94.0,81.0,126.5,1.0,4.0,8.0,5.0,1.0,1.0,0.0,1.0,0.0,1.0,0.0,False,False,True,False,False,False,False,False,True,False,False,False,False,41.0,1479.0,17.0,0.0
4548.0,1981.0,41967.0,1.0,1.0,66.0,0.0,23.0,4.0,10.0,0.0,2.0,15.0,1.0,1.0,0.0,3.0,4.0,0.0,0.0,0.0,0.0,0.0,0.0,False,False,True,False,False,False,False,False,False,True,False,False,False,44.0,54.0,4.0,2.0
9362.0,1965.0,69263.0,0.0,1.0,14.0,0.0,492.0,5.0,32.0,13.0,5.0,21.0,1.0,9.0,1.0,7.0,6.0,0.0,0.0,0.0,1.0,0.0,0.0,False,False,True,False,False,False,False,False,False,True,False,False,False,60.0,568.0,17.0,1.0
3968.0,1970.0,65706.0,0.0,0.0,77.0,0.0,918.0,10.0,129.0,13.0,0.0,126.5,1.0,11.0,3.0,12.0,7.0,0.0,1.0,0.0,1.0,1.0,1.0,True,False,False,False,False,False,False,True,False,False,False,False,False,55.0,1199.0,26.0,0.0
4084.0,1975.0,60934.0,0.0,1.0,41.0,0.0,224.0,81.0,155.0,120.5,81.0,54.0,2.0,6.0,4.0,11.0,4.0,0.0,0.0,0.0,0.0,0.0,0.0,False,False,True,False,False,False,False,False,False,False,True,False,False,50.0,873.0,21.0,1.0
6721.0,1951.0,71965.0,0.0,1.0,21.0,0.0,572.0,19.0,286.0,50.0,38.0,126.5,3.0,6.0,3.0,5.0,3.0,0.0,0.0,0.0,0.0,0.0,0.0,False,False,True,False,False,False,False,False,True,False,False,False,False,74.0,1213.0,14.0,1.0
2829.0,1955.0,65210.0,0.0,1.0,25.0,0.0,626.0,0.0,70.0,0.0,7.0,28.0,2.0,9.0,3.0,8.0,6.0,1.0,0.0,0.0,1.0,0.0,0.0,False,False,True,False,False,False,False,False,True,False,False,False,False,70.0,731.0,20.0,1.0
1772.0,1975.0,79174.0,0.0,0.0,2.0,0.0,1074.0,37.0,518.0,120.5,81.0,126.5,1.0,5.0,6.0,7.0,2.0,1.0,0.0,0.0,0.0,1.0,1.0,False,False,False,False,True,False,False,False,True,False,False,False,False,50.0,2043.0,18.0,0.0
1544.0,1967.0,81380.0,0.0,0.0,51.0,0.0,741.0,68.0,556.0,120.5,68.0,103.0,1.0,4.0,2.0,10.0,2.0,0.0,0.0,0.0,0.0,0.0,0.0,False,False,False,True,False,False,False,True,False,False,False,False,False,58.0,1893.0,16.0,0.0
492.0,1973.0,48432.0,0.0,1.0,3.0,0.0,322.0,3.0,50.0,4.0,3.0,42.0,5.0,7.0,1.0,6.0,8.0,0.0,0.0,0.0,0.0,0.0,0.0,False,False,False,False,True,False,False,False,False,False,False,False,True,52.0,424.0,14.0,1.0
4377.0,1971.0,52914.0,0.0,1.0,32.0,0.0,254.0,10.0,44.0,30.0,10.0,126.5,2.0,7.0,3.0,3.0,7.0,0.0,0.0,1.0,0.0,0.0,0.0,False,False,True,False,False,False,False,False,True,False,False,False,False,54.0,575.0,13.0,1.0
4541.0,1955.0,38946.0,0.0,1.0,84.0,0.0,116.0,6.0,82.0,6.0,6.0,41.0,2.0,3.0,1.0,6.0,5.0,0.0,0.0,0.0,0.0,0.0,0.0,False,False,True,False,False,False,False,False,False,False,True,False,False,70.0,257.0,10.0,1.0
1321.0,1974.0,26067.0,1.0,0.0,49.0,0.0,22.0,2.0,18.0,0.0,2.0,12.0,3.0,3.0,0.0,3.0,8.0,0.0,0.0,0.0,0.0,0.0,0.0,False,False,True,False,False,False,False,False,True,False,False,False,False,51.0,56.0,6.0,1.0
8858.0,1972.0,44325.0,0.0,1.0,69.0,0.0,516.0,0.0,21.0,0.0,0.0,5.0,4.0,8.0,2.0,7.0,8.0,0.0,0.0,0.0,1.0,0.0,0.0,False,False,False,False,True,False,False,False,True,False,False,False,False,53.0,542.0,17.0,1.0
3266.0,1964.0,42523.0,0.0,0.0,96.0,0.0,14.0,36.0,11.0,3.0,26.0,35.0,1.0,1.0,1.0,4.0,2.0,0.0,0.0,0.0,0.0,0.0,0.0,False,False,True,False,False,False,False,False,True,False,False,False,False,61.0,125.0,6.0,0.0
11187.0,1978.0,26487.0,1.0,0.0,23.0,0.0,2.0,8.0,10.0,12.0,14.0,23.0,3.0,2.0,1.0,3.0,5.0,0.0,0.0,0.0,0.0,0.0,0.0,False,True,False,False,False,False,False,False,False,True,False,False,False,47.0,69.0,6.0,1.0
8207.0,1957.0,53233.0,0.0,1.0,18.0,0.0,28.0,0.0,9.0,3.0,0.0,0.0,1.0,1.0,0.0,3.0,4.0,0.0,0.0,0.0,0.0,0.0,0.0,True,False,False,False,False,False,False,False,True,False,False,False,False,68.0,40.0,4.0,1.0
9723.0,1960.0,67716.0,0.0,1.0,8.0,0.0,530.0,81.0,217.0,62.0,9.0,56.0,4.0,7.0,4.0,13.0,5.0,0.0,0.0,0.0,1.0,0.0,0.0,False,False,True,False,False,False,False,False,True,False,False,False,False,65.0,1016.0,24.0,1.0
2666.0,1972.0,76234.0,0.0,1.0,21.0,0.0,519.0,50.0,167.0,120.5,0.0,41.0,1.0,8.0,3.0,11.0,3.0,0.0,0.0,0.0,1.0,0.0,0.0,False,False,False,True,False,False,False,False,True,False,False,False,False,53.0,907.0,22.0,1.0
5721.0,1956.0,84117.0,0.0,0.0,60.0,0.0,611.0,76.0,556.0,59.0,45.0,26.0,1.0,7.0,10.0,6.0,2.0,0.0,0.0,0.0,0.0,1.0,0.0,False,False,False,False,True,False,False,False,True,False,False,False,False,69.0,1566.0,23.0,0.0
10652.0,1957.0,65487.0,0.0,0.0,48.0,0.0,240.0,67.0,500.0,120.5,0.0,126.5,3.0,3.0,5.0,6.0,2.0,0.0,0.0,0.0,0.0,0.0,0.0,False,False,False,True,False,False,False,False,False,False,True,False,False,68.0,1169.0,14.0,0.0
1646.0,1972.0,25224.0,1.0,0.0,36.0,0.0,4.0,9.0,12.0,11.0,2.0,8.0,2.0,1.0,1.0,3.0,3.0,0.0,0.0,0.0,0.0,0.0,0.0,False,True,False,False,False,False,False,False,True,False,False,False,False,53.0,46.0,5.0,1.0
4418.0,1983.0,89616.0,0.0,0.0,36.0,0.0,671.0,47.0,556.0,120.5,81.0,15.0,1.0,7.0,5.0,12.0,2.0,0.0,0.0,0.0,0.0,0.0,1.0,False,False,False,True,False,False,False,False,False,True,False,False,False,42.0,1644.0,24.0,0.0
2656.0,1971.0,40851.0,1.0,1.0,63.0,0.0,23.0,1.0,7.0,0.0,4.0,24.0,1.0,1.0,1.0,2.0,7.0,0.0,0.0,0.0,0.0,0.0,0.0,False,False,True,False,False,False,False,True,False,False,False,False,False,54.0,59.0,4.0,2.0
7990.0,1947.0,27469.0,0.0,0.0,2.0,0.0,9.0,1.0,2.0,3.0,2.0,0.0,1.0,0.0,0.0,3.0,6.0,0.0,0.0,0.0,0.0,0.0,0.0,False,False,True,False,False,False,False,False,True,False,False,False,False,78.0,17.0,3.0,0.0
8722.0,1957.0,82347.0,0.0,0.0,38.0,0.0,556.0,54.0,556.0,120.5,81.0,63.0,1.0,7.0,7.0,10.0,3.0,1.0,0.0,1.0,0.0,0.0,1.0,True,False,False,False,False,False,False,False,True,False,False,False,False,68.0,1853.0,24.0,0.0
7118.0,1957.0,69560.43042649694,0.0,1.0,61.0,0.0,833.0,80.0,363.0,52.0,26.0,126.5,2.0,9.0,5.0,6.0,6.0,0.0,0.0,1.0,0.0,0.0,1.0,False,False,True,False,False,False,False,False,True,False,False,False,False,68.0,1528.0,20.0,1.0
2980.0,1952.0,8820.0,1.0,1.0,52.0,0.0,12.0,0.0,13.0,4.0,2.0,4.0,4.0,3.0,0.0,3.0,8.0,0.0,0.0,0.0,0.0,0.0,0.0,False,False,False,True,False,False,False,False,False,True,False,False,False,73.0,35.0,6.0,2.0
1839.0,1974.0,43322.0,0.0,0.0,25.0,0.0,56.0,7.0,48.0,10.0,2.0,18.0,1.0,3.0,0.0,4.0,7.0,0.0,0.0,0.0,0.0,0.0,0.0,False,False,True,False,False,False,False,False,False,True,False,False,False,51.0,141.0,7.0,0.0
10722.0,1973.0,55593.0,0.0,1.0,63.0,0.0,293.0,8.0,124.0,11.0,4.0,106.0,2.0,6.0,6.0,3.0,6.0,0.0,0.0,1.0,0.0,0.0,0.0,False,False,True,False,False,False,False,False,False,False,True,False,False,52.0,546.0,15.0,1.0
2632.0,1954.0,50501.0,1.0,1.0,10.0,0.0,297.0,0.0,38.0,13.0,0.0,126.5,6.0,5.0,4.0,4.0,6.0,0.0,0.0,1.0,0.0,0.0,1.0,False,False,True,False,False,False,False,False,True,False,False,False,False,71.0,500.0,13.0,2.0
9014.0,1975.0,37085.0,1.0,1.0,65.0,0.0,39.0,1.0,16.0,2.0,0.0,3.0,4.0,3.0,0.0,3.0,8.0,0.0,0.0,0.0,0.0,0.0,0.0,False,False,True,False,False,False,False,False,True,False,False,False,False,50.0,61.0,6.0,2.0
7620.0,1990.0,16185.0,1.0,0.0,71.0,0.0,5.0,11.0,16.0,21.0,8.0,45.0,2.0,2.0,2.0,2.0,8.0,0.0,0.0,0.0,0.0,0.0,0.0,False,True,False,False,False,False,False,False,False,True,False,False,False,35.0,106.0,6.0,1.0
10968.0,1969.0,57731.0,0.0,1.0,0.0,0.0,266.0,21.0,300.0,65.0,8.0,44.0,4.0,8.0,8.0,6.0,6.0,0.0,0.0,0.0,0.0,0.0,0.0,False,False,True,False,False,False,False,False,False,True,False,False,False,56.0,704.0,22.0,1.0
11133.0,1973.0,48432.0,0.0,1.0,3.0,0.0,322.0,3.0,50.0,4.0,3.0,42.0,5.0,7.0,1.0,6.0,8.0,0.0,0.0,0.0,0.0,0.0,1.0,False,False,False,False,True,False,False,False,False,False,False,False,True,52.0,424.0,14.0,1.0
2736.0,1978.0,73807.0,0.0,1.0,88.0,0.0,366.0,81.0,156.0,71.0,78.0,54.0,2.0,5.0,5.0,11.0,2.0,0.0,0.0,0.0,0.0,0.0,0.0,False,False,True,False,False,False,False,False,True,False,False,False,False,47.0,849.0,21.0,1.0
1876.0,1990.0,18929.0,0.0,0.0,15.0,0.0,32.0,0.0,8.0,23.0,4.0,18.0,1.0,1.0,0.0,4.0,6.0,0.0,0.0,0.0,0.0,0.0,0.0,False,False,True,False,False,False,False,False,True,False,False,False,False,35.0,85.0,5.0,0.0
5959.0,1968.0,35893.0,1.0,1.0,80.0,0.0,158.0,0.0,23.0,0.0,0.0,18.0,6.0,3.0,1.0,5.0,8.0,0.0,0.0,0.0,0.0,0.0,0.0,False,False,True,False,False,False,False,False,False,True,False,False,False,57.0,199.0,9.0,2.0
1092.0,1980.0,61014.0,0.0,1.0,17.0,0.0,269.0,81.0,495.0,120.5,43.0,29.0,4.0,9.0,3.0,4.0,7.0,0.0,0.0,0.0,0.0,0.0,0.0,False,False,True,False,False,False,False,False,True,False,False,False,False,45.0,1147.0,16.0,1.0
4333.0,1954.0,32144.0,1.0,1.0,76.0,0.0,41.0,0.0,10.0,0.0,0.0,3.0,4.0,2.0,1.0,3.0,7.0,0.0,0.0,0.0,1.0,0.0,0.0,False,False,True,False,False,False,False,False,False,False,True,False,False,71.0,54.0,6.0,2.0
3850.0,1963.0,14918.0,0.0,1.0,52.0,0.0,3.0,3.0,3.0,15.0,4.0,15.0,1.0,1.0,0.0,3.0,6.0,0.0,0.0,0.0,0.0,0.0,0.0,False,True,False,False,False,False,False,False,False,False,True,False,False,62.0,43.0,4.0,1.0
6168.0,1963.0,45146.0,1.0,1.0,28.0,0.0,33.0,0.0,5.0,0.0,0.0,15.0,2.0,1.0,1.0,2.0,4.0,0.0,0.0,0.0,0.0,0.0,0.0,False,False,True,False,False,False,False,True,False,False,False,False,False,62.0,53.0,4.0,2.0
607.0,1955.0,41769.0,0.0,1.0,31.0,0.0,302.0,29.0,131.0,32.0,0.0,27.0,6.0,8.0,1.0,7.0,8.0,0.0,0.0,0.0,0.0,0.0,0.0,True,False,False,False,False,False,False,True,False,False,False,False,False,70.0,521.0,16.0,1.0
10469.0,1981.0,88325.0,0.0,0.0,42.0,0.0,519.0,71.0,556.0,93.0,27.0,53.0,1.0,6.0,2.0,9.0,2.0,0.0,0.0,0.0,0.0,0.0,0.0,False,False,True,False,False,False,False,False,False,False,True,False,False,44.0,1623.0,17.0,0.0
6983.0,1950.0,38054.0,1.0,1.0,24.0,0.0,23.0,2.0,17.0,2.0,1.0,0.0,2.0,2.0,0.0,3.0,7.0,0.0,0.0,0.0,0.0,0.0,0.0,False,False,False,True,False,False,False,True,False,False,False,False,False,75.0,45.0,5.0,2.0
3661.0,1995.0,80617.0,0.0,0.0,42.0,0.0,594.0,51.0,556.0,72.0,55.0,32.0,1.0,4.0,6.0,8.0,2.0,0.0,0.0,0.0,0.0,0.0,0.0,True,False,False,False,False,False,False,False,False,True,False,False,False,30.0,1435.0,18.0,0.0
9303.0,1976.0,5305.0,0.0,1.0,12.0,0.0,12.0,4.0,7.0,1.0,3.0,5.0,0.0,1.0,0.0,0.0,13.0,0.0,0.0,0.0,0.0,0.0,0.0,False,False,True,False,False,False,False,False,True,False,False,False,False,49.0,32.0,1.0,1.0
692.0,1954.0,36807.0,1.0,1.0,88.0,0.0,4.0,2.0,5.0,0.0,0.0,5.0,1.0,1.0,0.0,2.0,6.0,0.0,0.0,0.0,0.0,0.0,0.0,False,False,True,False,False,False,False,False,False,False,True,False,False,71.0,16.0,3.0,2.0
736.0,1983.0,28427.0,1.0,0.0,67.0,0.0,18.0,3.0,19.0,3.0,3.0,6.0,2.0,2.0,0.0,3.0,8.0,0.0,0.0,0.0,0.0,0.0,0.0,False,False,True,False,False,False,False,False,False,False,True,False,False,42.0,52.0,5.0,1.0
9589.0,1948.0,82032.0,0.0,0.0,54.0,0.0,332.0,81.0,377.0,120.5,81.0,57.0,0.0,4.0,6.0,7.0,1.0,0.0,0.0,0.0,0.0,0.0,0.0,False,False,False,False,True,False,False,False,False,False,False,True,False,77.0,1234.0,17.0,0.0
4838.0,1978.0,22775.0,1.0,0.0,40.0,0.0,5.0,1.0,8.0,0.0,0.0,1.0,1.0,1.0,0.0,2.0,8.0,0.0,0.0,0.0,0.0,0.0,0.0,False,False,True,False,False,False,False,False,False,False,True,False,False,47.0,15.0,3.0,1.0
9246.0,1985.0,40101.0,1.0,0.0,73.0,0.0,171.0,3.0,129.0,26.0,24.0,62.0,4.0,6.0,1.0,6.0,7.0,0.0,0.0,0.0,0.0,0.0,0.0,False,False,False,True,False,False,False,False,False,False,True,False,False,40.0,415.0,13.0,1.0
6261.0,1979.0,58025.0,0.0,1.0,81.0,0.0,270.0,31.0,88.0,11.0,48.0,22.0,3.0,3.0,2.0,10.0,4.0,0.0,0.0,0.0,0.0,0.0,0.0,False,False,True,False,False,False,False,False,True,False,False,False,False,46.0,470.0,15.0,1.0
7366.0,1982.0,75777.0,0.0,0.0,12.0,0.0,712.0,26.0,538.0,69.0,13.0,80.0,1.0,3.0,6.0,11.0,1.0,0.0,0.0,0.0,1.0,1.0,1.0,False,False,False,True,False,False,False,False,False,True,False,False,False,43.0,1438.0,20.0,0.0
10659.0,1979.0,7500.0,1.0,0.0,7.0,0.0,2.0,8.0,11.0,3.0,8.0,21.0,4.0,3.0,2.0,2.0,7.0,0.0,0.0,0.0,0.0,0.0,0.0,True,False,False,False,False,False,False,False,False,False,True,False,False,46.0,53.0,7.0,1.0
1448.0,1963.0,33562.0,1.0,2.0,33.0,0.0,21.0,12.0,12.0,0.0,3.0,3.0,3.0,2.0,0.0,4.0,4.0,0.0,0.0,0.0,0.0,0.0,0.0,False,False,False,True,False,False,False,False,True,False,False,False,False,62.0,51.0,6.0,2.5
4286.0,1970.0,57642.0,0.0,1.0,24.0,0.0,580.0,6.0,58.0,8.0,0.0,27.0,3.0,7.0,6.0,6.0,4.0,0.0,0.0,1.0,0.0,0.0,0.0,False,False,False,False,True,False,False,False,False,True,False,False,False,55.0,679.0,19.0,1.0
4749.0,1968.0,58554.0,1.0,1.0,55.0,0.0,368.0,24.0,68.0,38.0,0.0,88.0,6.0,8.0,2.0,6.0,7.0,0.0,0.0,0.0,0.0,0.0,0.0,False,False,True,False,False,False,False,False,False,False,True,False,False,57.0,586.0,16.0,2.0
4478.0,1979.0,63777.0,1.0,1.0,87.0,0.0,457.0,5.0,106.0,15.0,17.0,53.0,6.0,11.0,1.0,6.0,8.0,0.0,0.0,0.0,0.0,0.0,0.0,False,False,True,False,False,False,False,False,True,False,False,False,False,46.0,653.0,18.0,2.0
4201.0,1962.0,57967.0,0.0,1.0,39.0,0.0,229.0,7.0,137.0,4.0,0.0,91.0,5.0,4.0,2.0,8.0,5.0,0.0,0.0,0.0,0.0,0.0,0.0,False,False,True,False,False,False,False,False,False,True,False,False,False,63.0,468.0,14.0,1.0
8720.0,1978.0,81546.77493207055,0.0,0.0,53.0,0.0,32.0,2.0,556.0,12.0,4.0,22.0,0.0,0.0,0.0,1.0,0.0,0.0,0.0,0.0,1.0,0.0,0.0,True,False,False,False,False,False,False,False,False,False,True,False,False,47.0,1679.0,1.0,0.0
10084.0,1972.0,24434.0,2.0,0.0,9.0,0.0,3.0,2.0,8.0,20.0,0.0,17.0,2.0,2.0,1.0,2.0,7.0,0.0,0.0,0.0,0.0,0.0,0.0,False,False,True,False,False,False,False,False,True,False,False,False,False,53.0,50.0,5.0,2.0
7004.0,1984.0,11012.0,1.0,0.0,82.0,0.0,24.0,3.0,26.0,7.0,1.0,23.0,3.0,3.0,1.0,2.0,9.0,0.0,0.0,1.0,0.0,0.0,0.0,False,False,True,False,False,False,False,False,False,True,False,False,False,41.0,84.0,6.0,1.0
9817.0,1970.0,44802.0,0.0,0.0,71.0,0.0,853.0,10.0,143.0,13.0,10.0,20.0,2.0,9.0,4.0,12.0,8.0,0.0,0.0,0.0,0.0,0.0,0.0,False,False,False,True,False,False,False,False,False,True,False,False,False,55.0,1049.0,25.0,0.0
8080.0,1986.0,26816.0,0.0,0.0,50.0,0.0,5.0,1.0,6.0,3.0,4.0,3.0,1.0,0.0,0.0,3.0,4.0,0.0,0.0,0.0,0.0,0.0,0.0,False,False,True,False,False,False,False,False,False,True,False,False,False,39.0,22.0,3.0,0.0
9432.0,1977.0,118320.375,1.0,0.0,23.0,0.0,9.0,14.0,18.0,8.0,1.0,12.0,4.0,3.0,1.0,3.0,6.0,0.0,0.0,0.0,0.0,0.0,0.0,False,False,True,False,False,False,False,False,False,False,True,False,False,48.0,62.0,7.0,1.0
8372.0,1974.0,34421.0,1.0,0.0,81.0,0.0,3.0,3.0,7.0,6.0,2.0,9.0,1.0,1.0,0.0,2.0,7.0,0.0,0.0,0.0,0.0,0.0,0.0,False,False,True,False,False,False,False,False,True,False,False,False,False,51.0,30.0,3.0,1.0
10870.0,1967.0,61223.0,0.0,1.0,46.0,0.0,709.0,43.0,182.0,42.0,81.0,126.5,2.0,9.0,3.0,4.0,5.0,0.0,0.0,0.0,0.0,0.0,0.0,False,False,True,False,False,False,False,False,True,False,False,False,False,58.0,1341.0,16.0,1.0
4001.0,1946.0,64014.0,2.0,1.0,56.0,0.0,406.0,0.0,30.0,0.0,0.0,8.0,6.0,8.0,2.0,5.0,7.0,1.0,0.0,0.0,0.0,0.0,0.0,False,False,False,False,True,False,False,False,False,False,True,False,False,79.0,444.0,15.0,2.5
7270.0,1981.0,56981.0,0.0,0.0,91.0,0.0,908.0,48.0,217.0,32.0,12.0,24.0,1.0,2.0,3.0,13.0,6.0,0.0,0.0,0.0,1.0,0.0,0.0,False,False,True,False,False,False,False,True,False,False,False,False,False,44.0,1241.0,18.0,0.0
8235.0,1956.0,69245.0,0.0,1.0,8.0,0.0,428.0,30.0,214.0,80.0,30.0,61.0,2.0,6.0,5.0,10.0,3.0,0.0,0.0,0.0,0.0,0.0,0.0,False,False,False,True,False,False,False,False,False,False,True,False,False,69.0,843.0,21.0,1.0
9405.0,1954.0,52869.0,1.0,1.0,40.0,0.0,84.0,3.0,61.0,2.0,1.0,21.0,3.0,3.0,1.0,4.0,7.0,0.0,0.0,0.0,0.0,0.0,1.0,False,False,False,False,True,False,False,False,True,False,False,False,False,71.0,172.0,8.0,2.0
0.0,0.0,0.0,0.0,0.0,0.0,0.0,0.0,0.0,0.0,0.0,0.0,0.0,6.0,0.0,0.0,0.0,0.0,0.0,0.0,0.0,0.0,0.0,0.0,,,,,,,,,,,,,,,2514.0,0.0,0.0
