customer_id,birth_year,annual_income,num_children,num_teenagers,days_since_last_purchase,has_recent_complaint,spend_wine,spend_fruits,spend_meat,spend_fish,spend_sweets,spend_gold,num_discount_purchases,num_web_purchases,num_catalog_purchases,num_store_purchases,web_visits_last_month,accepted_campaign_1,accepted_campaign_2,accepted_campaign_3,accepted_campaign_4,accepted_campaign_5,accepted_last_campaign,education_level_2n Cycle,education_level_Basic,education_level_Graduation,education_level_Master,education_level_PhD,marital_status_Absurd,marital_status_Alone,marital_status_Divorced,marital_status_Married,marital_status_Single,marital_status_Together,marital_status_Widow,marital_status_YOLO,age,total_spend,total_purchases,family_size,cluster,PC1,PC2
5524,1957,58138.0,0,0.0,58,0,635,81,546,120.5,81,88.0,3,8,10,4,7,0,0,0,0,0,1,False,False,True,False,False,False,False,False,False,True,False,False,False,68,1617.0,22,0.0,1,1.733985185026169,1.0529683289501524
2174,1954,46344.0,1,1.0,38,0,11,1,6,2.0,1,6.0,2,1,1,2,5,0,0,0,0,0,0,False,False,True,False,False,False,False,False,False,True,False,False,False,71,27.0,4,2.0,0,-1.4517792902915831,0.41500430271809186
4141,1965,71613.0,0,0.0,26,0,426,49,127,111.0,21,42.0,1,8,2,10,4,0,0,0,0,0,0,False,False,True,False,False,False,False,False,False,False,True,False,False,60,776.0,20,0.0,1,1.9019300805243846,-0.5752462251507124
6182,1984,26646.0,1,0.0,26,0,11,4,20,10.0,3,5.0,2,2,0,4,6,0,0,0,0,0,0,False,False,True,False,False,False,False,False,False,False,True,False,False,41,53.0,6,1.0,0,-1.7045770662407462,-1.1790550625133318
5324,1981,58293.0,1,0.0,94,0,173,43,118,46.0,27,15.0,5,5,3,6,5,0,0,0,0,0,0,False,False,False,False,True,False,False,False,True,False,False,False,False,44,422.0,14,1.0,0,-0.27096437681676777,1.0037409204832948
7446,1967,62513.0,0,1.0,16,0,520,42,98,0.0,42,14.0,2,6,4,10,6,0,0,0,0,0,0,False,False,False,True,False,False,False,False,False,False,True,False,False,58,716.0,20,1.0,1,0.6755565986756427,0.4504981407545638
965,1971,55635.0,0,1.0,34,0,235,65,164,50.0,49,27.0,4,7,3,7,6,0,0,0,0,0,0,False,False,True,False,False,False,False,True,False,False,False,False,False,54,590.0,17,1.0,0,-0.013601768947182255,1.0214574422918157
6177,1985,33454.0,1,0.5063752276867031,32,0,76,10,56,3.0,1,23.0,2,4,0,4,8,0,0,0,0,0,0,False,False,False,False,True,False,False,False,True,False,False,False,False,40,169.0,8,1.506375227686703,0,-1.9324424063765835,-0.5771240237452063
4855,1974,30351.0,1,0.0,19,0,14,0,24,3.0,3,2.0,1,3,0,2,9,0,0,0,0,0,1,False,False,False,False,True,False,False,False,False,False,True,False,False,51,46.0,5,1.0,0,-2.022759270798096,-1.099082468139311
5899,1950,5648.0,1,1.0,68,0,28,0,6,1.0,1,13.0,1,1,0,0,13,0,0,1,0,0,0,False,False,False,False,False,False,False,False,False,False,True,False,False,75,49.0,1,2.0,0,-3.8165363988404795,0.29849970326878833
1994,1983,52266.03129314312,1,0.0,11,0,5,5,6,0.0,2,1.0,1,1,0,2,7,0,0,0,0,0,0,False,False,True,False,False,False,False,False,True,False,False,False,False,42,19.0,3,1.0,0,-1.387167082656726,-1.4864766185553364
387,1976,7500.0,0,0.0,59,0,6,16,11,11.0,1,16.0,1,2,0,3,8,0,0,0,0,0,0,False,True,False,False,False,False,False,False,True,False,False,False,False,49,61.0,5,0.0,0,-1.881568054473494,-1.9479050126900188
2125,1959,63033.0,0,0.0,82,0,194,61,480,120.5,81,30.0,1,3,4,8,2,0,0,0,0,0,0,False,False,True,False,False,False,False,True,False,False,False,False,False,66,1102.0,15,0.0,1,2.073693582677221,-0.6515256375739061
8180,1952,59354.0,1,1.0,53,0,233,2,53,3.0,5,14.0,3,6,1,5,6,0,0,0,0,0,0,False,False,False,True,False,False,False,True,False,False,False,False,False,73,310.0,12,2.0,0,-0.6830552138519091,1.5649374780484888
2569,1987,17323.0,0,0.0,38,0,3,14,17,6.0,1,5.0,1,1,0,3,8,0,0,0,0,0,0,False,False,True,False,False,False,False,False,True,False,False,False,False,38,46.0,4,0.0,0,-1.8259626993701685,-2.3192360963548753
2114,1946,82800.0,0,0.0,23,0,1006,22,115,59.0,68,45.0,1,7,6,12,3,1,0,0,0,1,1,False,False,False,False,True,False,False,False,False,True,False,False,False,79,1315.0,25,0.0,1,3.242637801237319,0.4220599016775395
9736,1980,41850.0,1,1.0,51,0,53,5,19,2.0,13,4.0,3,3,0,3,8,0,0,0,0,0,0,False,False,True,False,False,False,False,False,True,False,False,False,False,45,96.0,6,2.0,0,-2.2210504799152386,0.31936815517329303
4939,1946,37760.0,0,0.0,20,0,84,5,38,120.5,12,28.0,2,4,1,6,7,0,0,0,0,0,0,False,False,True,False,False,False,False,False,False,False,True,False,False,79,317.0,11,0.0,0,-0.29006740356734556,-0.06927405275803843
6565,1949,76995.0,0,1.0,91,0,1012,80,498,0.0,16,126.5,2,11,4,9,5,1,0,0,0,0,0,False,False,False,True,False,False,False,False,True,False,False,False,False,76,1782.0,24,1.0,1,2.473910208795778,1.6502086118713897
2278,1985,33812.0,1,0.0,86,0,4,17,19,30.0,24,39.0,2,2,1,3,6,0,0,0,0,0,0,True,False,False,False,False,False,False,False,False,True,False,False,False,40,133.0,6,1.0,0,-1.4628435150042132,-1.0383399967052944
9360,1982,37040.0,0,0.0,41,0,86,2,73,69.0,38,48.0,1,4,2,5,8,0,0,0,0,0,0,False,False,True,False,False,False,False,False,True,False,False,False,False,43,316.0,11,0.0,0,-0.6711219024130283,-1.608410395645532
5376,1979,2447.0,1,0.0,42,0,1,1,556,1.0,1,1.0,6,0,10,0,1,0,0,0,0,0,0,False,False,True,False,False,False,False,False,True,False,False,False,False,46,1730.0,28,1.0,1,0.9534336328959659,1.648200239077759
1993,1949,58607.0,0,1.0,63,0,867,0,86,0.0,0,19.0,3,2,3,9,8,0,0,0,1,0,0,False,False,False,False,True,False,False,False,True,False,False,False,False,76,972.0,14,1.0,0,0.1289812663585803,1.4806714400302545
4047,1954,65324.0,0,1.0,0,0,384,0,102,21.0,32,5.0,3,6,2,9,4,0,0,0,0,0,0,False,False,False,False,True,False,False,False,True,False,False,False,False,71,544.0,17,1.0,1,0.7625283460969225,0.9969429159100429
1409,1951,40689.0,0,0.5063752276867031,69,0,270,3,27,39.0,6,99.0,6,7,1,5,8,0,0,0,0,0,0,False,False,True,False,False,False,False,False,False,False,True,False,False,74,444.0,13,0.5063752276867031,0,-0.8702858395960982,2.1587795124365368
7892,1969,18589.0,0,0.0,89,0,6,4,25,15.0,12,13.0,2,2,1,3,7,0,0,0,0,0,0,False,False,True,False,False,False,False,False,False,True,False,False,False,56,75.0,6,0.0,0,-1.413857829482669,-1.1574945637279326
2404,1976,53359.0,1,1.0,4,0,173,4,30,3.0,6,41.0,4,5,1,4,7,0,0,0,0,0,0,False,False,True,False,False,False,False,False,True,False,False,False,False,49,257.0,10,2.0,0,-1.4871177259119743,1.0600988103117202
5255,1986,52266.03129314312,1,0.0,19,0,5,1,3,3.0,81,126.5,0,12,0,0,1,0,0,0,0,0,0,False,False,True,False,False,False,False,False,False,True,False,False,False,39,637.0,27,1.0,1,1.7367029513745516,-1.2275130025614513
9422,1989,38360.0,1,0.0,26,0,36,2,42,20.0,21,10.0,2,2,1,4,3,0,0,0,0,0,0,False,False,True,False,False,False,False,False,True,False,False,False,False,36,131.0,7,1.0,0,-0.8240408323666141,-1.4138259498717145
1966,1965,84618.0,0,0.0,96,0,684,81,556,21.0,66,0.0,1,6,9,10,2,0,0,0,0,1,0,False,False,False,False,True,False,False,False,True,False,False,False,False,60,1672.0,25,0.0,1,3.6127154764365184,-0.06354122715662112
6864,1989,10979.0,0,0.0,34,0,8,4,10,2.0,2,4.0,2,3,0,3,5,0,0,0,0,0,0,False,False,False,True,False,False,False,True,False,False,False,False,False,36,30.0,6,0.0,0,-1.4621336545667944,-2.1324134695767527
3033,1963,38620.0,0,0.0,56,0,112,17,44,34.0,22,89.0,1,2,5,3,3,0,0,0,0,0,0,False,False,False,True,False,False,False,False,False,False,True,False,False,62,318.0,10,0.0,0,0.34337072127966217,-1.3619139578053046
5710,1970,40548.0,0,1.0,31,0,110,0,5,2.0,0,3.0,2,2,1,4,5,0,0,0,1,0,0,False,False,True,False,False,False,False,False,False,False,True,False,False,55,120.0,7,1.0,0,-0.9711322369460217,-0.6101045092145609
7373,1952,46610.0,0,2.0,8,0,96,12,96,33.0,22,43.0,6,4,1,6,6,0,0,0,0,0,1,False,False,False,False,True,False,False,True,False,False,False,False,False,73,302.0,11,2.0,0,-1.3812512228404015,2.6872127091473126
8755,1946,68657.0,0,0.0,4,0,482,34,471,119.0,68,22.0,1,3,5,9,7,0,0,0,0,0,0,False,False,False,True,False,False,False,False,True,False,False,False,False,79,1196.0,17,0.0,1,1.6152220355567395,0.18665764850388739
10738,1951,49389.0,1,1.0,55,0,40,0,19,2.0,1,3.0,1,2,0,3,7,0,0,0,0,0,0,False,False,False,True,False,False,False,False,False,True,False,False,False,74,65.0,5,2.0,0,-1.5010101459435294,0.3236322628043962
4339,1970,67353.0,0,1.0,37,0,702,17,151,0.0,8,35.0,5,5,6,12,2,0,0,0,0,0,0,False,False,False,False,True,False,False,False,True,False,False,False,False,55,913.0,23,1.0,1,1.4956749338485105,1.650933694187208
10755,1976,23718.0,1,0.0,76,0,6,3,14,15.0,7,36.0,3,3,1,2,7,0,0,0,0,0,0,True,False,False,False,False,False,False,False,True,False,False,False,False,49,81.0,6,1.0,0,-1.948807543165022,-0.32495645476269847
8595,1973,42429.0,0,1.0,99,0,55,0,6,2.0,0,4.0,2,1,1,3,5,0,0,0,0,0,0,False,False,True,False,False,False,False,False,False,False,False,True,False,52,67.0,5,1.0,0,-1.098586680736862,-0.6877639687949982
2968,1943,48948.0,0,0.0,53,0,437,8,206,120.5,49,42.0,2,7,10,5,6,0,0,1,0,0,1,False,False,False,False,True,False,False,True,False,False,False,False,False,82,902.0,22,0.0,1,1.3375070187506544,0.7406832570219226
8601,1980,80011.0,0,1.0,3,0,421,76,536,82.0,81,102.0,2,8,6,5,4,0,0,0,0,0,0,False,False,True,False,False,False,False,False,True,False,False,False,False,45,1395.0,19,1.0,1,1.807891331766476,0.10413781661092184
503,1985,20559.0,1,0.0,88,0,13,1,29,3.0,0,7.0,2,2,0,3,8,0,0,0,0,0,0,False,False,False,True,False,False,False,False,True,False,False,False,False,40,53.0,5,1.0,0,-2.247180047203119,-1.0540398733399932
8430,1957,21994.0,0,1.0,4,0,9,0,6,3.0,1,3.0,1,0,0,3,5,0,0,0,0,0,0,False,False,True,False,False,False,False,False,False,False,True,False,False,68,22.0,3,1.0,0,-1.5234632331802713,-1.0229745324926764
7281,1959,52266.03129314312,0,0.0,80,0,81,11,50,3.0,2,39.0,1,1,3,4,2,0,0,0,0,0,0,False,False,False,False,True,False,False,False,False,True,False,False,False,66,186.0,8,0.0,1,0.6454054646165306,-1.2808890984417711
2139,1975,7500.0,1,0.0,19,0,3,1,10,3.0,2,12.0,3,2,0,3,5,0,0,0,0,0,0,False,False,False,True,False,False,False,False,True,False,False,False,False,50,31.0,5,1.0,0,-2.0881413177903227,-0.7207548930329939
1371,1976,79941.0,0,0.0,72,0,123,81,266,120.5,30,126.5,1,2,4,9,1,0,0,0,0,0,0,False,False,True,False,False,False,False,False,False,True,False,False,False,49,984.0,15,0.0,1,2.4006705920693054,-1.2027739182933692
9909,1996,7500.0,0,0.0,24,0,3,18,14,15.0,22,50.0,3,3,1,3,9,0,0,0,0,0,1,True,False,False,False,False,False,False,False,True,False,False,False,False,29,122.0,7,0.0,0,-2.274065139943757,-1.5919009260993806
7286,1968,41728.0,1,0.0,92,0,13,6,15,3.0,5,13.0,1,2,0,2,10,0,0,0,0,0,0,False,False,True,False,False,False,False,False,False,False,True,False,False,57,55.0,4,1.0,0,-1.9149456747040405,-0.6592636007542465
7244,1951,52266.03129314312,2,1.0,96,0,48,5,48,6.0,10,7.0,3,2,1,4,6,0,0,0,0,0,0,False,False,True,False,False,False,False,False,False,True,False,False,False,74,124.0,7,2.5,0,-1.5324198311468638,1.6376607455456413
6566,1954,72550.0,1,1.0,39,0,826,50,317,50.0,38,38.0,6,5,2,12,8,0,0,0,0,0,0,False,False,False,False,True,False,False,False,True,False,False,False,False,71,1319.0,19,2.0,1,0.18637866011994972,3.6375426319750424
8614,1957,65486.0,0,1.0,29,0,245,19,125,37.0,67,14.0,1,4,2,10,2,0,0,0,0,0,0,False,False,True,False,False,False,False,False,False,False,False,True,False,68,507.0,16,1.0,1,1.2206934679459,-0.15472187234075693
4114,1964,79143.0,0,0.0,2,0,650,37,556,27.0,81,32.0,1,6,9,13,3,0,0,0,0,0,0,False,False,False,True,False,False,False,False,True,False,False,False,False,61,1693.0,28,0.0,1,3.493021822079502,-0.010019986467045232
1331,1977,35790.0,1,0.0,54,0,12,6,20,30.0,1,3.0,2,2,0,3,7,0,0,0,0,0,0,False,False,True,False,False,False,False,False,False,True,False,False,False,48,72.0,5,1.0,0,-1.646140779599697,-0.794773474691985
2225,1977,82582.0,0,0.0,54,0,510,81,550,120.5,40,126.5,1,4,9,7,1,1,0,1,0,0,1,False,False,True,False,False,False,False,True,False,False,False,False,False,48,1617.0,20,0.0,1,3.2717764365668867,-0.8630991682318815
9381,1978,66373.0,1,1.0,57,0,328,9,124,12.0,24,109.0,6,4,2,10,3,0,0,0,0,0,0,False,False,True,False,False,False,False,False,True,False,False,False,False,47,606.0,16,2.0,0,-0.04270497668980813,2.136167315972934
6260,1955,82384.0,0,0.0,55,0,984,51,432,120.5,81,126.5,1,3,10,13,1,0,0,0,0,1,1,False,False,False,True,False,False,False,False,False,False,True,False,False,70,1957.0,26,0.0,1,4.099874684235868,0.22324431718093457
10383,1966,70287.0,0,0.0,30,0,295,35,482,120.5,81,40.0,1,5,5,10,3,0,0,0,0,0,1,False,False,True,False,False,False,False,True,False,False,False,False,False,59,1093.0,20,0.0,1,2.295869685703367,-0.6106862560436408
7437,1988,27938.0,1,0.0,31,0,13,0,8,2.0,1,5.0,1,1,0,4,3,0,0,0,0,0,0,False,False,True,False,False,False,False,False,False,True,False,False,False,37,29.0,5,1.0,0,-1.1569425286368287,-2.0183773482081073
8557,1982,52266.03129314312,1,0.0,57,0,11,3,22,2.0,2,6.0,2,2,0,3,6,0,0,0,0,0,0,False,False,True,False,False,False,False,False,False,True,False,False,False,43,46.0,5,1.0,0,-1.1500745588340762,-0.9075900141454216
8375,1968,55954.0,0,1.0,63,0,447,0,28,0.0,0,43.0,3,8,2,6,7,0,0,0,0,0,0,False,False,False,False,True,False,False,False,True,False,False,False,False,57,518.0,16,1.0,0,-0.16097991069616563,0.7351636138873433
6853,1982,75777.0,0,0.0,12,0,712,26,538,69.0,13,80.0,1,3,6,11,1,0,0,0,1,1,1,False,False,False,True,False,False,False,False,False,True,False,False,False,43,1438.0,20,0.0,1,2.913476994286861,-1.1946804904236428
3076,1975,66653.0,1,1.0,18,0,452,18,102,16.0,18,6.0,4,4,2,12,3,0,0,0,0,0,0,False,False,True,False,False,False,False,False,False,False,True,False,False,50,612.0,18,2.0,1,0.3187409874636892,1.3710376023311364
1012,1952,61823.0,0,1.0,26,0,523,7,134,37.0,14,126.5,4,8,2,10,7,0,0,0,0,0,0,False,False,True,False,False,False,False,False,False,True,False,False,False,73,884.0,20,1.0,1,0.5367244826393567,1.9709973435054562
6518,1951,67680.0,0,1.0,8,0,546,0,48,0.0,6,6.0,1,7,3,8,5,0,0,0,0,0,0,False,False,False,False,True,False,False,False,False,False,False,True,False,74,606.0,18,1.0,1,0.9952600602007396,0.36814904486864053
4137,1948,70666.0,0,0.0,29,0,398,40,367,119.0,81,30.0,1,7,4,4,4,0,0,0,0,0,0,False,False,True,False,False,False,False,False,False,False,True,False,False,77,1076.0,15,0.0,1,1.9561294422812525,-0.1689131876401351
8082,1971,25721.0,1,0.0,75,0,1,3,6,3.0,6,15.0,1,1,1,2,7,0,0,0,0,0,1,False,False,True,False,False,False,False,False,True,False,False,False,False,54,34.0,4,1.0,0,-1.8100341450917388,-1.1433119927625917
1386,1967,32474.0,1,1.0,0,0,10,0,1,0.0,0,0.0,1,1,0,2,7,0,0,0,0,0,0,False,False,True,False,False,False,False,False,False,False,True,False,False,58,11.0,3,2.0,0,-2.2134088368184823,-0.534815556986773
9369,1979,88194.0,0,1.0,19,0,688,14,309,120.5,24,38.0,1,11,10,10,5,1,0,1,0,0,1,True,False,False,False,False,False,False,False,False,True,False,False,False,46,1274.0,31,1.0,1,2.589840602194534,0.37321136260282733
4477,1958,69096.0,0,1.0,4,0,247,49,159,7.0,81,109.0,1,5,2,10,4,0,0,0,0,0,0,False,False,True,False,False,False,False,False,False,False,True,False,False,67,653.0,17,1.0,1,1.119242650096003,0.03101947708291648
1357,1970,74854.0,1,2.0,90,0,856,59,487,58.0,29,73.0,6,2,5,5,5,0,0,0,0,0,0,False,False,False,False,False,False,False,False,False,False,True,False,False,55,1562.0,12,2.5,1,0.1638969549033233,3.020256995157707
1402,1954,66991.0,0,0.0,1,0,496,36,460,120.5,60,12.0,3,4,8,6,3,0,0,0,0,0,0,False,False,False,True,False,False,False,False,True,False,False,False,False,71,1253.0,18,0.0,1,2.1034787339522265,0.5576111670546166
10629,1973,52266.03129314312,1,0.0,25,0,25,3,43,17.0,4,17.0,3,3,0,3,8,0,0,0,0,0,0,True,False,False,False,False,False,False,False,True,False,False,False,False,52,109.0,6,1.0,0,-1.4276275370248224,-0.002024057835149648
6312,1959,65031.0,0,1.0,29,0,258,81,291,84.0,37,86.0,4,10,3,13,7,0,0,0,0,0,0,False,False,True,False,False,False,False,False,True,False,False,False,False,66,863.0,26,1.0,1,0.9090325994895423,2.037415053989041
8132,1975,60631.0,1,1.0,88,0,565,6,65,0.0,6,19.0,5,9,2,8,7,0,0,0,1,0,0,False,False,False,False,True,False,False,False,True,False,False,False,False,50,661.0,19,2.0,0,-0.5038175651097847,2.244226074267131
1050,1952,28332.0,0,0.0,58,0,14,10,13,4.0,15,9.0,1,2,1,4,2,0,0,0,0,0,0,False,False,True,False,False,False,False,False,True,False,False,False,False,73,65.0,7,0.0,0,-0.019641203625077014,-1.3479085790201748
5846,1977,40246.0,1,0.0,68,0,2,1,6,2.0,1,1.0,1,1,0,2,6,0,0,0,0,0,0,False,False,True,False,False,False,False,True,False,False,False,False,False,48,13.0,3,1.0,0,-1.428834876576427,-1.3654288575786828
1859,1972,75251.0,0,0.0,34,0,721,81,556,97.0,18,18.0,1,7,6,5,5,0,0,0,0,0,1,False,False,False,True,False,False,False,False,True,False,False,False,False,53,1890.0,18,0.0,1,2.5346550192353785,-0.5118597775594006
7503,1976,75825.0,0,0.0,40,0,1032,81,556,120.5,81,51.0,0,5,8,9,4,0,0,1,0,0,1,False,False,True,False,False,False,False,False,False,True,False,False,False,49,2209.0,22,0.0,1,3.304615368056166,-0.8936168585779315
10401,1976,26326.0,0,0.0,12,1,1,0,5,0.0,3,9.0,1,0,0,3,3,0,0,0,0,0,0,True,False,False,False,False,False,False,False,False,False,True,False,False,49,18.0,3,0.0,0,-0.7428384340961617,-2.3541181305050087
1618,1965,56046.0,0,0.0,9,0,577,0,64,0.0,0,51.0,2,10,1,8,8,0,0,1,0,0,1,False,False,True,False,False,False,False,False,False,False,True,False,False,60,692.0,19,0.0,1,0.5984561912800352,-0.04290733483596607
3332,1985,29760.0,1,0.0,87,0,64,4,68,7.0,5,17.0,4,3,1,4,8,0,0,0,0,0,0,False,False,True,False,False,False,False,False,False,True,False,False,False,40,165.0,8,1.0,0,-1.9693169105557118,0.07657550794260166
2261,1969,26304.0,1,0.0,5,0,4,1,5,2.0,0,4.0,1,1,0,2,7,0,0,0,0,0,0,False,False,True,False,False,False,False,False,True,False,False,False,False,56,16.0,3,1.0,0,-1.8780472924102365,-1.2367602513542575
5346,1973,23559.0,1,0.0,87,0,25,5,19,7.0,0,23.0,3,3,0,3,7,0,0,0,0,0,0,True,False,False,False,False,False,False,False,True,False,False,False,False,52,79.0,6,1.0,0,-1.9255949018935223,-0.20913960410165272
4119,1963,38620.0,0,0.0,56,0,112,17,44,34.0,22,89.0,1,2,5,3,3,0,0,0,0,0,0,False,False,False,True,False,False,False,False,False,False,True,False,False,62,318.0,10,0.0,0,0.34337072127966217,-1.3619139578053046
535,1987,81361.0,0,0.0,18,0,163,23,424,27.0,65,76.0,1,3,10,13,1,0,0,0,0,0,0,False,False,True,False,False,False,False,True,False,False,False,False,False,38,778.0,26,0.0,1,2.8405961229952825,-1.1931626434069142
5268,1960,29440.0,1,1.0,95,0,17,8,14,10.0,4,3.0,2,1,0,4,7,0,0,0,0,0,0,False,False,True,False,False,False,False,False,True,False,False,False,False,65,56.0,5,2.0,0,-2.1417504045405287,0.37898519051954355
273,1970,36138.0,1,1.0,48,0,130,0,16,0.0,0,5.0,5,3,1,4,7,0,0,0,1,0,0,False,False,False,True,False,False,False,False,True,False,False,False,False,55,151.0,8,2.0,0,-2.140318807557194,1.5265803941661449
4452,1957,50388.0,0,1.0,3,0,292,6,37,0.0,3,34.0,4,6,1,6,7,1,0,0,1,0,1,False,False,True,False,False,False,False,False,False,True,False,False,False,68,372.0,13,1.0,0,-0.6278970586986313,1.23402016862957
8504,1973,79593.0,0,0.0,70,0,350,60,556,110.0,81,126.5,1,5,6,7,2,0,0,0,0,1,0,False,False,True,False,False,False,False,False,True,False,False,False,False,52,1366.0,18,0.0,1,2.738164425228822,-0.804591605889608
771,1967,54178.0,0,1.0,79,0,135,9,39,4.0,0,7.0,1,2,2,5,2,0,0,0,0,0,0,False,False,True,False,False,False,False,False,False,False,True,False,False,58,194.0,9,1.0,0,0.2010916560386591,-0.8890645988493481
8996,1957,52266.03129314312,2,1.0,4,0,230,42,192,49.0,37,53.0,6,7,2,8,9,0,0,0,0,0,0,False,False,False,False,True,False,False,False,True,False,False,False,False,68,603.0,17,2.5,0,-1.4459747613538811,3.429646308180215
9235,1957,52266.03129314312,1,1.0,45,0,7,0,8,2.0,0,1.0,1,1,0,2,7,0,0,0,0,0,0,False,False,True,False,False,False,False,False,False,True,False,False,False,68,18.0,3,2.0,0,-1.6496964028699912,0.028177892078793672
5798,1973,52266.03129314312,0,0.0,87,0,445,37,359,98.0,28,18.0,1,2,4,8,1,0,0,0,0,0,0,False,False,False,True,False,False,False,False,False,False,True,False,False,52,985.0,14,0.0,1,1.7254795369030824,-1.3419429358619461
11178,1972,42394.0,1,0.0,69,0,15,2,10,0.0,1,4.0,1,1,0,3,7,0,0,0,0,0,0,False,False,False,True,False,False,False,False,False,True,False,False,False,53,32.0,4,1.0,0,-1.4340859122550167,-1.0555253380918341
2230,1970,23626.0,1,0.0,84,0,27,2,14,0.0,0,0.0,3,3,1,3,5,0,0,0,0,0,0,False,False,False,False,True,False,False,False,True,False,False,False,False,55,43.0,7,1.0,0,-1.5171951375950459,-0.2274395772623622
7516,1983,30096.0,1,0.0,30,0,5,3,11,12.0,5,9.0,1,2,0,3,6,0,0,0,0,0,0,False,False,True,False,False,False,False,False,True,False,False,False,False,42,45.0,5,1.0,0,-1.5768437604388394,-1.6076258578744307
7247,1960,47916.0,0,1.0,72,0,505,0,26,0.0,0,75.0,5,7,4,6,6,0,0,0,1,0,0,False,False,True,False,False,False,False,False,False,False,False,True,False,65,606.0,17,1.0,0,-0.18270186565622656,1.8396881443228785
11100,1972,51813.0,1,1.0,37,0,51,2,7,0.0,1,2.0,2,2,0,3,7,0,0,0,0,0,0,False,False,True,False,False,False,False,True,False,False,False,False,False,53,63.0,5,2.0,0,-1.734155726137153,0.06372772544974065
4646,1951,78497.0,0,0.0,44,0,207,26,447,75.0,0,126.5,1,5,7,12,2,1,0,0,0,0,0,True,False,False,False,False,False,False,False,True,False,False,False,False,74,978.0,24,0.0,1,2.9467215564725544,0.054075177849639215
3037,1983,50150.0,0,0.0,32,0,135,46,92,65.0,61,11.0,2,5,2,7,5,0,0,0,0,0,0,False,False,False,False,True,False,False,False,True,False,False,False,False,42,410.0,14,0.0,0,0.3032879513520906,-1.1711300265679694
1473,1960,47823.0,0,1.0,0,0,53,1,5,2.0,1,10.0,2,2,0,3,8,0,0,0,0,0,0,True,False,False,False,False,False,False,False,False,True,False,False,False,65,72.0,5,1.0,0,-1.415453122465588,-0.1489013472496956
1016,1959,34554.0,0,1.0,43,0,41,1,6,2.0,0,5.0,2,2,0,3,6,0,0,0,0,0,0,False,False,False,False,True,False,False,False,False,True,False,False,False,66,55.0,5,1.0,0,-1.3664237173846199,-0.30438070813646023
4518,1979,85693.0,0,1.0,59,0,386,81,183,120.5,81,111.0,2,9,5,11,5,0,0,0,0,0,0,False,False,True,False,False,False,False,False,False,False,True,False,False,46,1169.0,25,1.0,1,1.980048185731883,0.5677005313246705
9370,1945,65846.0,0,0.0,68,0,562,81,276,80.0,40,81.0,1,6,3,6,4,0,0,0,0,0,0,False,False,False,False,True,False,False,False,True,False,False,False,False,80,1120.0,15,0.0,1,1.9168933709115843,-0.032866337683012524
8908,1959,87195.0,0,0.0,35,0,217,76,556,50.0,26,38.0,1,3,10,5,1,0,0,0,0,0,1,False,False,True,False,False,False,False,False,True,False,False,False,False,66,1097.0,19,0.0,1,3.040252486395891,-0.4320833473138059
8373,1979,24594.0,1,0.0,94,0,1,3,6,10.0,0,9.0,1,1,0,3,5,0,0,0,0,0,0,False,True,False,False,False,False,False,False,False,False,True,False,False,46,29.0,4,1.0,0,-1.5516726797053455,-1.5382320372201064
7533,1964,49096.0,1,1.0,15,0,144,1,32,2.0,1,7.0,4,4,1,4,7,0,0,0,0,0,0,False,False,True,False,False,False,False,False,True,False,False,False,False,61,187.0,9,2.0,0,-1.6011834922646941,1.3802173844656795
2683,1969,52413.0,0,2.0,56,0,295,81,271,75.0,81,65.0,4,6,4,12,6,0,0,0,0,0,0,False,False,True,False,False,False,False,False,True,False,False,False,False,56,910.0,22,2.0,0,0.014821162075321965,2.0004401027502032
3629,1978,38557.0,1,0.0,17,0,76,3,31,4.0,4,27.0,2,3,1,3,7,0,0,0,0,0,0,False,False,True,False,False,False,False,False,False,True,False,False,False,47,145.0,7,1.0,0,-1.4182730539102977,-0.757749119238167
10991,1960,52266.03129314312,0,0.0,18,0,454,81,106,31.0,22,43.0,1,5,4,4,2,0,0,0,0,0,0,False,False,False,True,False,False,False,False,True,False,False,False,False,65,850.0,13,0.0,1,1.4666051892506902,-1.026428591867964
5077,1979,77298.0,0,1.0,46,0,425,81,292,23.0,35,79.0,1,6,6,11,3,0,0,0,0,0,0,False,False,True,False,False,False,False,False,False,False,True,False,False,46,969.0,23,1.0,1,1.9506441825582572,-0.2576433183291206
7431,1991,68126.0,0,0.0,40,0,1225,17,311,23.0,51,86.0,1,7,4,5,9,0,0,0,1,0,1,False,False,False,False,True,False,False,False,False,True,False,False,False,34,1820.0,16,0.0,1,1.3312166394651395,-0.9961905555291093
3267,1963,57288.0,0,1.0,27,0,527,0,21,0.0,0,60.0,3,8,1,8,6,0,0,0,1,0,0,False,False,False,True,False,False,False,False,False,False,True,False,False,62,608.0,17,1.0,0,0.2107181426946143,0.844998667013541
999,1991,86037.0,0,0.0,95,0,490,44,125,29.0,20,22.0,1,6,7,11,3,0,0,0,1,1,1,False,False,True,False,False,False,False,False,False,True,False,False,False,34,730.0,24,0.0,1,2.4268538649705764,-1.1157015009201352
9215,1980,43974.0,1,0.0,19,0,378,0,101,0.0,0,72.0,5,6,4,6,7,0,0,0,0,0,0,False,False,False,False,True,False,False,False,True,False,False,False,False,45,551.0,16,1.0,0,-0.7398637285272638,1.0744497265966884
2286,1962,50785.0,1,1.0,27,0,64,1,21,0.0,1,27.0,2,2,1,3,6,0,0,0,0,0,0,False,False,True,False,False,False,False,False,False,True,False,False,False,63,114.0,6,2.0,0,-1.3990928695513989,0.35396937060316486
1592,1970,90765.0,0,0.0,25,0,547,81,556,120.5,81,33.0,0,4,6,5,1,1,0,0,0,1,0,False,False,True,False,False,False,False,False,True,False,False,False,False,55,1724.0,15,0.0,1,3.3946069588031316,-1.2637925565981085
367,1978,36550.0,1,0.0,74,0,47,81,94,120.5,81,120.0,5,9,1,5,9,0,0,0,0,0,0,True,False,False,False,False,False,False,False,True,False,False,False,False,47,577.0,15,1.0,0,-1.2695193381953422,1.2833661053620398
5234,1967,30753.0,1,1.0,85,0,12,5,25,0.0,9,30.0,2,1,1,3,5,0,0,0,0,0,0,True,False,False,False,False,False,False,False,False,False,True,False,False,58,81.0,5,2.0,0,-1.8029076059545321,-0.0036742327278222677
9862,1969,21918.0,1,0.0,37,0,1,6,7,11.0,5,3.0,2,2,0,3,6,0,0,0,0,0,0,False,False,True,False,False,False,False,False,False,False,True,False,False,56,33.0,5,1.0,0,-1.7637869303347051,-0.7509080685685766
9805,1953,56129.0,0,1.0,65,0,320,48,133,39.0,72,48.0,4,6,2,10,4,0,0,0,0,0,0,False,False,False,True,False,False,False,False,False,False,True,False,False,72,660.0,18,1.0,1,0.6268449719471805,1.5856480475289658
6205,1967,32557.0,1,0.0,13,0,34,3,29,0.0,4,10.0,3,2,1,3,5,0,0,0,0,0,1,False,False,False,True,False,False,False,False,False,True,False,False,False,58,80.0,6,1.0,0,-1.3383757015833853,-0.21027515876139738
8442,1985,19510.0,2,0.0,63,0,9,0,7,3.0,4,7.0,2,1,0,3,7,0,0,0,0,0,0,False,False,False,True,False,False,False,False,True,False,False,False,False,40,30.0,4,2.0,0,-2.6751778815324756,-0.6331748388223146
7386,1976,30992.0,1,0.0,83,0,17,0,14,7.0,3,2.0,1,1,0,3,7,0,0,0,0,0,0,False,False,True,False,False,False,False,True,False,False,False,False,False,49,43.0,4,1.0,0,-1.7195427103292338,-1.2525008398029627
7215,1983,101970.0,0,0.0,69,0,722,27,102,44.0,72,126.5,0,6,8,13,2,1,0,0,1,1,1,False,False,True,False,False,False,False,False,False,True,False,False,False,42,1135.0,27,0.0,1,3.652330602499773,-1.0553376763268734
1491,1965,71488.0,0,0.0,87,0,162,33,124,40.0,28,126.5,2,3,4,7,1,0,0,0,0,0,0,True,False,False,False,False,False,False,False,False,False,True,False,False,60,559.0,14,0.0,1,1.7877249586970685,-0.5804339625569808
11071,1984,79607.0,0,0.0,37,0,450,81,556,120.5,0,126.5,1,3,6,6,1,0,0,0,0,0,1,False,False,True,False,False,False,False,False,False,True,False,False,False,41,1923.0,15,0.0,1,3.0764511570256317,-1.3005339278207093
3381,1953,54348.0,1,1.0,51,0,70,0,16,0.0,0,4.0,2,2,0,4,6,0,0,0,0,0,0,False,False,False,True,False,False,False,False,True,False,False,False,False,72,90.0,6,2.0,0,-1.252867393924382,0.714150687116098
8268,1961,52266.03129314312,0,1.0,23,0,352,0,27,10.0,0,15.0,3,6,1,7,6,0,0,0,0,0,0,False,False,False,False,True,False,False,False,True,False,False,False,False,64,404.0,14,1.0,0,-0.24220121346495288,0.6790132412072394
11051,1956,77376.0,1,1.0,72,0,492,19,110,16.0,12,12.0,4,6,3,10,4,0,0,0,0,0,0,False,False,False,False,True,False,False,False,False,False,True,False,False,69,661.0,19,2.0,1,0.6709319672177368,2.307033897040127
8026,1952,62998.0,0,1.0,10,0,120,58,73,65.0,81,58.0,5,5,4,5,5,0,0,0,0,0,0,False,False,True,False,False,False,False,False,True,False,False,False,False,73,463.0,14,1.0,0,0.08863700980320743,1.8758986541079699
433,1958,61331.0,1,1.0,42,0,534,5,47,0.0,5,41.0,5,11,1,6,8,0,0,0,0,0,0,False,False,False,True,False,False,True,False,False,False,False,False,False,67,632.0,18,2.0,0,-0.6198381717758806,2.7613077799243353
9597,1969,73448.0,0,0.0,10,0,236,81,189,23.0,41,126.5,1,7,2,9,4,0,0,0,0,0,0,False,False,True,False,False,False,False,False,True,False,False,False,False,56,725.0,18,0.0,1,1.74065954376465,-0.8233039275628017
1295,1963,52266.03129314312,0,1.0,96,0,231,65,196,38.0,71,124.0,1,6,5,7,4,0,0,0,0,0,0,False,False,True,False,False,False,False,False,True,False,False,False,False,62,725.0,18,1.0,1,0.8348265842356019,-0.05396134759161187
5290,1964,41551.0,1,1.0,51,0,220,0,33,3.0,0,23.0,5,5,1,5,8,0,0,0,0,0,0,False,False,False,False,True,False,False,False,True,False,False,False,False,61,279.0,11,2.0,0,-1.848108198436968,2.016296001170084
1685,1967,62981.0,0,0.0,21,0,796,14,556,38.0,44,0.0,1,4,5,13,3,0,0,0,1,0,0,False,False,False,False,True,False,False,False,False,False,True,False,False,58,1482.0,22,0.0,1,2.5543390878709094,-0.5305949583670001
5342,1976,9548.0,1,0.0,31,0,0,1,3,10.0,6,9.0,2,1,0,3,8,0,0,0,0,0,0,False,True,False,False,False,False,False,True,False,False,False,False,False,49,29.0,4,1.0,0,-2.527070304927112,-0.9866421296027957
9579,1959,33762.0,2,1.0,61,0,53,1,34,2.0,0,16.0,3,2,2,2,8,0,0,0,0,0,0,False,False,False,False,True,False,False,False,True,False,False,False,False,66,106.0,6,2.5,0,-2.4670781568973745,1.2696366027840764
7660,1973,35860.0,1,1.0,37,0,15,0,8,4.0,2,20.0,2,1,1,2,5,0,0,1,0,0,1,False,False,False,False,True,False,True,False,False,False,False,False,False,52,49.0,4,2.0,0,-1.837250612723526,-0.29444894391837484
1461,1965,36921.0,1,1.0,74,0,17,1,12,3.0,1,4.0,2,2,0,3,7,0,0,0,0,0,0,False,False,False,False,True,False,False,True,False,False,False,False,False,60,38.0,5,2.0,0,-2.0307221180345287,0.2332396440607921
821,1992,92859.0,0,0.0,46,0,962,61,556,52.0,61,20.0,1,5,4,12,2,0,0,0,0,0,0,False,False,False,True,False,False,False,False,False,True,False,False,False,33,2077.0,21,0.0,1,3.642874995580588,-1.0608091265517166
11084,1976,65104.0,0,1.0,4,0,738,0,232,13.0,20,50.0,2,3,5,7,7,0,0,0,0,0,1,False,False,False,True,False,False,False,False,False,False,True,False,False,49,1053.0,15,1.0,1,0.44474343834299385,0.08138422557862535
8690,1962,86111.0,0,0.0,73,0,399,28,556,36.0,40,126.0,1,5,7,10,2,0,0,0,0,0,0,False,False,True,False,False,False,False,False,True,False,False,False,False,63,1385.0,22,0.0,1,3.2465265154581586,-0.19622462896332735
2937,1974,68352.0,0,1.0,47,0,614,16,132,43.0,33,33.0,3,8,5,9,6,0,0,0,0,0,0,False,False,False,False,True,False,False,False,False,True,False,False,False,51,871.0,22,1.0,1,0.9057173150198328,0.8915302225443554
9701,1988,52266.03129314312,1,0.0,13,0,32,34,41,73.0,16,116.0,3,4,2,3,7,0,0,0,0,0,0,False,False,True,False,False,False,False,False,False,False,True,False,False,37,312.0,9,1.0,0,-1.0312892157256546,-0.40863647258855346
9949,1976,59809.0,0,2.0,36,0,598,16,141,32.0,41,49.0,3,3,3,6,8,0,0,0,0,0,0,False,False,True,False,False,False,False,False,True,False,False,False,False,49,877.0,12,2.0,0,-0.7687714418882521,1.0319866442950414
10837,1975,23957.0,1,0.0,47,0,2,1,18,20.0,11,16.0,1,2,0,3,6,0,0,0,0,0,1,False,False,True,False,False,False,False,False,True,False,False,False,False,50,68.0,5,1.0,0,-1.6287125439895618,-1.3570723280108814
3120,1981,38547.0,1,0.0,49,1,6,1,10,0.0,1,4.0,1,1,0,2,8,0,0,0,0,0,0,False,False,True,False,False,False,False,False,False,False,True,False,False,44,22.0,3,1.0,0,-1.8501994809870501,-1.390067718396409
5885,1973,35688.0,2,1.0,94,0,73,3,90,12.0,1,32.0,6,4,1,4,8,0,0,0,0,0,0,True,False,False,False,False,False,False,False,True,False,False,False,False,52,211.0,9,2.5,0,-2.577282922249115,2.3801164634005683
4050,1966,49605.0,0,0.0,65,0,42,16,29,12.0,20,8.0,1,2,1,4,3,0,0,0,0,0,0,False,False,False,True,False,False,False,False,True,False,False,False,False,59,127.0,7,0.0,0,0.2354447439627975,-1.5434172202497602
3830,1953,59354.0,0,2.0,59,0,295,21,78,39.0,13,13.0,1,4,4,7,3,0,0,0,0,0,0,False,False,False,True,False,False,False,False,True,False,False,False,False,72,459.0,15,2.0,1,0.3549602961958886,0.5931209276196198
7987,1969,65747.0,0,1.0,96,0,346,17,48,23.0,13,13.0,4,8,1,6,6,0,0,0,1,0,0,False,False,True,False,False,False,False,False,True,False,False,False,False,56,460.0,15,1.0,0,0.02798075695913823,1.1460782921578234
7798,1972,46344.0,0,1.0,28,0,233,20,57,8.0,20,91.0,4,7,1,5,7,0,0,0,0,0,0,True,False,False,False,False,False,False,False,False,False,True,False,False,53,429.0,13,1.0,0,-0.7936482735811178,0.7590212855705345
92,1988,34176.0,1,0.0,12,0,5,7,24,19.0,14,20.0,4,3,0,4,6,0,0,0,0,0,0,False,False,True,False,False,False,True,False,False,False,False,False,False,37,89.0,7,1.0,0,-1.688874686413853,-0.3252562242288063
7055,1952,61010.0,0,1.0,57,0,888,0,57,0.0,0,76.0,2,8,5,11,5,0,0,0,0,0,0,False,False,False,False,True,False,False,False,False,False,True,False,False,73,1021.0,24,1.0,1,1.4494026250456846,1.1847351976779015
10240,1949,69372.0,0,0.0,10,0,997,26,269,34.0,13,42.0,1,10,4,6,4,0,0,0,1,1,1,False,False,True,False,False,False,False,False,False,False,True,False,False,76,1381.0,20,0.0,1,2.4694411513083634,0.05863948274646275
3025,1958,49967.0,0,1.0,4,0,212,6,69,4.0,12,3.0,3,6,1,5,7,0,0,0,0,0,0,False,False,True,False,False,False,False,False,False,True,False,False,False,67,306.0,12,1.0,0,-0.6549108773228861,0.6896285859377465
9283,1978,60199.0,1,2.0,49,0,8,1,7,2.0,0,0.0,1,0,0,3,4,0,0,0,0,0,0,False,False,True,False,False,False,False,False,False,True,False,False,False,47,18.0,3,2.5,0,-1.360216454242547,-0.5271934100706174
9970,1977,55375.0,0,1.0,3,0,42,11,57,10.0,28,14.0,1,1,1,6,2,0,0,0,0,0,0,False,False,True,False,False,False,False,False,False,False,True,False,False,48,162.0,8,1.0,0,0.03363559445790934,-1.3891602703456734
2730,1955,80317.0,0,0.0,64,0,536,11,387,120.5,81,57.0,1,3,4,10,1,0,0,0,0,0,0,False,False,True,False,False,False,False,False,False,True,False,False,False,70,1231.0,17,0.0,1,2.9072654326916854,-0.36480809064822634
2795,1958,30523.0,2,1.0,0,0,5,0,3,0.0,0,5.0,1,1,0,2,7,0,0,0,0,0,0,False,False,False,True,False,False,False,False,False,True,False,False,False,67,13.0,3,2.5,0,-2.4267907422924253,0.047204242916162466
9260,1945,70356.0,0,0.0,20,0,1225,16,249,43.0,16,33.0,2,10,6,9,6,0,0,0,0,0,0,False,False,False,False,True,False,False,False,True,False,False,False,False,80,1706.0,25,0.0,1,2.646616626841221,1.1206266869616697
8182,1984,23228.0,1,0.0,91,0,53,3,49,7.0,4,5.0,4,3,0,4,8,0,0,0,0,0,0,False,False,True,False,False,False,False,False,True,False,False,False,False,41,121.0,7,1.0,0,-2.2093812959403234,0.008598935632436154
10095,1975,74165.0,0,0.0,9,0,1001,12,240,16.0,12,12.0,1,5,4,10,2,0,0,0,0,0,0,False,False,False,False,True,False,False,True,False,False,False,False,False,50,1293.0,19,0.0,1,2.579164193940341,-0.9855182209284101
8475,1973,116059.5,0,1.0,98,0,20,2,556,1.0,2,1.0,6,0,10,0,0,0,0,0,0,0,0,False,False,False,False,True,False,False,False,True,False,False,False,False,52,1608.0,22,1.0,1,3.367100009672639,2.45495624308672
4370,1966,43482.0,2,1.0,83,0,18,1,32,6.0,3,28.0,3,2,0,4,6,0,0,0,0,0,0,False,False,True,False,False,False,False,False,False,False,True,False,False,59,88.0,6,2.5,0,-1.9576592474819152,0.9950611160449757
10573,1953,62551.0,0,0.0,27,0,125,16,98,120.5,21,27.0,1,6,7,4,3,0,0,1,0,0,0,False,False,True,False,False,False,False,True,False,False,False,False,False,72,421.0,17,0.0,1,1.4927941343325533,-0.5447576553112708
3712,1959,52332.0,0,0.0,63,0,212,5,33,7.0,0,2.0,1,3,2,6,4,0,0,0,1,0,0,False,False,True,False,False,False,False,True,False,False,False,False,False,66,259.0,11,0.0,1,0.5373243841936571,-1.0032516160562475
6637,1988,66951.0,0,0.0,46,0,277,81,305,120.5,76,124.0,1,3,4,7,1,0,0,0,0,0,0,False,False,True,False,False,False,False,False,False,True,False,False,False,37,1117.0,14,0.0,1,2.0357434700275134,-1.7592071659418496
3152,1957,26091.0,1,1.0,84,0,15,10,19,8.0,17,20.0,3,2,1,3,5,0,0,0,0,0,0,False,False,True,False,False,False,False,False,False,False,True,False,False,68,89.0,6,2.0,0,-1.865763572161438,0.7853476573658769
5610,1965,33456.0,1,1.0,58,0,7,3,10,8.0,1,7.0,2,1,0,3,7,0,0,0,0,0,0,False,False,True,False,False,False,False,False,False,False,True,False,False,60,36.0,4,2.0,0,-2.179959158445222,0.13370322680855912
6460,1982,28718.0,1,0.0,78,0,12,4,6,11.0,8,16.0,2,2,0,3,8,0,0,0,0,0,0,False,False,True,False,False,False,False,False,True,False,False,False,False,43,57.0,5,1.0,0,-2.032129093892123,-0.905611698006768
1349,1970,50447.0,2,0.0,4,0,85,7,24,2.0,3,27.0,1,3,1,3,6,0,0,0,0,0,0,False,False,True,False,False,False,False,False,True,False,False,False,False,55,148.0,7,2.0,0,-1.2850093504325049,-0.3458707017110588
1880,1959,53537.0,1,1.0,17,0,81,0,6,0.0,0,6.0,2,2,1,3,5,0,0,0,0,0,0,False,False,False,False,True,False,False,False,False,False,True,False,False,66,93.0,6,2.0,0,-1.1551961910102289,0.378577607122058
641,1967,52074.0,0,1.0,77,0,59,0,12,0.0,0,48.0,1,2,2,2,4,0,0,1,0,0,0,False,False,True,False,False,False,False,False,False,True,False,False,False,58,119.0,6,1.0,0,-0.44525204304319804,-0.9135382704983082
8717,1975,80427.0,0,1.0,56,0,1149,71,449,69.0,71,26.0,1,11,8,8,5,0,0,0,0,0,0,False,False,False,False,True,False,False,False,True,False,False,False,False,50,1835.0,27,1.0,1,2.6607429514868715,0.45884454558188675
10314,1948,83837.0,0,0.0,79,0,847,66,119,86.0,81,111.0,1,9,10,5,4,1,0,0,1,0,1,False,False,False,False,True,False,False,False,True,False,False,False,False,77,1318.0,24,0.0,1,3.0328141816995235,0.48570269189275356
10854,1970,38853.0,1,1.0,90,0,29,0,14,0.0,0,2.0,2,2,0,3,7,0,0,0,0,0,0,False,False,False,False,True,False,False,False,True,False,False,False,False,55,45.0,5,2.0,0,-2.0170398969404517,0.11035636425471056
10492,1959,38285.0,2,1.0,96,0,2,0,5,2.0,0,1.0,1,0,0,3,2,0,0,0,0,0,0,False,False,True,False,False,False,False,False,False,False,True,False,False,66,10.0,3,2.5,0,-1.3529550636495524,-0.14459784965750272
6935,1951,78497.0,0,0.0,44,0,207,26,447,75.0,0,126.5,1,5,7,12,2,1,0,0,0,0,0,True,False,False,False,False,False,False,False,True,False,False,False,False,74,978.0,24,0.0,1,2.9467215564725544,0.054075177849639215
7698,1976,51650.0,0,1.0,81,0,152,3,22,2.0,5,7.0,1,4,1,4,5,0,0,0,0,0,0,False,False,False,False,True,False,False,False,True,False,False,False,False,49,191.0,9,1.0,0,-0.45954899127349425,-0.9795664739708227
3559,1988,16248.0,1,0.0,77,0,12,11,10,3.0,12,9.0,3,2,1,3,6,0,0,0,0,0,0,True,False,False,False,False,False,False,False,True,False,False,False,False,37,57.0,6,1.0,0,-2.067341220217284,-0.8614203052991707
10562,1946,66835.0,0,0.0,21,0,620,26,195,34.0,17,126.5,1,6,4,13,2,0,0,0,0,0,0,False,False,False,True,False,False,False,False,True,False,False,False,False,79,1033.0,23,0.0,1,2.6927619012510347,0.05832351980748728
10796,1984,30477.0,1,0.0,16,0,47,1,6,0.0,0,12.0,1,1,1,3,6,0,0,0,0,0,0,False,False,False,True,False,False,False,False,True,False,False,False,False,41,66.0,5,1.0,0,-1.563662310696295,-1.655614216180436
2563,1961,28249.0,0,0.0,80,0,1,9,7,2.0,14,10.0,1,2,0,3,6,0,0,0,0,0,0,False,True,False,False,False,False,False,False,True,False,False,False,False,64,43.0,5,0.0,0,-0.9316526841715614,-1.4071037291266546
3518,1983,25271.0,1,0.0,45,0,10,1,18,10.0,4,7.0,1,1,1,2,9,0,0,0,0,0,0,False,False,True,False,False,False,False,False,True,False,False,False,False,42,50.0,4,1.0,0,-2.267086000256738,-1.4399233336937585
5823,1970,52266.03129314312,0,1.0,63,0,35,0,2,0.0,0,2.0,2,1,0,4,5,0,0,0,0,0,0,False,False,False,False,True,False,False,False,False,True,False,False,False,55,39.0,5,1.0,0,-0.8784980974780315,-0.576388118613909
3934,1966,61286.0,0,1.0,34,0,356,0,107,19.0,9,117.0,2,7,1,8,5,0,0,0,0,0,0,False,False,True,False,False,False,False,False,True,False,False,False,False,59,608.0,16,1.0,1,0.49998761262334274,0.21963732482400738
6982,1976,74068.0,0,0.0,14,0,783,30,537,120.5,76,15.0,1,4,10,9,2,0,0,0,0,0,0,False,False,True,False,False,False,False,False,True,False,False,False,False,49,1581.0,23,0.0,1,3.051888013990276,-0.7590371178323763
6431,1964,45759.0,1,1.0,13,0,42,1,18,3.0,0,4.0,2,2,0,3,7,0,0,0,0,0,0,False,False,False,False,True,False,False,False,True,False,False,False,False,61,68.0,5,2.0,0,-1.811329148285973,0.24355675513641123
9733,1978,24882.0,1,0.0,52,0,1,4,10,29.0,0,36.0,1,1,1,2,6,0,0,1,0,0,0,False,True,False,False,False,False,False,False,False,False,True,False,False,47,80.0,4,1.0,0,-1.6831202439801312,-1.483888560043234
5602,1989,66973.0,0,0.0,98,0,466,22,432,120.5,81,102.0,1,8,7,12,3,0,0,0,0,0,0,False,False,False,False,True,False,False,False,False,False,True,False,False,36,1282.0,27,0.0,1,2.634921851845101,-0.9238723793585201
7829,1900,36640.0,1,0.0,99,1,15,6,8,7.0,4,25.0,1,2,1,2,5,0,0,0,0,0,0,True,False,False,False,False,False,False,True,False,False,False,False,False,93,65.0,5,1.0,0,-0.7849956286102182,0.1790472427425062
1324,1988,38872.0,1,0.0,93,0,23,3,21,3.0,19,22.0,2,3,0,3,8,0,0,0,0,0,0,False,False,True,False,False,False,False,False,True,False,False,False,False,37,91.0,6,1.0,0,-1.7519304259961024,-0.9464286709355417
326,1973,51148.0,1,1.0,38,0,235,6,45,8.0,9,12.0,4,5,1,6,6,0,0,0,0,0,0,False,False,True,False,False,False,False,False,True,False,False,False,False,52,315.0,12,2.0,0,-1.1568432252737144,1.2279417469388856
7224,1977,31353.0,1,1.0,24,0,10,0,10,3.0,1,7.0,2,1,1,2,8,0,0,0,0,0,0,False,False,True,False,False,False,False,False,True,False,False,False,False,48,31.0,4,2.0,0,-2.51884405732869,-0.2627418589068406
6999,1980,69661.0,0,0.0,80,0,656,16,106,32.0,16,8.0,1,7,3,12,3,0,0,0,0,0,0,False,False,False,True,False,False,False,False,True,False,False,False,False,45,834.0,22,0.0,1,2.0936436900732645,-0.9700842949853743
9938,1954,80067.0,0,0.0,82,0,519,17,556,27.0,81,51.0,1,4,6,6,2,0,0,0,0,1,0,False,False,True,False,False,False,False,False,True,False,False,False,False,71,1600.0,16,0.0,1,2.977649499137965,-0.18513741414524984
6422,1954,86718.0,0,0.0,20,0,344,81,482,50.0,33,126.5,1,5,6,5,2,0,0,0,0,0,0,False,False,True,False,False,False,False,False,True,False,False,False,False,71,1270.0,16,0.0,1,2.8455820882119003,-0.3141265107062523
3182,1973,46854.0,1,1.0,81,0,96,1,79,7.0,1,79.0,6,5,1,3,8,0,0,1,0,0,1,False,False,False,False,True,False,False,False,False,True,False,False,False,52,263.0,9,2.0,0,-2.034416072069498,2.1611934653563334
7300,1952,69142.0,0,1.0,50,0,448,4,34,6.0,4,39.0,3,8,1,7,5,0,0,0,1,0,0,False,False,False,False,False,False,False,True,False,False,False,False,False,73,535.0,16,1.0,1,0.6393073897253897,1.2025226661240271
10424,1968,75922.0,0,0.0,60,0,265,81,553,120.5,23,92.0,1,4,4,9,1,0,0,0,0,0,0,False,False,True,False,False,False,False,False,False,True,False,False,False,57,1295.0,17,0.0,1,2.746805490413867,-0.8219058143081218
8727,1978,63693.0,0,1.0,63,0,587,43,337,42.0,81,54.0,3,11,6,9,6,0,0,0,0,0,0,False,False,True,False,False,False,False,True,False,False,False,False,False,47,1150.0,26,1.0,1,1.243309152421959,0.9983261412529632
2798,1977,102160.0,0,0.0,54,0,763,29,138,76.0,81,58.0,0,7,9,10,4,1,0,0,1,1,1,False,False,False,False,True,False,False,False,False,False,True,False,False,48,1240.0,26,0.0,1,3.3756743732197285,-0.7490079924927028
1030,1965,40637.0,1,1.0,72,0,22,0,13,0.0,0,3.0,2,1,0,3,7,0,0,0,0,0,0,False,False,False,False,True,False,False,False,False,True,False,False,False,60,38.0,4,2.0,0,-2.0069802917805935,0.21361432144153
624,1984,18890.0,0,0.0,5,0,6,4,1,7.0,2,15.0,1,0,1,2,6,0,0,1,0,0,1,False,False,False,True,False,False,False,False,False,True,False,False,False,41,35.0,3,0.0,0,-1.4958273405747025,-2.4599381341498194
5176,1988,29604.0,1,0.0,88,0,7,6,13,7.0,6,14.0,1,1,0,3,9,0,0,1,0,0,0,False,False,True,False,False,False,False,False,False,False,True,False,False,37,53.0,4,1.0,0,-2.192447107290455,-1.5007304264490835
5552,1963,48721.0,1,1.0,50,0,81,18,113,47.0,13,21.0,6,4,2,5,6,0,0,0,0,0,0,False,False,False,True,False,False,False,True,False,False,False,False,False,62,293.0,11,2.0,0,-1.4185920388103102,2.405228265531842
868,1966,44794.0,0,1.0,99,0,54,0,7,0.0,0,4.0,1,2,0,3,6,0,0,0,0,0,0,False,False,True,False,False,False,False,False,True,False,False,False,False,59,65.0,5,1.0,0,-1.0550136971470903,-0.810021183803886
380,1954,64497.0,0,1.0,17,0,1170,48,320,42.0,32,126.5,5,11,4,9,8,0,0,1,0,0,1,False,False,True,False,False,False,False,True,False,False,False,False,False,71,1804.0,24,1.0,1,1.2923371209386516,2.8395118630082368
2677,1956,46097.0,0,1.0,11,0,72,24,68,65.0,4,8.0,5,3,1,6,4,0,0,0,0,0,0,False,False,True,False,False,False,False,False,False,False,True,False,False,69,241.0,10,1.0,0,-0.5910774787335609,1.3002567302401533
6521,1954,77972.0,0,0.0,18,0,613,22,319,33.0,81,12.0,1,4,6,9,1,0,0,0,0,0,0,False,False,True,False,False,False,False,False,False,False,True,False,False,71,1101.0,19,0.0,1,2.865596443837611,-0.36557246587523146
6927,1968,44377.0,1,1.0,70,0,224,0,30,0.0,0,10.0,6,5,1,5,8,0,0,0,0,0,0,False,False,False,False,True,False,False,False,True,False,False,False,False,57,264.0,11,2.0,0,-1.9285987165328393,2.3811245234285394
2877,1974,46014.0,1,1.0,21,0,410,0,59,19.0,9,44.0,6,7,1,8,7,0,0,0,0,0,0,False,False,False,True,False,False,False,False,False,False,True,False,False,51,541.0,16,2.0,0,-1.2461017905001497,2.33478099332066
0,1985,70951.0,0,0.0,66,0,239,10,554,120.5,81,54.0,1,3,4,9,1,0,0,0,0,0,0,False,False,True,False,False,False,False,False,True,False,False,False,False,40,1198.0,16,0.0,1,2.349919116071478,-1.4845874859486836
1584,1977,41443.0,1,0.0,79,0,171,7,171,25.0,19,89.0,6,8,1,5,8,0,0,0,0,0,0,False,False,True,False,False,False,False,False,True,False,False,False,False,48,482.0,14,1.0,0,-1.2164421205311262,1.6673359902861316
7264,1978,52195.0,2,1.0,2,0,12,0,4,0.0,0,1.0,1,1,0,2,8,0,0,0,0,0,0,True,False,False,False,False,False,False,False,False,True,False,False,False,47,17.0,3,2.5,0,-2.261258661010732,-0.36653575645724873
6274,1948,83790.0,0,0.0,81,0,1076,16,417,42.0,48,16.0,1,8,10,6,3,0,0,0,1,1,0,False,False,False,True,False,False,False,False,True,False,False,False,False,77,1615.0,24,0.0,1,3.4480429003845363,0.4854047290737722
1377,1954,44551.0,0,1.0,24,0,182,4,33,0.0,0,66.0,2,4,1,5,7,0,0,0,0,0,0,False,False,False,True,False,False,False,False,False,False,False,True,False,71,285.0,10,1.0,0,-0.7759271426914803,0.2682178269562482
454,1980,69508.0,1,0.0,48,0,824,32,162,42.0,32,43.0,2,11,4,11,6,0,0,0,0,0,0,False,False,True,False,False,False,False,False,False,False,True,False,False,45,1135.0,26,1.0,1,1.45143783771678,0.501658711515453
1755,1988,45204.0,1,0.0,93,0,30,11,25,29.0,1,18.0,1,1,1,4,3,0,0,0,0,0,0,True,False,False,False,False,False,False,False,False,False,True,False,False,37,114.0,6,1.0,0,-0.6051693586246222,-1.7148582698974728
2075,1969,72460.0,0,0.0,56,0,377,10,540,80.0,30,10.0,1,3,5,7,1,0,0,0,0,0,0,False,False,True,False,False,False,False,False,True,False,False,False,False,56,1047.0,15,0.0,1,2.331434568492359,-1.0402317871599855
4785,1970,77622.0,0,2.0,3,0,520,7,154,19.0,0,14.0,2,6,3,11,3,0,0,0,0,0,0,False,False,False,False,True,False,False,False,False,False,True,False,False,55,714.0,20,2.0,1,1.0308264197360362,0.8189522916668961
9076,1980,30732.0,1,0.0,44,0,155,1,25,0.0,1,3.0,4,4,1,4,8,0,0,0,0,0,0,False,False,False,False,True,False,False,False,True,False,False,False,False,45,185.0,9,1.0,0,-1.8398444930139752,0.23033783641427727
7079,1962,63887.0,0,1.0,38,0,897,23,207,15.0,11,92.0,5,9,6,12,6,0,0,0,0,0,0,False,False,True,False,False,False,False,True,False,False,False,False,False,63,1245.0,27,1.0,1,1.3003438117745623,2.454482186720117
4653,1978,42011.0,1,0.0,46,0,131,0,16,2.0,1,39.0,4,3,1,4,8,0,0,0,0,0,0,False,False,True,False,False,False,False,False,False,False,True,False,False,47,189.0,8,1.0,0,-1.6189586534259537,0.3441468376272688
7375,1976,51369.0,0,1.0,84,0,297,7,79,0.0,11,126.5,2,8,2,4,8,0,0,0,0,0,0,False,False,True,False,False,False,False,False,False,False,True,False,False,49,576.0,14,1.0,0,-0.47369687235410435,0.0179904033162809
709,1952,51537.0,0,1.0,27,0,787,20,204,0.0,0,92.0,3,2,2,11,8,0,0,0,0,0,0,False,False,True,False,False,False,False,True,False,False,False,False,False,73,1103.0,15,1.0,0,0.0965621771274094,1.343948194617424
460,1972,79930.0,0,0.0,72,0,792,81,556,67.0,51,17.0,1,3,5,8,2,0,0,0,0,0,0,False,False,False,False,True,False,False,False,True,False,False,False,False,53,1753.0,16,0.0,1,2.944655476267929,-0.7628963877286632
3726,1986,34320.0,1,0.0,66,0,4,1,9,3.0,0,0.0,1,1,0,2,8,0,0,0,0,0,0,False,False,False,False,True,False,False,False,False,False,True,False,False,39,17.0,3,1.0,0,-1.9891922568402265,-1.5627162050432102
6798,1966,37070.0,1,1.0,30,0,231,7,137,4.0,15,39.0,6,5,1,8,7,0,0,0,0,0,1,False,False,True,False,False,False,False,False,False,True,False,False,False,59,433.0,14,2.0,0,-1.5960518914015271,2.4271919495811733
5341,1962,81975.0,0,1.0,2,0,983,76,184,120.5,81,27.0,1,6,3,4,7,0,0,0,0,1,0,True,False,False,False,False,False,False,True,False,False,False,False,False,63,1588.0,13,1.0,1,1.3698969516466815,0.26614813248175634
1606,1971,38590.0,1,0.0,65,0,3,1,8,4.0,3,3.0,1,1,0,2,8,0,0,0,0,0,0,False,False,True,False,False,False,False,False,False,False,True,False,False,54,22.0,3,1.0,0,-1.7604854878248983,-1.0316719824554146
9617,1951,15033.0,0,0.0,37,0,0,4,5,6.0,0,4.0,1,1,0,3,3,0,0,0,0,0,0,False,False,True,False,False,False,False,False,False,True,False,False,False,74,19.0,4,0.0,0,-0.7254809317914465,-1.5265562330351818
3233,1965,62745.0,0,1.0,89,0,562,21,464,28.0,10,32.0,3,7,8,11,5,0,0,0,0,0,0,False,False,False,False,True,False,False,False,True,False,False,False,False,60,1117.0,26,1.0,1,1.4863184078796414,1.38164963692264
89,1975,22212.0,1,0.0,49,0,5,9,20,6.0,8,21.0,2,2,0,4,6,0,0,0,0,0,0,True,False,False,False,False,False,False,False,True,False,False,False,False,50,69.0,6,1.0,0,-1.7122318077132523,-0.8737751692583314
2936,1982,23661.0,1,0.0,46,0,18,0,4,0.0,0,1.0,1,1,0,3,7,0,0,0,0,0,0,False,False,False,True,False,False,False,False,False,False,True,False,False,43,23.0,4,1.0,0,-1.9679803790698687,-1.574697925315846
9449,1958,79761.0,0,1.0,32,0,415,5,124,15.0,35,11.0,1,5,2,11,3,0,0,0,0,0,0,False,False,False,False,True,False,False,False,False,True,False,False,False,67,605.0,18,1.0,1,1.5739975642131354,0.11955282107390755
7297,1973,7500.0,1,0.0,54,0,5,3,10,12.0,7,20.0,4,3,1,3,7,0,0,0,0,0,0,False,False,True,False,False,False,False,False,False,True,False,False,False,52,57.0,7,1.0,0,-2.3715275908458437,0.0986635058838931
11004,1893,60182.0,0,1.0,23,0,8,0,5,7.0,0,2.0,1,1,0,2,4,0,0,0,0,0,0,True,False,False,False,False,False,False,False,False,True,False,False,False,93,22.0,3,1.0,0,-0.24506908637532673,0.06330997755148621
313,1968,73455.0,0,0.0,98,0,901,61,556,120.5,81,20.0,1,6,5,10,3,0,0,0,1,0,0,False,False,False,False,False,False,False,False,False,False,False,True,False,57,2088.0,21,0.0,1,3.242711532112866,-0.25415414796337654
9940,1958,64961.0,0,1.0,97,0,382,81,276,75.0,81,38.0,2,6,4,4,3,0,0,0,0,0,0,False,False,True,False,False,False,False,False,False,False,True,False,False,67,1009.0,14,1.0,1,1.2227395897289357,0.4726859315948704
10735,1971,22804.0,1,0.0,75,0,14,1,7,2.0,1,1.0,1,2,0,2,9,0,0,0,0,0,0,False,False,True,False,False,False,False,False,False,True,False,False,False,54,26.0,4,1.0,0,-2.234128814292915,-1.0178386861862638
9529,1990,73687.0,0,0.0,8,0,559,81,503,120.5,13,126.5,1,3,9,9,2,1,0,0,0,0,1,False,False,True,False,False,False,False,False,True,False,False,False,False,35,1627.0,21,0.0,1,2.8370585545609055,-1.3165794911126742
6439,1958,61074.0,0,1.0,37,0,789,0,133,0.0,28,126.5,6,11,5,8,7,0,0,0,0,0,0,False,False,True,False,False,False,False,False,True,False,False,False,False,67,1102.0,24,1.0,1,0.684633778821149,2.9150597868475265
7411,1964,31686.0,1,1.0,31,0,11,0,5,0.0,0,1.0,2,1,0,3,6,0,0,0,0,0,0,False,False,False,False,True,False,False,False,True,False,False,False,False,61,17.0,4,2.0,0,-2.061632270539088,0.029020465777214056
2176,1972,80134.0,1,0.0,40,0,1218,16,272,104.0,0,80.0,2,5,3,6,6,1,0,0,1,1,1,False,False,True,False,False,False,False,False,True,False,False,False,False,53,1690.0,14,1.0,1,1.4682971521853205,0.4249393283903031
9265,1953,75027.0,0,1.0,74,0,925,64,179,120.5,12,77.0,2,9,4,6,5,0,0,0,0,0,0,False,False,True,False,False,False,False,False,True,False,False,False,False,72,1390.0,19,1.0,1,1.7611617255908147,1.1510793477143764
8867,1988,67546.0,0,0.0,90,0,864,81,556,120.5,38,126.5,1,4,10,5,3,0,0,0,0,0,0,False,False,False,False,True,False,False,False,True,False,False,False,False,37,2126.0,19,0.0,1,2.8419410062626755,-1.0595681435620246
8932,1969,65176.0,0,1.0,57,0,960,28,183,120.5,70,70.0,4,9,6,6,6,0,0,0,0,0,0,False,False,False,True,False,False,False,False,False,False,True,False,False,56,1531.0,21,1.0,1,1.2434799544140032,1.611103374272431
10236,1975,31160.0,1,0.0,59,0,16,3,25,6.0,1,13.0,2,2,0,3,8,0,0,0,0,0,0,False,False,False,True,False,False,False,False,False,True,False,False,False,50,64.0,5,1.0,0,-1.9168987493756109,-0.6834221738552647
6340,1985,29938.0,1,0.0,52,0,3,3,7,0.0,2,11.0,2,1,0,3,6,0,0,0,0,0,0,False,False,True,False,False,False,False,False,False,True,False,False,False,40,26.0,4,1.0,0,-1.7743736277272146,-1.241588772399017
10089,1974,102692.0,0,0.0,5,0,168,81,444,32.0,81,126.5,1,6,9,13,2,1,1,0,1,1,1,False,False,True,False,False,False,False,True,False,False,False,False,False,51,1112.0,28,0.0,1,3.661696490729507,-0.36762861334568475
2227,1958,26490.0,0,0.0,92,0,45,47,52,21.0,20,25.0,2,3,1,5,6,0,0,0,0,0,0,True,False,False,False,False,False,False,False,False,False,True,False,False,67,210.0,9,0.0,0,-0.6664601200565655,-0.63092283102035
10992,1967,75702.0,1,1.0,77,0,650,28,353,45.0,42,30.0,5,4,6,11,8,0,0,0,0,0,0,False,False,True,False,False,False,False,False,False,False,True,False,False,58,1148.0,21,2.0,1,0.2544769812856706,2.894880510097037
5304,1974,30899.0,1,0.0,35,0,24,0,8,0.0,0,1.0,2,1,0,3,6,0,0,0,0,0,0,False,False,False,False,True,False,False,False,False,True,False,False,False,51,33.0,4,1.0,0,-1.6594662744138249,-0.8950301839058017
309,1961,63342.0,0,1.0,48,0,918,21,118,13.0,10,21.0,3,8,3,5,6,0,0,0,1,0,0,False,False,False,False,True,False,False,False,False,False,True,False,False,64,1101.0,16,1.0,1,0.7124593628034485,1.0672646325132644
3406,1964,45989.0,0,1.0,97,0,138,33,87,28.0,24,12.0,4,3,2,7,3,0,0,0,0,0,0,False,False,True,False,False,False,False,False,False,True,False,False,False,61,322.0,12,1.0,0,-0.16285596587024523,0.7622465761549732
2661,1964,18701.0,1,1.0,95,0,12,4,2,10.0,6,10.0,4,2,0,4,5,0,0,0,0,0,0,False,False,True,False,False,False,False,False,False,True,False,False,False,61,44.0,6,2.0,0,-2.2358012380996444,0.9498223625940506
3153,1957,40737.0,2,1.0,24,0,11,0,4,0.0,0,2.0,1,1,0,2,8,0,0,0,0,0,0,False,False,False,False,True,False,False,False,False,True,False,False,False,68,17.0,3,2.5,0,-2.345054288203883,0.2762078853132394
10264,1979,15287.0,1,0.0,60,0,1,2,8,4.0,3,13.0,2,1,1,2,7,0,0,1,0,0,1,False,False,True,False,False,False,False,True,False,False,False,False,False,46,31.0,4,1.0,0,-2.2332387619116156,-1.06831991701703
1184,1968,69674.0,0,2.0,46,0,554,41,215,11.0,0,24.0,3,10,2,10,5,0,0,0,0,0,0,False,False,False,False,True,False,False,True,False,False,False,False,False,57,845.0,22,2.0,1,0.6501897867896098,1.6143248417838387
4200,1970,44159.0,1,0.0,85,0,167,2,62,24.0,13,7.0,4,4,1,6,5,0,0,0,0,0,0,False,False,False,True,False,False,False,False,True,False,False,False,False,55,275.0,11,1.0,0,-0.7093328618319918,0.6224540664976965
9396,1978,37717.0,1,0.0,31,0,9,0,6,4.0,1,5.0,1,1,0,2,9,0,0,0,0,0,0,False,False,False,False,True,False,False,False,True,False,False,False,False,47,25.0,3,1.0,0,-2.0223930673012886,-1.2505443488857222
2387,1952,43776.0,1,1.0,9,0,177,2,71,3.0,2,20.0,6,5,2,4,8,0,0,0,0,0,1,False,False,False,True,False,False,False,False,False,False,True,False,False,73,275.0,11,2.0,0,-1.818512120802964,2.810368860458439
6690,1966,38179.0,1,1.0,30,0,38,4,22,4.0,2,20.0,4,3,1,3,7,0,0,0,0,0,0,False,False,False,True,False,False,False,False,True,False,False,False,False,59,90.0,7,2.0,0,-2.070011411621099,1.13767122720392
1225,1963,80124.0,0,0.0,47,0,483,81,398,120.5,81,126.5,1,3,7,8,1,0,0,1,0,0,0,False,False,True,False,False,False,False,False,True,False,False,False,False,62,1495.0,18,0.0,1,3.1066414882382287,-0.5500347986313717
9703,1970,38097.0,1,1.0,70,0,77,2,35,0.0,1,69.0,4,3,2,2,7,0,0,1,0,0,1,False,False,False,False,True,False,False,False,True,False,False,False,False,55,184.0,7,2.0,0,-2.016826940472117,1.0924470027056317
291,1970,72940.0,0,0.0,13,0,182,74,298,120.5,81,116.0,1,3,3,6,1,0,0,0,0,0,0,False,False,True,False,False,False,False,False,True,False,False,False,False,55,981.0,12,0.0,1,2.081188370215033,-1.2927786469196665
4557,1970,22070.0,1,0.0,11,0,10,7,19,8.0,2,21.0,2,2,2,2,6,0,0,0,0,0,0,False,False,True,False,False,False,False,False,False,False,True,False,False,55,67.0,6,1.0,0,-1.6870328873019957,-0.7715544278405718
2379,1953,69267.0,0,0.0,31,0,778,44,499,95.0,73,126.5,2,3,4,5,7,0,0,0,0,0,1,False,False,True,False,False,False,False,False,False,True,False,False,False,72,1635.0,12,0.0,1,1.5183068841885963,0.3295337195549464
5726,1983,31788.0,1,0.0,15,1,16,7,23,0.0,8,6.0,3,3,0,4,5,0,0,0,0,0,0,False,False,False,True,False,False,False,False,False,True,False,False,False,42,60.0,7,1.0,0,-1.4438102247737974,-0.7033335412367873
3066,1975,61905.0,0,1.0,2,0,167,0,43,6.0,2,13.0,2,4,2,4,5,0,0,0,0,0,0,False,False,False,False,True,False,False,False,False,False,True,False,False,50,231.0,10,1.0,0,-0.24902009296574149,-0.49157327401357553
6336,1960,29315.0,1,1.0,55,0,13,2,14,8.0,7,4.0,4,2,0,4,6,0,0,0,0,0,0,False,False,True,False,False,False,False,False,True,False,False,False,False,65,48.0,6,2.0,0,-2.1394352251748256,1.176911852492042
10967,1963,33378.0,1,1.0,38,0,33,6,40,3.0,7,10.0,3,2,0,4,7,0,0,0,0,0,0,False,False,True,False,False,False,False,True,False,False,False,False,False,62,99.0,6,2.0,0,-2.1024160438267026,0.721178334698222
2304,1963,66313.0,0,0.5063752276867031,86,0,625,7,99,10.0,22,7.0,2,6,3,12,4,0,0,0,0,0,0,False,False,False,False,True,False,False,False,False,False,True,False,False,62,770.0,21,0.5063752276867031,1,1.516611683945561,0.3415570264255501
3445,1956,60714.0,0,0.0,56,0,216,81,224,101.0,81,126.5,2,7,4,10,5,0,0,0,0,0,1,False,False,True,False,False,False,False,False,False,True,False,False,False,69,957.0,21,0.0,1,1.6606185907762856,0.29928589836188874
7828,1981,77882.0,0,0.0,29,0,68,81,396,120.5,22,15.0,1,3,3,5,1,0,0,0,0,0,0,False,False,False,True,False,False,False,False,False,False,True,False,False,44,818.0,11,0.0,1,1.914707601362122,-1.6779226734792811
3762,1986,69867.0,0,0.0,30,0,196,0,512,33.0,81,54.0,1,3,5,8,1,1,0,0,0,0,1,False,False,False,False,True,False,False,False,False,True,False,False,False,39,925.0,16,0.0,1,2.083828028711051,-1.6513422705049576
4391,1968,63841.0,0,1.0,64,0,635,15,100,20.0,7,126.5,1,9,3,9,6,0,0,0,0,0,0,False,False,False,True,False,False,False,True,False,False,False,False,False,57,908.0,21,1.0,1,1.0371078826215883,0.15048010561797903
4669,1981,24480.0,1,0.0,46,0,4,19,9,28.0,25,17.0,3,3,0,4,7,0,0,0,0,0,0,False,True,False,False,False,False,False,False,True,False,False,False,False,44,102.0,7,1.0,0,-1.9031492986579501,-0.48325041445762246
10144,1976,51369.0,0,1.0,84,0,297,7,79,0.0,11,126.5,2,8,2,4,8,0,0,0,0,0,0,False,False,True,False,False,False,False,False,False,False,True,False,False,49,576.0,14,1.0,0,-0.47369687235410435,0.0179904033162809
8652,1946,37760.0,0,0.0,20,0,84,5,38,120.5,12,28.0,2,4,1,6,7,0,0,0,0,0,0,False,False,True,False,False,False,False,False,False,False,True,False,False,79,317.0,11,0.0,0,-0.29006740356734556,-0.06927405275803843
1672,1974,65640.0,0,1.0,74,0,204,7,149,20.0,15,66.0,1,5,1,8,2,0,0,0,0,0,0,False,False,False,False,True,False,False,False,False,False,True,False,False,51,461.0,14,1.0,1,0.9343610908547579,-0.7465426571346215
8962,1975,44319.0,1,1.0,18,0,26,0,8,0.0,0,3.0,2,2,0,3,5,0,0,0,0,0,0,False,False,False,True,False,False,False,False,True,False,False,False,False,50,37.0,5,2.0,0,-1.6107908359995136,-0.28258808478548403
9974,1974,30631.0,1,0.0,75,0,15,6,20,4.0,5,20.0,1,3,1,2,7,0,0,0,0,0,0,False,False,True,False,False,False,False,False,True,False,False,False,False,51,70.0,6,1.0,0,-1.5676271304686182,-1.1042726782906105
10983,1952,75278.0,0,0.0,17,0,304,81,230,120.5,74,74.0,1,6,3,13,3,0,0,0,0,0,0,False,False,True,False,False,False,False,False,False,False,True,False,False,73,930.0,22,0.0,1,2.5171759935363465,-0.07627151402615502
8148,1956,50898.0,1,1.0,88,0,285,28,242,55.0,81,126.5,6,6,2,12,5,0,0,0,0,0,0,False,False,False,True,False,False,False,False,False,False,True,False,False,69,859.0,20,2.0,0,-0.10510323979398764,3.189343152162439
10102,1966,79946.0,0,0.0,19,0,395,81,556,120.5,81,28.0,1,5,10,5,3,0,0,0,0,0,0,False,False,True,False,False,False,False,False,False,False,False,True,False,59,1478.0,21,0.0,1,2.8913766574685025,-0.41368728939050026
4697,1949,35416.0,0,0.0,62,0,248,3,81,4.0,3,51.0,3,7,1,5,8,0,0,0,0,0,0,False,False,False,True,False,False,False,True,False,False,False,False,False,76,390.0,13,0.0,0,-0.4546988997063162,0.5133874921030032
9262,1984,32414.0,0,0.0,11,0,20,6,5,0.0,9,12.0,1,1,0,3,7,0,0,1,0,0,0,True,False,False,False,False,False,False,False,False,False,True,False,False,41,52.0,4,0.0,0,-1.278436376834857,-2.218728307776527
7254,1969,38361.0,1,0.0,74,0,39,0,56,20.0,8,14.0,3,3,1,3,7,0,0,0,0,0,0,False,False,True,False,False,False,False,False,False,False,True,False,False,56,137.0,7,1.0,0,-1.4427272267959717,0.07857770973871608
4543,1980,82497.0,0,0.0,32,0,777,81,556,120.5,21,126.5,1,2,7,9,4,0,0,0,0,1,0,False,False,True,False,False,False,False,False,True,False,False,False,False,45,1919.0,18,0.0,1,2.8339576999769513,-0.7917590025846726
4927,1971,16626.0,2,0.0,76,0,8,3,22,21.0,1,13.0,3,3,0,3,9,0,0,0,0,0,0,False,False,True,False,False,False,False,False,False,False,True,False,False,54,68.0,6,2.0,0,-2.922205471828446,0.5287569119799073
10451,1965,29672.0,1,1.0,6,0,9,1,3,0.0,4,8.0,1,0,0,3,6,0,0,0,0,0,0,False,False,True,False,False,False,False,False,False,False,True,False,False,60,25.0,3,2.0,0,-2.0737402032786436,-0.5524830925129272
2926,1952,55951.0,0,1.0,62,0,1225,0,80,0.0,13,40.0,3,3,6,11,8,0,1,0,1,0,0,False,False,False,True,False,False,False,False,False,False,True,False,False,73,1374.0,20,1.0,1,0.740154352250646,1.7296739930268688
2874,1988,35388.0,1,0.0,20,0,6,4,7,4.0,3,8.0,1,1,0,3,7,0,0,0,0,0,0,True,False,False,False,False,False,False,True,False,False,False,False,False,37,32.0,4,1.0,0,-1.7462234202472922,-1.7218333096507061
9738,1986,42386.0,1,0.0,43,0,65,4,16,0.0,4,11.0,1,3,0,3,8,0,0,0,0,0,0,False,False,False,True,False,False,False,False,False,False,True,False,False,39,100.0,6,1.0,0,-1.555185611139646,-1.3798566174169387
7119,1982,68627.0,0,0.0,45,0,395,15,263,60.0,54,38.0,1,2,3,6,1,0,0,0,0,0,0,False,False,True,False,False,False,False,False,False,True,False,False,False,43,825.0,11,0.0,1,1.7016929431094898,-1.7561244360568737
3924,1965,57912.0,0,1.0,34,0,801,0,80,0.0,0,35.0,5,8,3,12,5,0,0,0,1,0,0,False,False,False,False,True,False,False,True,False,False,False,False,False,60,916.0,23,1.0,1,0.7948288372069277,1.9639424252145188
5827,1958,35246.0,1,1.0,53,0,36,0,12,2.0,2,10.0,4,3,1,3,5,0,0,0,0,0,0,False,False,True,False,False,False,False,True,False,False,False,False,False,67,62.0,7,2.0,0,-1.7370472719008367,1.2605347999965115
5596,1956,58821.0,0,1.0,44,0,513,14,154,19.0,0,28.0,1,9,2,9,6,0,0,0,0,0,0,True,False,False,False,False,False,False,False,False,False,True,False,False,69,728.0,20,1.0,1,0.8066490288737072,0.3872933797149142
10812,1978,46377.0,1,0.0,89,0,37,0,46,4.0,3,0.0,1,2,1,3,4,0,0,0,0,0,0,False,False,False,False,True,False,False,False,True,False,False,False,False,47,90.0,6,1.0,0,-0.6897014228368982,-1.3108917486928615
1717,1988,39747.0,1,0.0,43,0,80,15,93,20.0,13,52.0,3,5,1,4,8,0,0,0,0,0,0,False,False,True,False,False,False,False,False,False,True,False,False,False,37,273.0,10,1.0,0,-1.4576231871805707,-0.3468067006027527
9491,1984,52266.03129314312,1,0.0,68,0,14,1,21,2.0,3,25.0,3,3,1,3,7,0,0,0,0,0,0,False,False,True,False,False,False,False,False,False,False,True,False,False,41,66.0,7,1.0,0,-1.304377129066169,-0.3368123487054739
9274,1961,80950.0,0,0.0,44,0,525,81,112,120.5,81,63.0,1,6,7,9,2,1,0,0,0,0,0,False,False,False,True,False,False,False,False,True,False,False,False,False,64,1213.0,22,0.0,1,2.986421713328975,-0.29277260883875245
6609,1966,27038.0,0,0.0,64,0,1,26,25,17.0,23,15.0,1,3,0,3,9,0,0,0,0,0,1,False,False,True,False,False,False,False,False,False,False,False,True,False,59,107.0,6,0.0,0,-1.4173271540760795,-1.3220519602948888
6963,1947,77457.0,0,0.0,85,0,675,11,400,15.0,45,11.0,1,2,5,10,1,0,0,0,0,1,0,False,False,True,False,False,False,False,False,False,True,False,False,False,78,1157.0,17,0.0,1,2.8542490957770372,-0.10541103478760808
4440,1964,64100.0,0,1.0,93,0,509,0,27,0.0,0,10.0,1,8,3,6,7,0,0,0,1,0,0,False,False,False,True,False,False,False,False,True,False,False,False,False,61,546.0,17,1.0,1,0.36891818643447877,0.13768254258346072
1379,1992,52266.03129314312,0,0.0,12,0,154,2,46,20.0,4,15.0,1,4,2,4,4,0,0,0,0,0,0,False,False,False,True,False,False,False,False,False,False,True,False,False,33,241.0,10,0.0,0,0.16692496324236147,-2.2323925769189055
10032,1976,12571.0,1,0.0,86,0,3,5,14,2.0,12,17.0,4,3,1,3,6,0,0,0,0,0,0,False,False,True,False,False,False,False,True,False,False,False,False,False,49,53.0,7,1.0,0,-2.0971701175331594,0.015176688205213045
2826,1967,22574.0,2,1.0,28,0,25,0,8,2.0,0,2.0,2,2,0,3,7,0,0,0,0,0,0,False,False,True,False,False,False,False,False,True,False,False,False,False,58,37.0,5,2.5,0,-2.641232061387078,0.2766415980293331
2437,1989,52266.03129314312,0,0.0,69,0,861,81,461,60.0,30,61.0,1,6,5,12,3,1,0,0,1,0,0,False,False,True,False,False,False,False,False,True,False,False,False,False,36,1611.0,23,0.0,1,2.3023605008233408,-1.1897776897893293
6320,1976,70893.0,0,0.0,42,0,768,44,556,77.0,44,14.0,1,6,6,10,3,0,0,0,0,0,0,False,False,False,True,False,False,False,False,False,True,False,False,False,49,1508.0,22,0.0,1,2.6905601583173775,-0.7263757764398359
3050,1966,54198.0,1,1.0,13,0,185,0,28,3.0,2,17.0,6,3,1,6,4,0,0,0,0,0,0,False,False,True,False,False,False,False,False,True,False,False,False,False,59,235.0,10,2.0,0,-1.0871182557116015,2.0782391000553018
231,1956,28839.0,1,1.0,86,0,24,0,7,0.0,0,1.0,2,2,0,3,5,0,0,0,0,0,0,False,False,False,True,False,False,False,False,False,False,True,False,False,69,32.0,5,2.0,0,-1.7947088795132065,0.33610264239292764
2392,1972,40321.0,1,1.0,59,0,44,4,21,6.0,0,27.0,2,3,0,3,7,0,0,0,0,0,0,False,False,True,False,False,False,False,False,True,False,False,False,False,53,102.0,6,2.0,0,-1.900950419360123,0.06428196061591912
9478,1985,66503.0,1,0.0,30,0,91,64,128,65.0,3,50.0,2,4,3,6,3,0,0,0,0,0,0,False,False,True,False,False,False,False,False,False,True,False,False,False,40,401.0,13,1.0,1,0.4566451907402419,-0.7138277783355347
113,1951,30833.0,1,1.0,33,0,11,0,7,3.0,1,6.0,2,1,0,3,5,0,0,0,0,0,0,False,False,True,False,False,False,False,False,True,False,False,False,False,74,28.0,4,2.0,0,-1.7881620777951661,0.38451993092159176
2863,1970,52266.03129314312,1,2.0,67,0,738,20,172,52.0,50,20.0,6,2,3,10,7,1,0,0,1,0,0,False,False,True,False,False,False,False,False,False,True,False,False,False,55,1052.0,15,2.5,0,-0.9456823939451571,2.96840803818839
1802,1971,64795.0,0,1.0,23,0,412,5,119,38.0,29,77.0,3,3,3,12,2,0,0,0,0,0,0,False,False,True,False,False,False,False,False,True,False,False,False,False,54,680.0,18,1.0,1,1.1370508582843946,0.39435202627489396
520,1974,34421.0,1,0.0,81,0,3,3,7,6.0,2,9.0,1,1,0,2,7,0,0,0,0,0,0,False,False,True,False,False,False,False,False,True,False,False,False,False,51,30.0,3,1.0,0,-1.6962647656049377,-1.21115715448831
8275,1965,47025.0,1,1.0,6,0,16,0,3,0.0,0,1.0,1,1,0,2,7,0,0,0,0,0,0,False,False,False,False,True,False,False,True,False,False,False,False,False,60,20.0,3,2.0,0,-1.8490555330069927,-0.34188119790258864
9750,1961,64325.0,0,1.0,41,0,731,60,353,78.0,12,73.0,5,10,3,5,7,0,0,0,0,0,0,False,False,False,False,True,False,False,True,False,False,False,False,False,64,1307.0,18,1.0,1,0.636589639000447,2.1757303728912403
2607,1953,40464.0,0,1.0,78,0,424,17,118,7.0,23,41.0,6,8,2,8,8,0,0,0,0,0,0,False,False,True,False,False,False,False,False,False,True,False,False,False,72,630.0,18,1.0,0,-0.6702010903862342,2.6728753285706994
7214,1957,62187.0,0,0.0,49,0,792,0,275,45.0,45,126.0,1,4,8,5,3,0,0,0,0,0,0,False,False,True,False,False,False,False,False,True,False,False,False,False,68,1283.0,17,0.0,1,2.156583719991398,-0.4354699306291999
5835,1976,14849.0,1,0.0,39,0,21,2,28,3.0,2,9.0,3,2,0,4,8,0,0,0,0,0,0,False,False,False,False,True,False,False,True,False,False,False,False,False,49,65.0,6,1.0,0,-2.354397010768008,-0.3839642977173881
3896,1984,27255.0,1,0.0,3,0,22,1,11,0.0,1,2.0,1,1,0,3,7,0,0,0,0,0,0,False,False,True,False,False,False,False,False,True,False,False,False,False,41,37.0,4,1.0,0,-1.9030922503344525,-1.6796880803281578
10350,1950,54432.0,2,1.0,37,0,33,0,5,0.0,0,0.0,1,1,0,3,4,0,0,0,0,0,0,False,False,False,False,True,False,False,False,True,False,False,False,False,75,38.0,4,2.5,0,-1.1852414694337274,0.3875602398001891
7786,1986,29999.0,1,0.0,22,0,68,7,59,10.0,5,11.0,4,3,1,4,8,0,0,0,0,0,0,False,False,False,False,True,False,False,False,False,True,False,False,False,39,160.0,8,1.0,0,-1.996301011358119,-0.06221267334730344
2861,1983,24072.0,1,0.0,79,0,9,1,6,3.0,0,4.0,1,1,0,2,8,0,0,0,0,0,0,False,False,True,False,False,False,False,False,False,True,False,False,False,42,23.0,3,1.0,0,-2.1935373220743886,-1.521123616401772
663,1989,33996.0,0,0.0,46,0,40,2,15,8.0,0,6.0,1,1,1,3,4,0,0,0,0,0,0,False,False,False,False,True,False,False,False,False,True,False,False,False,36,71.0,5,0.0,0,-0.6705740735978752,-2.490351096890034
10675,1956,66334.0,0,1.0,82,0,909,11,218,0.0,0,23.0,2,9,3,5,5,0,0,0,0,0,1,False,False,False,False,True,False,False,False,True,False,False,False,False,69,1161.0,17,1.0,1,1.2264878993560824,0.8494128627210472
2521,1971,35178.0,1,0.0,10,0,23,1,13,2.0,2,18.0,1,1,1,2,7,0,0,1,0,0,1,False,False,False,True,False,False,False,False,True,False,False,False,False,54,59.0,4,1.0,0,-1.5899119081928086,-1.1690627818014494
9592,1983,22010.0,1,0.0,51,0,11,2,9,3.0,0,8.0,2,2,0,3,8,0,0,0,0,0,0,False,False,True,False,False,False,False,False,False,False,True,False,False,42,33.0,5,1.0,0,-2.2243438389033483,-1.0415749554545537
10151,1960,62204.0,0,2.0,38,0,317,46,247,120.5,46,126.5,1,4,5,12,3,0,0,0,0,0,0,False,False,True,False,False,False,False,True,False,False,False,False,False,65,946.0,21,2.0,1,1.123427918044381,0.7406198562764981
7381,1968,75693.0,0,0.0,10,0,797,81,293,72.0,81,30.0,1,11,4,6,4,1,0,0,1,1,1,False,False,True,False,False,False,False,True,False,False,False,False,False,57,1442.0,21,0.0,1,2.568846461542023,-0.4618029245921347
4099,1972,30675.0,1,0.0,14,0,10,2,16,11.0,2,21.0,1,1,0,3,8,0,0,0,0,0,0,False,False,True,False,False,False,False,False,True,False,False,False,False,53,62.0,4,1.0,0,-1.87423492196302,-1.1552497843146254
9560,1965,83003.0,0,0.0,18,0,856,61,556,40.0,25,122.0,1,7,6,8,3,0,0,0,0,1,1,False,False,True,False,False,False,False,False,False,False,True,False,False,60,1674.0,21,0.0,1,3.1294741797565817,-0.3105541142930536
1150,1899,83532.0,0,0.0,36,0,755,81,556,104.0,64,126.5,1,4,6,4,1,0,0,0,0,1,0,False,False,False,False,True,False,False,False,False,False,True,False,False,93,1853.0,14,0.0,1,3.484171966685749,0.3920277253221676
10172,1988,68655.0,0,0.0,95,0,456,19,556,75.0,81,38.0,1,4,5,11,3,0,0,0,0,0,0,False,False,True,False,False,False,False,False,False,True,False,False,False,37,1538.0,20,0.0,1,2.454573094103284,-1.1395786712915517
11191,1986,41411.0,0,0.0,11,0,37,32,38,11.0,3,18.0,1,2,1,4,6,0,0,0,0,0,0,False,False,True,False,False,False,False,True,False,False,False,False,False,39,139.0,7,0.0,0,-0.6542875694159223,-2.1315357647965594
9707,1969,55212.0,0,1.0,65,0,1103,0,45,0.0,0,34.0,3,4,2,11,8,0,1,0,1,0,0,False,False,False,False,True,False,False,False,True,False,False,False,False,56,1182.0,17,1.0,1,0.2396003211092584,0.9811545317593582
6245,1950,59292.0,0,1.0,71,0,378,14,68,19.0,14,14.0,2,3,5,8,3,0,0,0,0,0,0,False,False,False,False,True,False,False,False,False,False,True,False,False,75,507.0,16,1.0,1,0.8669424921065887,0.6206065774986739
8234,1973,27190.0,1,0.0,13,0,1,6,7,0.0,1,3.0,1,1,0,2,8,0,0,1,0,0,1,False,True,False,False,False,False,False,False,False,False,True,False,False,52,18.0,3,1.0,0,-2.0617278641057504,-1.2737908085146918
1411,1952,82623.0,0,0.0,58,0,204,34,204,120.5,81,126.5,1,2,9,4,1,0,0,0,0,0,0,False,False,True,False,False,False,False,True,False,False,False,False,False,73,940.0,15,0.0,1,2.6240740882080535,-0.41865441807770226
8553,1965,44300.0,1,1.0,65,0,30,0,9,0.0,0,3.0,2,1,0,3,6,0,0,0,0,0,0,False,False,True,False,False,False,False,False,True,False,False,False,False,60,42.0,4,2.0,0,-1.745823731028275,0.15678999927511167
1826,1970,84835.0,0,0.0,0,0,189,81,379,111.0,81,126.5,1,4,4,6,1,0,0,0,0,0,1,False,False,True,False,False,False,False,True,False,False,False,False,False,55,1190.0,14,0.0,1,2.647445500982701,-1.078494074370292
8842,1971,30372.0,1,1.0,33,0,15,0,12,7.0,3,7.0,3,2,0,3,7,0,0,0,0,0,0,False,False,True,False,False,False,False,False,False,False,False,True,False,54,44.0,5,2.0,0,-2.3475589743682086,0.36487343516969734
11030,1976,33181.0,1,0.0,90,0,9,0,3,0.0,0,4.0,1,1,0,2,6,0,0,1,0,0,0,False,False,False,True,False,False,False,False,True,False,False,False,False,49,16.0,3,1.0,0,-1.5755458574395036,-1.3511686515576333
2579,1957,71113.0,0,1.0,95,0,495,33,255,11.0,33,8.0,4,6,7,9,4,0,0,0,0,0,0,False,False,True,False,False,False,False,False,True,False,False,False,False,68,835.0,22,1.0,1,1.3413231795744882,1.844777503310697
175,1986,71952.0,1,0.0,93,0,656,80,455,52.0,81,93.0,2,8,4,8,4,0,0,1,0,1,0,False,False,True,False,False,False,False,False,True,False,False,False,False,39,1443.0,20,1.0,1,1.6990265206544393,0.04593583490276174
9185,1966,69759.0,0,0.0,38,0,452,20,514,13.0,30,0.0,3,4,6,5,3,0,0,0,0,0,1,False,False,False,False,True,False,False,False,False,True,False,False,False,59,1029.0,15,0.0,1,1.7109498507564216,0.050482314351156535
11056,1974,72099.0,0,0.0,18,0,546,81,410,119.0,0,22.0,1,3,4,10,1,0,0,0,0,0,0,False,False,True,False,False,False,False,False,True,False,False,False,False,51,1188.0,17,0.0,1,2.507870358407388,-1.1457464708185798
9365,1976,60000.0,0,1.0,57,0,1048,0,217,0.0,0,12.0,5,11,3,5,6,0,0,0,0,0,0,False,False,False,False,True,False,False,False,False,True,False,False,False,49,1277.0,19,1.0,1,0.6279248622189505,1.6331397660671256
6201,1978,38643.0,1,1.0,45,1,22,2,14,0.0,1,10.0,2,2,0,3,7,0,0,0,0,0,0,False,False,True,False,False,False,False,False,False,True,False,False,False,47,49.0,5,2.0,0,-2.099615455232148,-0.229416722896146
2061,1955,50737.0,0,1.0,61,0,78,0,11,0.0,0,10.0,1,2,0,4,6,0,0,0,1,0,0,False,False,True,False,False,False,False,False,True,False,False,False,False,70,99.0,6,1.0,0,-0.7467622807928851,-0.4064135783113767
6184,1969,68462.0,0,0.0,6,0,561,64,556,84.0,81,48.0,1,3,3,8,1,0,0,0,0,0,0,False,False,False,False,False,False,False,False,True,False,False,False,False,56,1670.0,14,0.0,1,2.666062029561053,-1.0480533766673101
6142,1943,65073.0,0,0.0,65,1,629,17,177,69.0,0,8.0,1,5,3,5,2,0,0,0,0,0,0,False,False,False,True,False,False,False,False,True,False,False,False,False,82,900.0,13,0.0,1,1.9619693630078536,-0.272408230183946
4107,1948,46681.0,0,2.0,52,0,269,15,69,15.0,19,38.0,2,4,6,4,5,0,0,0,0,0,0,False,False,False,False,True,False,False,False,False,False,True,False,False,77,425.0,14,2.0,0,-0.44592236247326583,1.1922844446985148
7274,1957,78618.0,0,0.0,87,0,736,81,556,120.5,81,61.0,1,4,7,10,2,0,0,0,1,0,0,False,False,True,False,False,False,False,False,True,False,False,False,False,68,2153.0,21,0.0,1,3.6791207023718706,0.07416679738362107
9336,1969,62187.0,0,1.0,38,0,512,0,83,0.0,0,41.0,3,6,2,10,4,0,0,0,0,0,0,False,False,False,False,True,False,False,False,False,False,False,True,False,56,636.0,18,1.0,1,0.7123466353426395,0.6044350737547977
2958,1978,28442.0,2,0.0,53,0,19,3,10,11.0,8,6.0,3,2,1,4,4,0,0,0,0,0,0,False,False,True,False,False,False,False,False,True,False,False,False,False,47,57.0,7,2.0,0,-1.7855715130805725,0.018854779905717305
933,1978,37717.0,1,0.0,31,0,9,0,6,4.0,1,5.0,1,1,0,2,9,0,0,0,0,0,0,False,False,False,False,True,False,False,False,True,False,False,False,False,47,25.0,3,1.0,0,-2.0223930673012886,-1.2505443488857222
5837,1967,51479.0,1,1.0,67,0,247,8,160,6.0,8,65.0,6,6,3,6,7,0,0,0,0,0,0,False,False,True,False,False,False,False,False,True,False,False,False,False,58,494.0,15,2.0,0,-1.1463029460583947,2.6283374403216704
10704,1969,54803.0,0,1.0,65,0,404,0,92,28.0,27,126.5,2,6,2,9,4,0,0,0,0,0,0,False,False,True,False,False,False,False,False,False,True,False,False,False,56,693.0,17,1.0,1,0.6395341470913057,0.11073388126149958
5125,1960,79530.0,0,0.0,64,0,333,0,556,120.5,42,29.0,1,4,10,11,2,0,0,0,0,0,0,False,False,True,False,False,False,False,False,True,False,False,False,False,65,1348.0,25,0.0,1,3.263636151995782,-0.06850379584638143
4432,1976,31615.0,1,0.0,82,0,2,3,20,6.0,11,9.0,2,2,0,3,7,0,0,0,0,0,0,False,False,True,False,False,False,False,True,False,False,False,False,False,49,51.0,5,1.0,0,-1.743236194677661,-0.7537677300385437
5955,1962,72025.0,0,0.0,27,0,833,33,549,120.5,81,126.5,1,4,3,8,3,0,0,0,0,0,0,False,False,True,False,False,False,False,False,False,False,True,False,False,63,1932.0,15,0.0,1,2.738820712350606,-0.49383993025803924
2928,1975,52614.0,0,1.0,63,0,789,0,142,12.0,9,38.0,2,2,4,8,8,0,0,0,0,0,0,False,False,False,False,True,False,False,False,False,True,False,False,False,50,990.0,14,1.0,0,-0.10716811741844172,0.12700176744092365
5680,1984,35684.0,1,0.0,66,0,10,4,7,0.0,6,3.0,1,1,0,3,6,0,0,0,0,0,0,True,False,False,False,False,False,False,False,True,False,False,False,False,41,30.0,4,1.0,0,-1.5183414625329221,-1.5872123729553338
10313,1975,48178.0,1,1.0,69,0,159,4,45,6.0,2,38.0,6,5,1,4,8,0,0,0,0,0,0,False,False,True,False,False,False,False,False,True,False,False,False,False,50,254.0,10,2.0,0,-1.9693130860293606,2.1290501240791873
2557,1970,29548.0,1,0.0,52,0,7,1,6,3.0,1,11.0,1,1,1,2,4,0,0,1,0,0,0,False,False,False,True,False,False,False,False,False,True,False,False,False,55,29.0,4,1.0,0,-1.1991747862207505,-1.344373803693183
1245,1966,63810.0,0,1.0,45,0,977,12,253,16.0,12,101.0,4,4,3,12,8,0,0,0,1,0,0,False,False,True,False,False,False,False,False,False,True,False,False,False,59,1371.0,19,1.0,1,0.6294849505680546,1.7006697645053814
1519,1972,38578.0,1,1.0,2,0,38,4,22,3.0,3,3.0,3,3,0,3,8,0,0,0,0,0,1,False,False,False,False,True,False,False,False,False,True,False,False,False,53,73.0,6,2.0,0,-2.2639558725387374,0.47344115835395245
10703,1975,46098.0,1,1.0,86,0,57,0,27,0.0,0,36.0,4,3,2,2,8,0,0,0,0,0,0,False,False,False,True,False,False,False,False,False,True,False,False,False,50,120.0,7,2.0,0,-2.094434502338755,1.0753257190775305
1726,1970,22585.0,0,0.0,23,0,3,9,15,13.0,2,39.0,1,1,1,2,9,0,0,1,0,0,1,False,False,True,False,False,False,False,False,False,True,False,False,False,55,81.0,4,0.0,0,-1.712316646427794,-1.6544290664487438
4459,1989,30279.0,1,0.0,13,0,10,4,14,4.0,4,1.0,1,1,0,3,8,0,0,0,0,0,0,False,False,True,False,False,False,False,False,False,True,False,False,False,36,37.0,4,1.0,0,-2.0464235408916234,-1.7302905273133702
1729,1961,66426.0,0,1.0,14,0,1043,24,97,32.0,24,126.5,2,3,5,10,6,0,0,0,0,0,0,False,False,False,False,True,False,False,False,False,False,True,False,False,64,1377.0,18,1.0,1,1.228040129124926,0.7461745376246978
1517,1969,30822.0,1,0.0,92,0,3,9,13,2.0,12,12.0,1,1,0,3,7,0,0,0,0,0,0,False,False,True,False,False,False,False,False,False,True,False,False,False,56,51.0,4,1.0,0,-1.6555910269618348,-1.0048568560565179
2098,1969,33581.0,2,0.0,38,0,11,0,5,0.0,0,1.0,1,1,0,2,8,0,0,0,0,0,0,False,False,False,False,True,False,False,False,True,False,False,False,False,56,17.0,3,2.0,0,-2.3626703777245006,-0.4537099833074391
9543,1985,19986.0,1,0.0,74,0,3,6,5,0.0,2,6.0,1,0,0,3,7,0,0,0,0,0,0,False,False,True,False,False,False,False,False,True,False,False,False,False,40,22.0,3,1.0,0,-2.1328053211430777,-1.7032797276682856
6878,1954,27421.0,0,0.0,14,0,43,12,96,78.0,40,55.0,3,4,1,6,7,0,0,0,0,0,0,False,False,True,False,False,False,False,False,False,False,False,True,False,71,324.0,11,0.0,0,-0.7001690603464749,0.02360397664109617
3310,1973,35688.0,2,1.0,94,0,73,3,90,12.0,1,32.0,6,4,1,4,8,0,0,0,0,0,0,True,False,False,False,False,False,False,False,True,False,False,False,False,52,211.0,9,2.5,0,-2.577282922249115,2.3801164634005683
2724,1981,36143.0,1,0.0,33,0,12,0,1,0.0,0,6.0,1,0,1,2,3,0,0,0,0,0,0,False,False,False,True,False,False,False,False,False,True,False,False,False,44,19.0,3,1.0,0,-1.0390972410312185,-1.8118273442481512
948,1971,10245.0,1,0.0,32,0,4,7,7,6.0,4,13.0,3,1,2,2,5,0,0,0,0,0,0,False,False,True,False,False,False,False,False,False,True,False,False,False,54,41.0,5,1.0,0,-1.9786582166576159,-0.5427056952324846
6720,1968,43795.0,0,1.0,11,0,314,11,53,4.0,3,107.0,3,7,3,4,7,0,0,0,1,0,1,False,False,False,True,False,False,False,False,False,False,True,False,False,57,492.0,14,1.0,0,-0.6051042168579576,0.4568909891310928
6202,1960,63381.0,0,1.0,78,0,571,50,142,33.0,50,126.5,4,4,5,13,2,0,0,0,0,0,0,False,False,True,False,False,False,False,False,False,False,True,False,False,65,1005.0,22,1.0,1,1.6186980680274137,1.5473672974395511
2066,1949,38823.0,0,1.0,56,0,70,0,11,2.0,8,23.0,1,2,1,3,6,0,0,0,0,0,0,False,False,True,False,False,False,False,False,False,False,True,False,False,76,114.0,6,1.0,0,-0.9630004239884993,-0.30561465260465853
9799,1968,83664.0,1,1.0,57,0,866,21,151,28.0,21,86.0,3,2,2,12,5,0,0,0,0,0,0,False,False,False,False,True,False,False,True,False,False,False,False,False,57,1173.0,16,2.0,1,0.8725247540693055,1.5482861720203647
8318,1979,90300.0,0,0.0,7,0,594,81,556,33.0,81,57.0,0,5,6,8,1,0,0,0,0,1,0,False,False,True,False,False,False,False,False,False,False,True,False,False,46,1738.0,19,0.0,1,3.5624708744117535,-1.4097470177750497
5642,1979,62499.0,1,0.0,0,0,140,4,61,0.0,13,4.0,2,3,1,6,4,0,0,0,0,0,0,False,False,False,True,False,False,False,False,False,False,True,False,False,46,222.0,10,1.0,0,-0.10174558996051758,-0.7002968493445528
2669,1993,74293.0,0,0.0,66,0,375,81,335,93.0,81,81.0,1,5,4,6,2,0,0,0,0,0,0,False,False,True,False,False,False,False,False,False,True,False,False,False,32,1127.0,15,0.0,1,2.066119698120625,-1.7114274995195538
455,1946,51012.0,0,0.0,86,0,102,9,63,2.0,9,24.0,1,4,1,4,6,0,0,0,0,0,0,False,False,False,False,True,False,False,False,True,False,False,False,False,79,209.0,9,0.0,0,0.10818584732311125,-0.49753933087262336
7683,1968,70777.0,0,1.0,80,0,554,35,113,0.0,7,78.0,3,5,3,12,3,0,0,0,0,0,0,False,False,False,True,False,False,False,False,True,False,False,False,False,57,787.0,20,1.0,1,1.3549770939315289,0.8265591856943979
3428,1991,68682.0,0,0.0,56,0,919,0,505,99.0,30,45.0,1,4,9,10,2,0,0,0,0,0,0,False,False,False,False,True,False,False,False,False,False,True,False,False,34,1598.0,23,0.0,1,2.827748921536454,-1.2265045759780726
7414,1971,43824.0,1,1.0,18,0,96,1,42,12.0,3,32.0,4,3,1,4,8,0,0,0,0,0,0,False,False,True,False,False,False,False,False,True,False,False,False,False,54,186.0,8,2.0,0,-2.019274591138445,1.1406194989292533
6354,1984,15345.0,1,0.0,51,0,5,2,16,3.0,2,19.0,2,1,1,2,8,0,0,0,0,0,1,False,False,True,False,False,False,False,False,False,False,True,False,False,41,47.0,4,1.0,0,-2.438462641603304,-1.1694590424163052
798,1987,23442.0,1,0.0,71,0,2,0,6,8.0,6,5.0,1,1,0,3,7,0,0,0,0,0,0,False,False,True,False,False,False,False,False,False,True,False,False,False,38,27.0,4,1.0,0,-2.0039767175573995,-1.7005297208201926
8213,1980,14515.0,1,0.0,71,0,6,4,9,6.0,36,35.0,4,2,2,3,7,0,0,0,0,0,1,True,False,False,False,False,False,False,False,False,False,True,False,False,45,96.0,7,1.0,0,-2.2301141495199763,-0.041188255979151274
2488,1956,31395.0,1,1.0,80,0,23,1,25,0.0,8,7.0,4,2,1,3,6,0,0,0,0,0,0,True,False,False,False,False,False,False,True,False,False,False,False,False,69,64.0,6,2.0,0,-2.036841389143673,1.3707984270797477
9999,1965,52266.03129314312,0,0.0,2,0,610,81,125,120.5,42,21.0,1,9,4,9,5,0,0,0,0,0,0,False,False,True,False,False,False,False,False,False,False,True,False,False,60,1040.0,22,0.0,1,1.6078329722350182,-0.5364001297452339
7617,1974,42373.0,1,1.0,83,0,67,5,61,3.0,8,19.0,5,2,1,5,5,0,0,0,0,0,0,False,False,True,False,False,False,False,False,False,True,False,False,False,51,163.0,8,2.0,0,-1.6584816921008618,1.352661792560479
615,1960,30507.0,0,0.0,29,0,65,36,74,38.0,20,110.0,1,5,1,4,7,0,0,0,0,0,0,False,False,True,False,False,False,False,False,False,False,True,False,False,65,343.0,10,0.0,0,-0.5078072289918861,-1.0635446647472178
2552,1955,55521.0,1,2.0,11,0,416,0,26,0.0,0,4.0,6,6,3,6,7,0,0,0,1,0,1,False,False,False,False,True,False,False,False,False,True,False,False,False,70,446.0,15,2.5,0,-1.2530330516328088,3.2534375046669424
194,1965,48006.0,1,1.0,55,0,23,0,11,3.0,2,2.0,1,1,0,3,6,0,0,0,0,0,0,False,False,True,False,False,False,False,False,True,False,False,False,False,60,41.0,4,2.0,0,-1.557097319517714,-0.27853432369520265
3645,1972,27213.0,1,0.0,19,0,19,3,26,10.0,9,3.0,3,2,0,4,8,0,0,0,0,0,1,False,False,False,False,True,False,False,False,False,True,False,False,False,53,70.0,6,1.0,0,-2.035447656563778,-0.18534574613208413
8890,1971,65808.0,1,1.0,1,0,155,7,80,13.0,7,10.0,3,5,1,5,6,0,0,0,0,0,0,False,False,False,False,True,False,False,True,False,False,False,False,False,54,272.0,11,2.0,0,-0.8010626962833991,0.8453055101132758
5049,1974,30351.0,1,0.0,19,0,14,0,24,3.0,3,2.0,1,3,0,2,9,0,0,0,0,0,0,False,False,False,False,True,False,False,False,False,False,True,False,False,51,46.0,5,1.0,0,-2.022759270798096,-1.099082468139311
9973,1963,50437.0,0,2.0,28,0,370,9,92,6.0,9,4.0,3,7,1,8,7,0,0,0,0,0,0,False,False,True,False,False,False,False,False,True,False,False,False,False,62,490.0,16,2.0,0,-0.770976587339183,1.3900414209313445
7301,1982,23616.0,1,0.5063752276867031,76,0,4,22,11,3.0,7,32.0,2,3,0,3,8,0,0,0,0,0,1,True,False,False,False,False,False,False,False,False,True,False,False,False,43,79.0,6,1.506375227686703,0,-2.3196427397175854,-0.5961168343258912
10882,1976,53858.0,0,1.0,50,0,407,53,221,58.0,81,26.0,4,4,3,6,4,0,0,0,0,0,0,False,False,True,False,False,False,False,False,True,False,False,False,False,49,915.0,13,1.0,1,0.27313877553073224,0.6136253869981407
7030,1955,66465.0,0,1.0,1,0,1200,0,204,38.0,29,14.0,3,11,9,12,6,1,0,0,0,0,0,False,False,False,False,True,False,False,False,True,False,False,False,False,70,1485.0,32,1.0,1,2.12531598556958,2.0370328565856735
7422,1987,46923.0,1,0.0,90,0,85,44,54,102.0,78,6.0,3,5,1,7,7,0,0,0,0,0,0,False,False,True,False,False,False,False,False,False,True,False,False,False,38,369.0,13,1.0,0,-0.8288601371441472,-0.09536015774623922
3523,1962,75072.0,0,1.0,83,0,583,34,309,0.0,22,125.0,2,5,4,8,3,0,0,0,0,0,0,False,False,True,False,False,False,False,False,False,False,True,False,False,63,1073.0,17,1.0,1,1.6581849681380874,0.5489952583584579
7106,1943,75865.0,0,0.0,73,0,483,0,556,120.5,0,12.0,1,3,5,10,1,0,0,0,0,0,0,False,False,False,False,True,False,False,False,True,False,False,False,False,82,1242.0,18,0.0,1,2.9780057518048584,0.06141181240770561
6504,1975,19789.0,1,0.0,24,0,2,5,9,28.0,6,28.0,3,2,1,3,5,0,0,1,0,0,0,True,False,False,False,False,False,False,False,False,False,True,False,False,50,78.0,6,1.0,0,-1.7005793077777147,-0.5588209098224881
5067,1994,80134.0,0,0.5063752276867031,11,0,966,26,282,52.0,26,26.0,1,2,7,11,5,1,1,0,1,1,0,False,False,True,False,False,False,False,False,False,False,True,False,False,31,1378.0,20,0.5063752276867031,1,1.9176854771966776,-0.9720878808739966
4216,1981,91065.0,0,0.0,33,0,822,81,108,120.5,81,114.0,1,7,9,9,3,1,0,0,0,1,1,False,False,True,False,False,False,False,False,False,True,False,False,False,44,1474.0,25,0.0,1,3.2737250136622875,-0.6196239380798791
8581,1971,49505.0,1,0.5063752276867031,4,0,604,0,100,19.0,0,28.0,6,10,2,8,8,0,0,0,0,0,0,False,False,False,True,False,False,False,False,True,False,False,False,False,54,751.0,20,1.506375227686703,0,-0.6594647794281158,2.4482010255679785
5929,1973,37401.0,1,0.0,14,0,19,3,19,3.0,1,3.0,2,2,0,3,7,0,0,0,0,0,0,False,False,False,False,True,False,False,False,True,False,False,False,False,52,48.0,5,1.0,0,-1.6070021405434647,-0.720543318239612
3129,1983,30096.0,1,0.0,30,0,5,3,11,12.0,5,9.0,1,2,0,3,6,0,0,0,0,0,0,False,False,True,False,False,False,False,False,True,False,False,False,False,42,45.0,5,1.0,0,-1.5768437604388394,-1.6076258578744307
6528,1982,18492.0,1,0.0,75,0,2,2,2,2.0,1,1.0,1,1,0,2,8,0,0,0,0,0,0,False,False,False,True,False,False,False,False,False,False,True,False,False,43,10.0,3,1.0,0,-2.3267268290400414,-1.541557180117482
1361,1974,82584.0,0,0.0,26,0,1076,68,103,29.0,81,68.0,1,3,4,8,1,0,0,0,1,1,1,False,False,False,True,False,False,False,False,True,False,False,False,False,51,1435.0,15,0.0,1,2.8303581130379016,-1.0814695156316456
6932,1941,93027.0,0,0.0,77,0,1225,42,556,55.0,0,21.0,0,7,10,5,2,0,0,0,0,1,0,False,False,False,False,True,False,False,False,True,False,False,False,False,84,2119.0,22,0.0,1,4.2861255114552455,0.2917615740934455
7284,1953,48686.0,1,2.0,8,0,10,0,7,2.0,0,1.0,1,1,0,2,8,0,0,0,0,0,0,False,False,True,False,False,False,False,False,True,False,False,False,False,72,20.0,3,2.5,0,-2.129178878351989,0.4461208171636888
1340,1986,92910.0,0,0.0,42,0,551,81,556,120.5,81,33.0,1,6,7,13,1,1,0,0,1,1,0,False,False,True,False,False,False,False,False,True,False,False,False,False,39,1795.0,26,0.0,1,3.949656433915567,-0.783290247820141
8746,1989,75433.0,1,0.0,28,0,800,0,297,0.0,34,57.0,2,2,5,10,6,1,0,0,1,0,0,False,False,True,False,False,False,False,False,True,False,False,False,False,36,1188.0,17,1.0,1,0.9920103306333292,-0.1807649535865227
5987,1989,10404.0,1,0.0,52,0,2,2,11,10.0,6,12.0,2,1,0,4,5,0,0,0,0,0,0,True,False,False,False,False,False,False,False,False,False,True,False,False,36,43.0,5,1.0,0,-2.011490912674207,-1.5536004990001329
3767,1968,61314.0,0,1.0,1,0,378,0,189,97.0,81,126.5,2,5,5,12,3,0,0,0,0,0,0,False,False,True,False,False,False,False,False,True,False,False,False,False,57,1008.0,22,1.0,1,1.5202021906303547,0.31978147072476754
3725,1961,84865.0,0,0.0,1,0,1225,16,349,43.0,16,16.0,1,2,4,9,4,1,1,0,1,1,1,False,False,False,False,True,False,False,False,False,True,False,False,False,64,1688.0,15,0.0,1,2.6650738523737614,-0.38602001654329937
4324,1989,42387.0,1,0.0,42,0,235,0,235,19.0,4,126.5,5,8,1,7,8,0,0,0,0,0,0,False,False,True,False,False,False,False,False,True,False,False,False,False,36,684.0,16,1.0,0,-0.9120832721116531,0.9082764591626326
238,1967,67309.0,1,1.0,76,0,515,47,181,120.5,81,95.0,6,9,6,9,7,0,0,0,0,0,0,True,False,False,False,False,False,False,False,False,False,True,False,False,58,1082.0,24,2.0,1,0.26009657086992394,3.3207267766296558
6694,1964,75236.0,0,1.0,27,0,438,66,400,12.0,38,114.0,1,8,3,13,4,0,0,0,0,0,0,False,False,True,False,False,False,False,False,True,False,False,False,False,61,1068.0,24,1.0,1,1.9899140873896946,0.3377065686926048
498,1970,30015.0,1,0.0,28,0,25,0,22,2.0,3,5.0,2,1,0,4,5,0,0,0,0,0,0,False,False,True,False,False,False,False,False,False,True,False,False,False,55,57.0,5,1.0,0,-1.3922766332421883,-0.8044341532840948
9347,1956,50943.0,0,1.0,49,0,31,0,7,2.0,0,6.0,1,1,0,3,5,0,0,0,0,0,0,False,False,False,True,False,False,False,False,False,False,True,False,False,69,46.0,4,1.0,0,-0.7462971537702715,-0.636861727899709
9699,1966,67272.0,0,1.0,12,0,357,35,271,28.0,28,14.0,3,6,2,12,5,0,0,0,0,0,0,False,False,True,False,False,False,False,True,False,False,False,False,False,59,733.0,20,1.0,1,0.8756186031137524,0.8914598836502179
10664,1949,51529.0,0,1.0,14,0,400,4,35,6.0,0,22.0,2,9,1,5,8,0,0,0,0,0,0,False,False,False,True,False,False,False,False,False,False,False,True,False,76,467.0,15,1.0,0,-0.291786537040377,0.8201260371540532
5455,1971,32011.0,1,0.0,89,0,99,0,15,2.0,1,5.0,3,2,1,4,7,0,0,0,0,0,0,False,False,False,False,True,False,False,False,True,False,False,False,False,54,122.0,7,1.0,0,-1.6146979967525208,-0.016909761540369415
456,1986,7500.0,1,0.0,96,0,1,11,5,4.0,6,9.0,2,2,0,3,8,0,0,0,0,0,0,True,False,False,False,False,False,False,False,True,False,False,False,False,39,36.0,5,1.0,0,-2.570609010629235,-1.1810881269198563
5012,1989,28691.0,1,0.0,56,0,5,4,13,8.0,0,4.0,1,1,0,3,8,0,0,0,0,0,0,False,False,True,False,False,False,False,False,True,False,False,False,False,36,34.0,4,1.0,0,-2.0724867053457086,-1.6732200563038746
7495,1948,56223.0,0,1.0,72,0,77,28,31,16.0,0,4.0,2,2,1,5,4,0,0,0,0,0,0,False,False,False,False,True,False,False,False,True,False,False,False,False,77,156.0,8,1.0,0,-0.14343531648337562,0.2896662904713203
5029,1946,18100.0,0,0.0,14,0,3,1,2,4.0,3,1.0,1,0,0,3,5,0,0,0,0,0,0,False,False,True,False,False,False,False,False,True,False,False,False,False,79,14.0,3,0.0,0,-1.0352654193231647,-1.2705078212963399
10642,1989,30279.0,1,0.0,13,0,10,4,14,4.0,4,1.0,1,1,0,3,8,0,0,0,0,0,0,False,False,True,False,False,False,False,False,False,True,False,False,False,36,37.0,4,1.0,0,-2.0464235408916234,-1.7302905273133702
2106,1974,20130.0,0,0.0,99,0,0,6,3,7.0,6,12.0,1,1,0,3,8,0,0,0,0,0,0,True,False,False,False,False,False,False,False,True,False,False,False,False,51,34.0,4,0.0,0,-1.642637168645237,-1.768847615526867
10364,1959,23295.0,0,0.0,72,0,0,0,1,2.0,12,5.0,1,1,0,2,8,0,0,0,0,0,0,False,False,True,False,False,False,False,True,False,False,False,False,False,66,20.0,3,0.0,0,-1.5251541318893376,-1.339228601601696
5954,1972,42618.0,1,0.0,92,0,76,14,74,13.0,5,10.0,2,5,0,4,8,0,0,0,0,0,0,False,False,False,True,False,False,False,True,False,False,False,False,False,53,192.0,9,1.0,0,-1.2629805307597717,-0.22621250612274554
1137,1964,81246.0,0,0.0,87,0,398,81,537,61.0,81,37.0,1,4,5,7,1,1,0,1,0,0,0,False,False,True,False,False,False,False,False,False,True,False,False,False,61,1379.0,16,0.0,1,2.9185383373174476,-0.6283382252448416
2541,1976,24027.0,1,0.0,7,0,14,7,11,11.0,0,5.0,2,2,0,3,8,0,0,0,0,0,0,False,False,True,False,False,False,False,False,True,False,False,False,False,49,48.0,5,1.0,0,-2.120247481125884,-0.8616647069926341
1142,1953,55707.0,0,1.0,91,0,208,7,82,30.0,66,35.0,2,3,2,9,3,0,0,0,0,0,0,False,False,False,False,True,False,False,False,True,False,False,False,False,72,428.0,14,1.0,1,0.5764181033429746,0.41513479099700823
2276,1955,57959.0,0,1.0,71,0,430,16,322,43.0,24,33.0,5,4,7,11,3,0,0,0,0,0,0,False,False,True,False,False,False,False,False,False,True,False,False,False,70,868.0,22,1.0,1,1.1399022967784849,2.1490761018677698
2807,1969,56796.0,0,1.0,24,0,656,38,161,62.0,47,37.0,3,8,9,7,7,0,0,0,0,0,0,False,False,True,False,False,False,False,False,True,False,False,False,False,56,1001.0,24,1.0,1,0.726369778338023,1.1268198163976144
6471,1971,36230.0,1,0.0,17,0,14,2,30,8.0,2,3.0,1,2,0,4,5,0,0,0,0,0,0,False,False,False,True,False,False,False,False,False,True,False,False,False,54,59.0,6,1.0,0,-1.0893747513812335,-1.208489553640686
6131,1980,70829.0,1,1.0,87,0,141,70,106,72.0,19,23.0,2,4,2,8,3,0,0,0,0,0,0,True,False,False,False,False,False,False,False,True,False,False,False,False,45,431.0,14,2.0,0,0.21315740184229992,0.22862805399233327
6233,1976,65991.0,0,1.0,21,0,507,19,364,25.0,47,9.0,3,9,5,10,7,0,0,0,0,0,0,False,False,True,False,False,False,False,False,True,False,False,False,False,49,971.0,24,1.0,1,0.856351343283718,0.9547085508209866
4148,1972,38988.0,1,2.0,90,0,164,24,103,12.0,3,42.0,6,5,1,6,8,0,0,0,0,0,0,False,False,True,False,False,False,False,False,True,False,False,False,False,53,348.0,12,2.5,0,-2.196088910676639,2.60279438606162
4947,1966,89572.0,0,0.0,44,0,606,24,556,120.5,81,64.0,1,7,7,9,4,1,0,0,1,0,1,True,False,False,False,False,False,False,False,False,True,False,False,False,59,2059.0,23,0.0,1,3.543372975962775,0.010219551245912294
3225,1984,42207.0,1,0.0,71,0,116,11,72,3.0,17,46.0,4,4,1,5,6,0,0,1,0,0,1,False,False,False,True,False,False,False,False,True,False,False,False,False,41,265.0,10,1.0,0,-1.121394997633364,0.14669139721801155
7540,1952,50300.0,0,1.0,52,0,143,15,60,24.0,23,5.0,2,2,1,8,2,0,0,0,0,0,0,False,False,True,False,False,False,False,False,True,False,False,False,False,73,270.0,11,1.0,0,0.30751641681866204,0.09166763929890646
10648,1982,66664.0,0,0.0,78,0,398,81,447,120.5,81,32.0,1,5,7,6,3,0,0,0,0,0,0,True,False,False,False,False,False,False,False,False,False,True,False,False,43,1289.0,18,0.0,1,2.1272174377071074,-1.135489859616666
1992,1964,60597.0,0,1.0,2,0,522,0,257,32.0,16,66.0,4,2,2,8,7,1,0,0,0,0,1,False,False,True,False,False,False,False,False,True,False,False,False,False,61,893.0,12,1.0,0,-0.08900356539179474,1.1611099289923366
7851,1949,70165.0,0,0.0,60,0,161,0,253,120.5,81,122.0,1,3,7,11,1,0,0,0,0,0,0,False,False,True,False,False,False,False,False,False,False,False,True,False,76,926.0,21,0.0,1,2.7211311714220705,-0.14361825208164694
8594,1958,50520.0,0,1.0,25,0,112,0,6,2.0,1,14.0,2,3,1,3,6,0,0,0,0,0,0,False,False,False,False,True,False,False,False,False,False,False,True,False,67,135.0,7,1.0,0,-0.8032484993623432,-0.06429781631879487
7059,1963,80124.0,0,0.0,47,0,483,81,398,120.5,81,126.5,1,3,7,8,1,0,0,1,0,0,0,False,False,True,False,False,False,False,False,True,False,False,False,False,62,1495.0,18,0.0,1,3.1066414882382287,-0.5500347986313717
2815,1975,33183.0,1,0.0,46,0,7,5,39,17.0,15,37.0,2,4,0,3,7,0,0,0,0,0,0,False,False,True,False,False,False,False,False,True,False,False,False,False,50,120.0,7,1.0,0,-1.529437772209976,-0.6591383121688232
2416,1969,66582.0,0,0.0,83,0,789,25,420,16.0,38,0.0,1,2,8,9,1,0,0,0,0,0,0,False,False,False,False,True,False,False,False,False,True,False,False,False,56,1288.0,19,0.0,1,2.646769816008696,-0.8015010347318494
7999,1955,75261.0,0,0.0,17,0,1225,17,413,23.0,34,17.0,1,5,6,5,2,0,0,0,1,1,1,False,False,False,False,True,False,False,False,False,False,True,False,False,70,1743.0,16,0.0,1,2.9533280917883484,-0.3277715046840112
9213,1970,31880.0,1,0.0,13,0,4,1,5,2.0,0,3.0,1,1,0,2,8,0,0,0,0,0,0,False,False,True,False,False,False,False,False,False,False,False,True,False,55,15.0,3,1.0,0,-1.929945247428685,-1.1380227842255073
9697,1951,53790.0,0,2.0,86,0,335,42,127,28.0,5,5.0,3,7,2,8,6,0,0,0,0,0,0,False,False,True,False,False,False,False,False,True,False,False,False,False,74,542.0,17,2.0,0,-0.2954103614081571,1.8925706446379629
3916,1971,49269.0,1,0.0,92,0,639,8,166,11.0,8,58.0,3,7,3,12,7,0,0,0,0,0,0,False,False,False,False,True,False,False,False,False,False,True,False,False,54,890.0,22,1.0,1,0.3414384993692123,0.9942197349179047
2021,1975,61456.0,0,1.0,47,0,563,76,384,84.0,81,89.0,4,6,10,13,4,0,0,0,0,0,0,False,False,True,False,False,False,False,False,True,False,False,False,False,50,1388.0,29,1.0,1,1.8339797584923634,1.5461854844341147
1581,1980,37406.0,1,0.0,18,0,2,0,8,2.0,2,3.0,1,1,0,2,8,0,0,0,0,0,1,False,False,True,False,False,False,False,False,True,False,False,False,False,45,17.0,3,1.0,0,-1.8820084479989716,-1.417754856183529
564,1981,56937.0,1,0.0,81,0,746,8,125,11.0,8,8.0,6,8,6,9,6,0,0,0,1,0,1,False,False,False,False,True,False,False,False,False,False,True,False,False,44,906.0,23,1.0,1,0.3632518409568323,2.022744384403719
6619,1978,38415.0,1,1.0,91,0,22,1,13,4.0,0,4.0,2,1,0,3,7,0,0,0,0,0,0,False,False,True,False,False,False,False,False,True,False,False,False,False,47,44.0,4,2.0,0,-2.156810357271714,-0.20283128046147358
9081,1988,20518.0,1,0.0,58,0,4,1,6,4.0,1,9.0,1,1,1,2,5,0,0,0,0,0,0,False,False,True,False,False,False,False,False,False,True,False,False,False,37,25.0,4,1.0,0,-1.736247109599688,-1.928858134832547
178,1956,52266.03129314312,0,1.0,40,0,478,0,193,110.0,75,117.0,4,8,3,11,5,0,0,0,0,0,0,False,False,True,False,False,False,False,False,True,False,False,False,False,69,973.0,22,1.0,1,0.8313306615156526,1.7483014580423204
916,1972,41644.0,1,1.0,67,0,20,3,4,2.0,0,2.0,2,1,0,3,3,0,0,0,0,0,0,False,False,False,False,True,False,False,False,False,True,False,False,False,53,31.0,4,2.0,0,-1.3498945782572078,-0.32141527697466477
5512,1977,55842.0,0,1.0,19,0,451,0,39,0.0,4,24.0,1,7,1,8,5,0,0,0,0,0,0,False,False,False,True,False,False,False,False,True,False,False,False,False,48,518.0,16,1.0,1,0.31003890353685215,-0.6825637524776174
8970,1972,62010.0,0,1.0,93,0,371,22,39,6.0,0,92.0,4,6,2,7,5,0,0,0,0,0,0,False,False,False,False,True,False,False,False,True,False,False,False,False,53,530.0,15,1.0,0,0.14664325175221543,0.9539599689402436
10581,1977,41124.0,1,0.0,41,0,281,7,84,15.0,0,119.0,6,7,3,4,8,0,0,0,0,0,0,False,False,True,False,False,False,False,False,True,False,False,False,False,48,506.0,14,1.0,0,-1.21615949956679,1.6085160147590825
5300,1973,38961.0,1,0.0,60,0,19,7,19,0.0,1,24.0,1,2,1,2,7,0,0,0,0,0,0,False,False,False,True,False,False,False,False,True,False,False,False,False,52,70.0,5,1.0,0,-1.4322129593827504,-1.0756345393863127
5154,1972,37760.0,1,0.0,54,0,26,3,13,2.0,10,0.0,1,2,0,3,6,0,0,0,0,0,0,False,False,False,True,False,False,False,True,False,False,False,False,False,53,54.0,5,1.0,0,-1.2917210695145418,-1.1407774889542737
8346,1974,32233.0,1,0.0,26,0,138,15,35,25.0,11,72.0,2,6,2,2,9,0,0,1,0,0,1,False,False,True,False,False,False,False,False,False,True,False,False,False,51,296.0,10,1.0,0,-1.570183872708082,-0.33624778503106045
1676,1975,43057.0,0,1.0,30,0,213,2,44,0.0,2,5.0,4,4,2,5,5,0,0,0,0,0,0,False,False,True,False,False,False,False,False,True,False,False,False,False,50,266.0,11,1.0,0,-0.8011621217668686,0.3557276360898276
9286,1960,83151.0,0,0.0,93,0,407,28,100,120.0,74,18.0,1,5,9,4,3,0,0,0,0,0,0,False,False,False,True,False,False,False,False,False,False,True,False,False,65,747.0,18,0.0,1,2.260132634656871,-0.3823613446641962
2426,1964,78825.0,0,0.0,35,0,483,74,114,120.5,37,18.0,1,5,10,13,3,0,0,0,0,0,1,False,False,False,False,True,False,False,True,False,False,False,False,False,61,895.0,28,0.0,1,2.848776918880676,-0.15200438267834887
5172,1976,65104.0,0,1.0,4,0,738,0,232,13.0,20,50.0,2,3,5,7,7,0,0,0,0,0,0,False,False,False,True,False,False,False,False,False,False,True,False,False,49,1053.0,15,1.0,1,0.44474343834299385,0.08138422557862535
5562,1974,60093.0,0,1.0,92,0,502,12,109,16.0,6,90.0,2,7,2,10,6,0,0,0,0,0,0,False,False,True,False,False,False,False,False,True,False,False,False,False,51,735.0,19,1.0,1,0.5374862338467561,0.28236047145481286
3436,1969,14045.0,1,0.0,24,0,11,0,5,2.0,1,1.0,1,1,0,3,7,0,0,0,0,0,0,False,False,True,False,False,False,False,False,True,False,False,False,False,56,20.0,4,1.0,0,-2.0919899590482736,-1.2556333429750672
3921,1952,28457.0,0,0.0,96,0,24,1,108,29.0,29,14.0,1,4,1,4,8,0,0,0,0,0,0,True,False,False,False,False,False,False,False,False,False,False,True,False,73,205.0,9,0.0,0,-0.8165957154622245,-0.7085017354770131
3403,1958,78952.0,0,1.0,11,0,1170,19,556,99.0,76,126.5,2,2,5,12,6,0,0,0,0,0,0,False,False,False,False,True,False,False,False,False,False,True,False,False,67,2092.0,19,1.0,1,2.18541686033871,1.1583856650999809
22,1976,46310.0,1,0.0,99,0,185,2,88,15.0,5,14.0,2,6,1,5,8,0,0,0,0,0,0,False,False,True,False,False,False,False,True,False,False,False,False,False,49,309.0,12,1.0,0,-0.927363767930558,-0.15326182773145855
10965,1955,76005.0,0,0.0,72,0,983,20,389,120.5,50,40.0,1,3,5,13,6,1,0,0,0,0,0,False,False,True,False,False,False,False,False,False,False,True,False,False,70,1722.0,21,0.0,1,2.581457599024772,0.2917351229059187
9426,1964,58308.0,0,1.0,77,0,691,0,69,10.0,0,126.5,4,2,6,3,8,0,0,0,0,0,0,False,False,False,True,False,False,False,False,False,True,False,False,False,61,900.0,11,1.0,0,-0.3503126486219921,1.296978615034262
6605,1944,55614.0,0,0.0,85,0,504,13,131,8.0,0,26.0,1,9,4,6,7,0,0,0,1,0,0,False,False,False,False,True,False,False,True,False,False,False,False,False,81,682.0,19,0.0,1,1.061030888756563,0.2494063575614711
3136,1962,59432.0,0,1.0,88,0,317,25,265,25.0,19,12.0,3,5,3,11,5,0,0,0,0,0,0,False,False,False,True,False,False,False,True,False,False,False,False,False,63,663.0,19,1.0,1,0.6314562805413613,1.0241647358307298
8737,1978,55563.0,0,1.0,22,0,29,1,9,2.0,0,2.0,1,2,0,3,3,0,0,0,0,0,0,False,False,True,False,False,False,False,True,False,False,False,False,False,47,43.0,5,1.0,0,-0.42207340330110626,-1.4803004053280273
11088,1971,78642.0,0,1.0,83,0,1225,0,322,46.0,35,17.0,1,4,9,4,6,0,0,0,0,0,0,False,False,False,False,True,False,False,False,False,False,True,False,False,54,1816.0,17,1.0,1,1.8500884184664548,0.23615096593398419
716,1949,67911.0,0,1.0,63,0,529,0,356,63.0,28,0.0,3,6,7,11,3,0,0,0,0,0,0,False,False,False,False,True,False,False,False,False,False,True,False,False,76,976.0,24,1.0,1,1.8437403705741962,1.6350722117936802
466,1944,65275.0,0,0.0,9,0,388,14,218,91.0,14,21.0,1,4,3,13,2,0,0,0,0,0,0,False,False,True,False,False,False,False,False,True,False,False,False,False,81,746.0,20,0.0,1,2.250589560417357,-0.11360298580026763
9135,1950,27203.0,1,1.0,92,0,13,2,21,4.0,0,24.0,2,1,1,2,8,0,0,0,0,0,0,False,False,True,False,False,False,False,False,False,False,True,False,False,75,64.0,4,2.0,0,-2.341411102331627,0.719882967122035
10623,1961,48330.0,0,1.0,2,0,28,0,4,0.0,0,0.0,1,1,0,3,5,0,0,0,0,0,0,False,False,False,True,False,False,False,False,False,False,True,False,False,64,32.0,4,1.0,0,-0.8748501292127312,-0.9036174791075199
8151,1990,24279.0,0,0.0,6,0,16,36,21,20.0,62,108.0,1,4,1,3,8,0,0,0,0,0,0,False,True,False,False,False,False,False,False,True,False,False,False,False,35,263.0,8,0.0,0,-1.2749625615334845,-2.1813058979512734
5140,1985,64355.0,1,0.0,66,0,1047,0,140,67.0,38,126.5,2,4,3,12,8,0,0,0,0,0,0,False,False,False,False,True,False,False,False,True,False,False,False,False,40,1445.0,19,1.0,1,0.7623771967599813,0.23080029794640952
10160,1956,50943.0,0,1.0,49,0,31,0,7,2.0,0,6.0,1,1,0,3,5,0,0,0,0,0,0,False,False,False,True,False,False,False,False,False,False,True,False,False,69,46.0,4,1.0,0,-0.7462971537702715,-0.636861727899709
4945,1953,53653.0,0,0.0,29,0,815,10,239,28.0,10,108.0,2,10,4,12,6,0,0,0,0,0,0,False,False,True,False,False,False,False,False,False,False,False,True,False,72,1210.0,26,0.0,1,1.8537791230676912,0.6636987301335066
10584,1976,65665.0,0,1.0,77,0,225,81,387,106.0,36,29.0,1,5,10,8,3,0,0,0,0,0,0,False,False,True,False,False,False,False,False,True,False,False,False,False,49,945.0,23,1.0,1,1.6953290258299774,-0.2047990000799899
6071,1989,81217.0,0,0.0,77,0,493,70,324,120.5,40,84.0,1,3,7,11,1,0,0,0,0,0,0,False,False,True,False,False,False,False,False,False,True,False,False,False,36,1157.0,21,0.0,1,2.8357078608940993,-1.3004120240091908
3386,1992,34935.0,0,0.0,71,0,34,4,66,3.0,10,20.0,1,2,1,4,7,0,0,0,0,0,0,False,False,True,False,False,False,False,False,True,False,False,False,False,33,137.0,7,0.0,0,-1.0131093229293544,-2.208864139126841
8939,1959,61250.0,0,1.0,49,0,382,81,65,60.0,26,59.0,6,5,2,12,5,0,0,0,0,0,0,False,False,True,False,False,False,False,True,False,False,False,False,False,66,730.0,19,1.0,1,0.4218329178132417,2.4342615041675146
9925,1981,39665.0,1,0.0,97,0,127,1,56,0.0,1,31.0,3,4,2,3,7,0,0,1,0,0,0,False,False,False,False,True,False,False,False,False,False,True,False,False,44,216.0,9,1.0,0,-1.3175967660391195,-0.16145736407789796
4320,1979,60152.0,0,1.0,6,0,325,81,300,86.0,58,91.0,1,6,4,12,3,0,0,0,0,0,0,False,False,True,False,False,False,False,False,False,True,False,False,False,46,943.0,22,1.0,1,1.4563096770467496,-0.5099485952687163
5389,1964,48920.0,0,2.0,93,0,238,17,68,8.0,10,6.0,3,6,2,5,7,0,0,0,1,0,0,False,False,True,False,False,False,False,False,True,False,False,False,False,61,347.0,13,2.0,0,-1.0966895015298663,1.2796755717100088
6036,1959,89120.0,0,0.0,78,0,1168,81,408,72.0,81,55.0,1,5,6,7,1,0,0,0,0,1,0,False,False,False,True,False,False,False,False,False,False,True,False,False,66,1924.0,18,0.0,1,3.7068350022412213,-0.19177784817388768
182,1946,44124.0,0,1.0,62,0,284,0,55,0.0,6,52.0,4,6,2,5,8,0,0,0,0,0,0,False,False,False,False,True,False,False,False,False,False,True,False,False,79,397.0,13,1.0,0,-0.8178070535970238,1.727498866596171
203,1975,81169.0,0,0.0,47,0,1225,20,556,80.0,61,27.0,1,5,7,9,2,0,0,0,0,0,0,False,False,False,True,False,False,False,False,False,True,False,False,False,50,2089.0,21,0.0,1,3.5234103033981703,-0.5840756303596442
11025,1961,36443.0,1,1.0,9,0,65,0,46,4.0,3,20.0,4,3,1,3,8,0,0,0,0,0,0,False,False,True,False,False,False,False,False,True,False,False,False,False,64,138.0,7,2.0,0,-2.2109652933032375,1.3424443642269641
10203,1990,26095.0,1,0.0,77,0,11,7,9,3.0,1,11.0,1,1,0,3,7,0,0,0,0,0,0,False,False,True,False,False,False,False,False,False,True,False,False,False,35,42.0,4,1.0,0,-1.9533793291442934,-1.7657663626418552
4607,1959,71367.0,0,0.5063752276867031,24,0,227,23,389,42.0,21,75.0,1,4,5,7,2,0,0,0,0,0,0,False,False,True,False,False,False,False,False,False,False,True,False,False,66,777.0,16,0.5063752276867031,1,1.7999991355493903,-0.4119112507691444
3711,1944,80184.0,0,0.0,19,0,1035,81,556,25.0,38,0.0,1,6,3,10,3,1,0,0,0,1,0,False,False,False,True,False,False,False,False,True,False,False,False,False,81,1902.0,19,0.0,1,3.300850134028036,0.3299150517921867
3696,1965,30630.0,1,1.0,67,0,27,1,12,2.0,0,10.0,2,2,0,3,7,0,0,0,0,0,0,False,False,False,False,False,False,False,True,False,False,False,False,False,60,52.0,5,2.0,0,-2.1678605969178926,0.17565832862485473
2532,1987,73454.0,0,0.0,95,0,982,73,351,56.0,14,126.5,1,2,4,6,5,0,0,1,0,0,0,False,False,False,True,False,False,False,False,False,True,False,False,False,38,1651.0,12,0.0,1,1.8198687960865025,-1.255735808821211
9214,1991,42691.0,0,0.0,48,0,179,2,64,38.0,17,58.0,1,5,1,6,5,0,0,0,0,0,0,False,False,True,False,False,False,False,False,True,False,False,False,False,34,358.0,12,0.0,0,0.007863109238860865,-2.0209583730744756
4943,1953,70503.0,0,0.0,73,0,1225,33,216,0.0,33,66.0,1,2,4,9,6,0,0,0,1,1,0,False,False,True,False,False,False,False,False,True,False,False,False,False,72,1727.0,15,0.0,1,2.10217511957385,0.04396795616281407
35,1987,25545.0,1,0.0,35,0,32,1,64,16.0,12,85.0,3,2,2,3,6,0,0,0,0,0,1,False,False,True,False,False,False,False,False,True,False,False,False,False,38,210.0,7,1.0,0,-1.6695874634432308,-0.7409991493646699
2258,1986,32880.0,1,0.0,76,0,8,4,15,7.0,6,2.0,1,1,0,3,8,0,0,0,0,0,0,False,False,True,False,False,False,False,False,True,False,False,False,False,39,42.0,4,1.0,0,-1.937249180334143,-1.506032320839316
4322,1958,77863.0,0,0.0,20,0,881,38,319,16.0,25,12.0,1,4,5,10,2,0,0,0,0,0,0,False,False,False,False,True,False,False,False,False,False,True,False,False,67,1291.0,19,0.0,1,2.8093563611177372,-0.3746757787177925
713,1977,50353.0,0,0.0,72,0,141,15,153,67.0,31,35.0,1,4,4,6,3,0,0,0,0,0,0,False,False,False,True,False,False,False,False,True,False,False,False,False,48,442.0,14,0.0,1,0.8527844361607444,-1.4955300435550447
4702,1964,61839.0,0,0.0,20,0,1000,81,379,120.5,17,120.0,1,4,8,4,8,0,0,0,0,0,0,False,False,True,False,False,False,False,False,False,True,False,False,False,61,1895.0,16,0.0,1,1.6406511134047614,-0.23927014256626092
3281,1960,49154.0,1,1.0,69,0,206,10,67,30.0,27,71.0,6,4,1,8,6,0,0,0,0,0,0,False,False,False,False,True,False,False,False,True,False,False,False,False,65,411.0,13,2.0,0,-1.157690339199586,2.659097830059823
702,1975,47682.0,0,1.0,80,0,162,61,83,97.0,57,61.0,4,4,3,8,5,0,0,0,0,0,0,True,False,False,False,False,False,False,False,False,False,False,True,False,50,521.0,15,1.0,0,-0.22306549201402812,0.7181472060941008
2004,1969,52266.03129314312,0,1.0,65,0,619,54,260,120.5,54,54.0,1,4,7,5,1,0,0,0,0,0,0,False,False,True,False,False,False,False,False,False,True,False,False,False,56,1168.0,16,1.0,1,1.5346823969622518,-0.5131940346573542
4769,1977,57954.0,1,0.5063752276867031,52,0,456,4,24,0.0,0,9.0,6,8,2,6,7,0,0,0,1,0,0,False,False,False,True,False,False,False,False,False,False,True,False,False,48,493.0,16,1.506375227686703,0,-0.7809556600836776,2.0738798892714985
4437,1962,65316.0,1,1.0,65,0,112,6,92,3.0,9,38.0,2,3,2,5,4,0,0,0,0,0,0,False,False,True,False,False,False,False,False,True,False,False,False,False,63,260.0,10,2.0,0,-0.3329248166088887,0.5979627118360077
8724,1982,28567.0,1,0.0,57,0,11,3,22,2.0,2,6.0,2,2,0,3,6,0,0,0,0,0,0,False,False,True,False,False,False,False,False,False,True,False,False,False,43,46.0,5,1.0,0,-1.7012981105218399,-1.094178406144288
10741,1951,47352.0,0,1.0,70,0,172,12,112,8.0,0,15.0,4,6,1,5,7,0,0,0,0,0,0,False,False,False,True,False,False,False,False,False,False,True,False,False,74,319.0,12,1.0,0,-0.7325692902694864,1.4603345957345066
1991,1967,44931.0,0,1.0,0,0,78,0,11,0.0,0,7.0,1,2,1,3,5,0,0,0,0,0,0,False,False,True,False,False,False,False,False,False,False,True,False,False,58,96.0,6,1.0,0,-0.8287488027490654,-1.0260493601839622
6931,1967,76982.0,0,0.0,19,0,464,81,292,65.0,60,30.0,1,8,3,4,4,0,0,0,0,1,1,False,False,False,False,False,False,False,True,False,False,False,False,False,58,1062.0,15,0.0,1,1.929439377125647,-0.7695361344157045
11096,1952,57247.0,0,1.0,50,0,99,4,32,37.0,54,6.0,2,2,1,7,2,0,0,0,0,0,0,True,False,False,False,False,False,False,False,False,False,True,False,False,73,232.0,10,1.0,1,0.37559678044503103,0.08826973148273602
304,1981,22944.0,1,0.0,67,0,19,3,19,4.0,5,26.0,3,3,0,3,7,0,0,0,0,0,0,False,False,False,True,False,False,False,False,False,True,False,False,False,44,76.0,6,1.0,0,-2.0155308646341186,-0.5129258166611054
3665,1977,25315.0,1,0.0,46,0,1,9,8,11.0,3,22.0,3,3,0,3,8,0,0,0,0,0,0,True,False,False,False,False,False,False,False,False,False,True,False,False,48,54.0,6,1.0,0,-2.126094588515669,-0.3259748665711543
10591,1969,43638.0,0,1.0,37,0,63,10,83,7.0,19,19.0,2,4,1,4,7,0,0,0,0,0,0,False,False,True,False,False,False,False,False,False,False,False,True,False,56,201.0,9,1.0,0,-1.0489675172806974,-0.28153901782565127
5036,1984,42710.0,1,0.0,38,0,252,3,42,4.0,3,102.0,2,4,5,3,6,0,0,0,0,0,0,False,False,False,False,True,False,False,False,False,True,False,False,False,41,406.0,12,1.0,0,-0.6685696466699038,-0.6737194126605149
5547,1982,84169.0,0,0.0,9,0,1225,19,403,0.0,19,0.0,1,7,6,6,3,0,0,0,1,1,1,False,False,False,False,True,False,False,False,True,False,False,False,False,43,1919.0,19,0.0,1,3.085929136724505,-0.9121540782325692
7822,1976,54058.0,0,0.5063752276867031,56,0,198,18,252,32.0,81,54.0,2,4,6,8,3,0,0,0,0,0,0,False,False,True,False,False,False,False,False,False,False,True,False,False,49,662.0,18,0.5063752276867031,1,1.0144891995757637,-0.47365076438487413
8541,1990,24683.0,1,0.0,98,0,8,4,10,6.0,7,6.0,2,2,0,4,5,0,0,0,0,0,0,True,False,False,False,False,False,False,False,True,False,False,False,False,35,41.0,6,1.0,0,-1.6130645074180359,-1.354035457458844
10955,1964,85620.0,0,0.0,68,0,416,46,556,60.0,81,46.0,1,3,6,4,1,0,0,0,0,0,1,False,False,True,False,False,False,False,False,False,False,False,True,False,61,1600.0,13,0.0,1,3.0073807786633764,-0.7082316327975261
4368,1980,47850.0,1,0.0,72,0,42,7,43,20.0,12,10.0,1,3,0,4,6,0,0,0,0,0,0,False,False,True,False,False,False,False,False,True,False,False,False,False,45,134.0,7,1.0,0,-0.929465187170509,-1.1868106950806994
9671,1968,19514.0,1,1.0,47,0,14,3,21,2.0,1,28.0,4,3,1,2,8,0,0,1,0,0,1,False,False,False,False,False,False,False,False,True,False,False,False,False,57,69.0,6,2.0,0,-2.769618262533355,0.9766169326111701
2256,1973,27159.0,1,1.0,33,0,17,0,3,0.0,0,1.0,2,1,0,3,6,0,0,0,0,0,0,False,False,False,True,False,False,False,False,True,False,False,False,False,52,21.0,4,2.0,0,-2.238451759890476,-0.3010913806206395
4279,1963,39548.0,1,1.0,87,0,15,4,10,3.0,4,18.0,2,1,1,3,3,0,0,0,0,0,0,True,False,False,False,False,False,False,False,False,True,False,False,False,62,54.0,5,2.0,0,-1.2363503287747184,0.04467690333433581
5371,1989,21474.0,1,0.0,0,0,6,16,24,11.0,0,34.0,2,3,1,2,7,0,0,1,0,0,1,False,False,True,False,False,False,False,False,False,True,False,False,False,36,91.0,6,1.0,0,-2.0188686995902536,-1.343831741494526
9240,1971,60504.0,0,1.0,73,0,458,0,24,6.0,4,34.0,2,6,2,8,6,0,0,0,0,0,0,False,False,False,False,True,False,False,False,False,True,False,False,False,54,526.0,16,1.0,0,0.21061478102894077,0.16660468627208988
9460,1963,22419.0,0,0.0,74,0,30,3,47,19.0,21,42.0,1,3,2,2,8,0,0,0,0,0,0,False,False,True,False,False,False,False,False,True,False,False,False,False,62,162.0,7,0.0,0,-1.2149908217568828,-1.2587449526254055
9504,1949,81698.0,0,0.0,4,0,179,28,520,111.0,81,47.0,1,3,8,13,1,0,0,0,0,0,1,False,False,False,True,False,False,False,False,True,False,False,False,False,76,1008.0,24,0.0,1,3.2247560874041823,0.012344041669211719
8692,1952,43462.0,1,1.0,50,0,90,17,97,15.0,6,15.0,6,4,1,5,8,0,0,0,0,0,0,False,False,True,False,False,False,False,False,False,False,True,False,False,73,240.0,10,2.0,0,-1.9035799833418665,2.820830854991934
448,1978,54880.0,1,0.0,57,0,308,81,137,102.0,45,118.0,2,6,2,11,5,0,0,0,0,0,0,False,False,False,False,True,False,False,False,False,True,False,False,False,47,795.0,19,1.0,1,0.5954315925976642,-0.009309182753242874
8314,1982,79908.0,0,0.0,30,0,557,81,556,29.0,81,111.0,1,5,6,7,2,0,0,0,0,1,0,False,False,True,False,False,False,False,False,True,False,False,False,False,43,1772.0,18,0.0,1,2.9869330816226753,-1.0678033974092185
8420,1970,15315.0,0,0.0,27,0,7,4,13,15.0,8,17.0,2,2,0,4,5,0,0,0,0,0,0,True,False,False,False,False,False,False,False,True,False,False,False,False,55,64.0,6,0.0,0,-1.1767283921411014,-1.470869916365335
3174,1959,87771.0,0,1.0,61,0,1225,38,287,50.0,57,33.0,1,5,10,4,6,1,1,0,1,1,1,False,False,True,False,False,False,False,False,False,False,True,False,False,66,1957.0,19,1.0,1,2.394603225096942,0.7957398421714724
7685,1978,33039.0,1,0.0,4,0,30,8,12,8.0,8,12.0,1,2,0,4,5,0,0,0,0,0,0,False,False,True,False,False,False,False,False,True,False,False,False,False,47,78.0,6,1.0,0,-1.2108457433903175,-1.4825904029625578
3179,1980,81741.0,0,0.0,75,0,249,81,556,58.0,81,38.0,0,6,6,7,2,0,0,0,0,0,0,False,False,True,False,False,False,False,False,False,True,False,False,False,45,1572.0,19,0.0,1,3.0665772334181494,-1.3641997529059107
9780,1971,71499.0,0,1.0,12,0,465,25,132,120.5,0,37.0,2,8,3,13,4,0,0,0,0,0,0,False,False,False,True,False,False,False,False,False,False,True,False,False,54,795.0,24,1.0,1,1.511923625324078,0.43316871795027784
10681,1970,62466.0,0,1.0,13,0,129,81,259,120.5,81,83.0,5,6,3,12,4,0,0,0,0,0,0,True,False,False,False,False,False,False,False,True,False,False,False,False,55,889.0,21,1.0,1,0.8812176227085932,1.6265558712254145
10232,1963,48799.0,0,1.0,9,0,174,18,81,28.0,6,24.0,3,3,2,7,3,0,0,0,0,0,0,False,False,False,False,True,False,False,True,False,False,False,False,False,62,331.0,12,1.0,0,-0.002620111643421993,0.22796005398360025
4184,1950,52157.0,0,1.0,48,0,189,2,29,3.0,2,40.0,2,3,2,5,4,0,0,0,0,0,0,False,False,False,False,True,False,False,False,False,False,True,False,False,75,265.0,10,1.0,0,-0.04966173542779777,0.2696827059624545
9120,1962,66565.0,0,1.0,80,0,747,10,161,65.0,40,42.0,4,4,2,9,8,0,0,0,0,0,0,False,False,True,False,False,False,False,False,False,True,False,False,False,63,1065.0,15,1.0,1,0.24149495429688114,1.6557180018916378
891,1951,52266.03129314312,1,1.0,60,0,6,0,2,2.0,0,1.0,1,1,0,2,5,0,0,0,0,0,0,False,False,False,True,False,False,False,False,False,False,True,False,False,74,11.0,3,2.0,0,-1.2507127742143154,0.0997651047552488
10381,1979,47691.0,0,1.0,43,0,14,0,3,0.0,0,4.0,1,1,0,2,6,0,0,0,0,0,0,False,False,False,False,False,False,False,False,False,True,False,False,False,46,21.0,3,1.0,0,-1.2736705625319624,-1.4121254388463391
3525,1970,38200.0,1,1.0,19,0,12,0,4,0.0,0,1.0,1,1,0,2,7,0,0,0,0,0,0,False,False,True,False,False,False,False,False,False,False,True,False,False,55,17.0,3,2.0,0,-2.0946106914069533,-0.5567856647332778
6818,1974,44989.0,0,1.0,26,0,98,0,106,49.0,10,106.0,5,5,1,5,6,0,0,0,0,0,0,False,False,True,False,False,False,False,False,True,False,False,False,False,51,369.0,11,1.0,0,-0.9468814166137128,0.945656519629379
3526,1968,38443.0,1,1.0,58,0,32,0,5,0.0,0,1.0,2,1,0,3,7,0,0,0,0,0,0,False,False,False,False,True,False,False,False,True,False,False,False,False,57,38.0,4,2.0,0,-2.0874721055501713,0.07388224407923337
8181,1978,38593.0,1,0.0,42,0,51,12,49,17.0,24,24.0,3,4,1,3,8,0,0,0,0,0,0,True,False,False,False,False,False,False,False,False,True,False,False,False,47,177.0,8,1.0,0,-1.6029945227326226,-0.1401235191877054
1029,1970,64413.0,0,1.0,27,0,200,5,44,0.0,10,20.0,1,5,1,5,5,0,0,0,0,0,0,False,False,False,False,True,False,False,False,False,False,True,False,False,55,279.0,11,1.0,0,0.0663557034465224,-0.6556691111985596
7369,1981,36959.0,1,0.0,56,0,25,6,25,6.0,0,0.0,2,2,0,3,8,0,0,0,0,0,0,False,False,False,True,False,False,False,False,True,False,False,False,False,44,62.0,5,1.0,0,-1.8348257179816676,-0.8422940117924443
2574,1977,61996.0,0,1.0,27,0,1050,12,144,0.0,0,24.0,3,6,4,8,5,1,1,0,1,0,1,False,False,False,False,True,False,False,False,True,False,False,False,False,48,1230.0,18,1.0,1,0.9442555171664848,0.538601048647517
8159,1968,51287.0,1,1.0,10,0,117,0,22,13.0,0,30.0,3,4,1,3,7,0,0,0,0,0,0,False,False,True,False,False,False,False,False,True,False,False,False,False,57,182.0,8,2.0,0,-1.5449674711130321,0.7617978705787153
1160,1970,13260.0,1,1.0,48,0,9,4,17,10.0,2,7.0,4,3,0,3,8,0,0,0,0,0,0,False,False,True,False,False,False,False,False,True,False,False,False,False,55,49.0,6,2.0,0,-2.947742320523999,0.8577848165054712
10242,1966,47472.0,1,1.0,39,0,56,0,11,0.0,0,8.0,2,2,0,4,5,0,0,0,0,0,0,False,False,False,False,True,False,False,False,False,False,True,False,False,59,75.0,6,2.0,0,-1.3626861775954004,0.13010161878475107
5253,1956,54603.0,1,1.0,85,0,145,13,46,17.0,2,4.0,6,4,2,4,7,0,0,0,0,0,0,False,False,False,True,False,False,False,False,False,False,True,False,False,69,227.0,10,2.0,0,-1.5027840859861559,2.7546678847233523
5966,1974,45207.0,1,1.0,64,0,203,0,10,0.0,0,2.0,5,3,1,6,6,0,0,0,1,0,0,False,False,False,False,True,False,False,False,True,False,False,False,False,51,215.0,10,2.0,0,-1.6070177422844998,1.5229306652363437
5314,1951,40689.0,0,1.0,69,0,270,3,27,39.0,6,99.0,6,7,1,5,8,0,0,0,0,0,0,False,False,True,False,False,False,False,False,False,False,True,False,False,74,444.0,13,1.0,0,-1.1121732528246213,2.4531641992689
5081,1967,47821.0,1,1.0,54,0,9,0,16,6.0,6,10.0,1,1,0,3,8,0,0,0,0,0,0,True,False,False,False,False,False,False,False,False,False,True,False,False,58,47.0,4,2.0,0,-1.9233576211868102,-0.1961724258099287
5123,1951,27450.0,0,0.0,57,0,37,12,23,8.0,11,52.0,1,2,1,3,7,0,0,0,0,0,0,False,False,False,True,False,False,False,False,True,False,False,False,False,74,143.0,6,0.0,0,-0.9053146238783921,-0.974056554348075
5756,1983,39453.0,1,0.0,64,0,46,0,7,0.0,0,2.0,2,2,0,3,6,0,0,0,0,0,0,False,False,True,False,False,False,False,False,False,False,True,False,False,42,55.0,5,1.0,0,-1.4470097426039528,-1.0280342863639553
8036,1971,26850.0,1,1.0,10,0,31,1,13,7.0,2,9.0,4,2,1,4,4,0,0,0,0,0,0,True,False,False,False,False,False,False,False,False,False,True,False,False,54,63.0,7,2.0,0,-1.8788387358009795,0.6177150616347166
9058,1955,79800.0,0,0.0,65,0,1060,21,530,32.0,0,126.5,1,5,10,5,3,1,0,1,0,1,1,False,False,True,False,False,False,False,False,False,False,False,True,False,70,1867.0,21,0.0,1,3.3097748338204442,0.11974918652270597
5057,1961,61794.0,0,1.0,74,0,264,47,188,54.0,47,11.0,2,4,4,10,2,0,0,0,0,0,0,False,False,False,True,False,False,False,False,True,False,False,False,False,64,611.0,18,1.0,1,1.2172769518035538,0.3213662280500904
254,1955,53863.0,0,1.0,4,0,399,4,30,6.0,4,30.0,3,7,1,7,7,0,0,0,1,0,0,False,False,True,False,False,False,False,False,False,False,True,False,False,70,473.0,15,1.0,0,-0.21753845734525168,0.9971902023486547
4179,1959,24221.0,0,0.0,94,0,8,9,9,2.0,5,22.0,1,1,1,3,4,0,0,0,0,0,0,False,False,True,False,False,False,False,False,False,False,True,False,False,66,55.0,5,0.0,0,-0.6447661048068211,-1.4970188934995199
3710,1984,39684.0,1,0.0,41,1,19,0,35,6.0,4,17.0,2,2,1,2,7,0,0,0,0,0,1,False,False,False,False,True,False,False,False,False,True,False,False,False,41,81.0,5,1.0,0,-1.6109279437393385,-1.0155163114677948
7627,1975,92163.0,0,0.0,25,0,817,81,556,106.0,81,20.0,0,5,10,5,2,1,0,0,0,1,1,False,False,False,True,False,False,False,False,True,False,False,False,False,50,2086.0,21,0.0,1,3.876315917572702,-0.9821232123316799
4501,1965,69882.0,0,0.0,94,0,292,81,556,120.5,81,126.5,1,3,7,9,1,0,0,0,0,0,0,False,False,False,True,False,False,False,False,False,True,False,False,False,60,1478.0,19,0.0,1,2.9144962473696627,-0.5787206547640187
6424,1977,33178.0,1,0.0,9,0,12,6,2,11.0,2,16.0,1,1,0,3,4,0,0,0,0,0,0,False,False,True,False,False,False,False,False,False,False,True,False,False,48,49.0,4,1.0,0,-1.1704657477185019,-1.6135755971981307
3075,1972,59973.0,0,0.0,47,0,130,30,168,20.0,34,0.0,1,3,4,7,1,0,0,0,0,0,0,False,False,False,False,True,False,False,False,True,False,False,False,False,53,382.0,14,0.0,1,1.411794440460883,-1.4596347592808931
4992,1975,17459.0,1,0.0,12,0,6,4,16,3.0,10,30.0,3,3,1,2,7,0,0,0,0,0,1,False,False,False,True,False,False,False,False,False,False,True,False,False,50,69.0,6,1.0,0,-2.115544682558757,-0.4485871125774982
5252,1969,23910.0,1,0.0,80,0,16,12,18,7.0,1,13.0,1,2,0,3,7,0,0,0,0,0,0,False,False,True,False,False,False,False,True,False,False,False,False,False,56,67.0,5,1.0,0,-1.7450279712306318,-1.0294045964825065
7444,1969,42169.0,1,1.0,20,0,19,0,9,0.0,0,2.0,2,1,0,3,8,0,0,0,0,0,0,False,False,False,True,False,False,False,False,True,False,False,False,False,56,30.0,4,2.0,0,-2.202309251024676,0.08115236803078432
6919,1978,26224.0,1,0.0,39,0,4,7,15,13.0,9,15.0,3,2,1,3,6,0,0,0,0,0,0,True,False,False,False,False,False,False,False,True,False,False,False,False,47,63.0,6,1.0,0,-1.7584360695502448,-0.5116494008952444
3537,1981,31089.0,1,0.0,57,0,31,3,31,2.0,8,4.0,3,3,0,4,8,0,0,0,0,0,0,False,False,True,False,False,False,False,False,False,False,True,False,False,44,79.0,7,1.0,0,-1.93955452107878,-0.3436180282562485
10277,1961,30081.0,0,1.0,27,0,36,0,2,0.0,0,4.0,1,1,0,3,7,0,0,0,0,0,0,False,False,True,False,False,False,False,False,False,True,False,False,False,64,42.0,4,1.0,0,-1.6332259132689666,-0.8536213921504279
2453,1960,62807.0,0,1.0,83,0,526,28,135,10.0,21,99.0,3,5,3,12,5,0,0,0,0,0,0,False,False,True,False,False,False,False,False,False,False,True,False,False,65,819.0,20,1.0,1,0.913725818774591,1.1923686106686004
7972,1955,72906.0,0,0.0,79,0,400,32,519,71.0,75,54.0,1,3,4,9,1,0,0,0,0,0,0,False,False,True,False,False,False,False,False,False,True,False,False,False,70,1151.0,16,0.0,1,2.6125927974754957,-0.4636375845586773
895,1948,61467.0,0,2.0,69,0,410,16,114,0.0,5,49.0,3,5,2,10,5,0,0,0,0,0,0,False,False,False,False,True,False,False,False,True,False,False,False,False,77,594.0,17,2.0,0,0.12006469744293617,1.9622053098609087
1177,1966,49618.0,1,1.0,77,0,80,3,26,4.0,2,14.0,4,3,1,3,7,0,0,0,0,0,0,False,False,False,True,False,False,False,False,False,False,True,False,False,59,129.0,7,2.0,0,-1.7577818533972815,1.3140267327011148
7141,1986,21888.0,1,0.0,15,0,88,10,46,2.0,3,64.0,4,5,1,2,10,0,0,0,0,0,1,False,False,False,True,False,False,False,False,False,True,False,False,False,39,213.0,8,1.0,0,-2.493908661004255,0.02570889355476641
7232,1973,42429.0,0,1.0,99,0,55,0,6,2.0,0,4.0,2,1,1,3,5,0,0,0,0,0,0,False,False,True,False,False,False,False,False,False,False,False,True,False,52,67.0,5,1.0,0,-1.098586680736862,-0.6877639687949982
8477,1956,26150.0,2,1.0,61,0,5,1,13,3.0,5,1.0,1,1,0,3,7,0,0,0,0,0,0,False,False,True,False,False,False,False,True,False,False,False,False,False,69,28.0,4,2.5,0,-2.418642586256061,0.22813122545485795
2457,1975,30801.0,0,1.0,23,0,8,4,5,15.0,2,11.0,2,1,0,3,7,0,0,0,0,0,0,False,True,False,False,False,False,False,False,True,False,False,False,False,50,45.0,4,1.0,0,-1.8389850573738873,-0.8705122366139505
988,1965,81168.0,0,0.0,84,0,410,0,556,120.5,22,22.0,1,6,4,7,3,1,0,0,0,0,0,False,False,True,False,False,False,False,False,True,False,False,False,False,60,1193.0,17,0.0,1,2.4689117691666,-0.5161413186356154
7930,1969,26877.0,0,0.0,74,0,101,13,76,20.0,18,40.0,2,3,1,6,6,0,0,0,0,0,0,False,False,False,False,False,False,False,False,False,True,False,False,False,56,268.0,10,0.0,0,-0.6460673836748858,-0.9627212328292237
4587,1944,45006.0,0,0.0,90,0,162,25,53,16.0,0,10.0,1,3,1,7,3,0,0,0,0,0,0,False,False,False,True,False,False,False,False,False,False,False,True,False,81,266.0,11,0.0,1,0.6814817356483724,-0.5924331861470792
6682,1973,18978.0,1,0.0,41,0,2,8,1,4.0,7,15.0,1,1,0,3,8,0,0,0,0,0,0,False,True,False,False,False,False,False,False,True,False,False,False,False,52,37.0,4,1.0,0,-2.1665924479190823,-1.2424508825684502
6222,1967,22574.0,2,1.0,28,0,25,0,8,2.0,0,2.0,2,2,0,3,7,0,0,0,0,0,0,False,False,True,False,False,False,False,False,True,False,False,False,False,58,37.0,5,2.5,0,-2.641232061387078,0.2766415980293331
10299,1969,48240.0,0,0.0,73,0,389,81,248,64.0,49,41.0,3,6,3,13,5,0,0,0,0,0,1,False,False,False,False,True,False,False,False,False,True,False,False,False,56,882.0,22,0.0,1,1.1616746477942672,0.27274366206914774
3083,1974,45837.0,1,1.0,88,0,215,13,87,17.0,17,24.0,5,6,2,5,7,0,0,0,0,0,0,False,False,True,False,False,False,False,False,True,False,False,False,False,51,373.0,13,2.0,0,-1.4454909106247973,1.8174538050133058
8953,1965,35791.0,2,1.0,94,0,27,0,5,0.0,0,3.0,2,1,0,3,8,0,0,0,0,0,0,False,False,False,True,False,False,False,False,False,True,False,False,False,60,35.0,4,2.5,0,-2.535211857100413,0.5840770768620036
1503,1976,116059.5,1,1.0,31,0,85,1,16,2.0,1,2.0,0,0,0,1,1,0,0,0,0,0,0,False,False,False,False,True,False,False,False,False,False,True,False,False,49,107.0,1,2.0,1,0.7743524856765048,-1.0917559205212046
8650,1978,54162.0,1,1.0,31,0,5,6,10,6.0,5,10.0,1,1,0,3,4,0,0,0,0,0,0,False,False,True,False,False,False,False,False,False,False,False,True,False,47,42.0,4,2.0,0,-1.1796597946364398,-0.8509089459299872
10862,1960,30522.0,0,1.0,6,0,179,8,83,19.0,11,26.0,5,1,2,9,2,0,0,0,0,0,0,False,False,False,True,False,False,False,False,True,False,False,False,False,65,326.0,12,1.0,0,-0.4455691148723603,0.9981468380309056
2782,1961,54456.0,0,1.0,23,0,352,0,27,10.0,0,15.0,3,6,1,7,6,0,0,0,0,0,0,False,False,False,False,True,False,False,False,True,False,False,False,False,64,404.0,14,1.0,0,-0.1912640121191755,0.696255411762054
6941,1971,31632.0,0,0.0,92,0,17,8,12,11.0,15,32.0,1,2,1,2,7,0,0,0,0,0,0,False,False,True,False,False,False,False,False,False,True,False,False,False,54,95.0,5,0.0,0,-1.0657322914335055,-1.6049547452060327
10972,1949,52266.03129314312,0,0.0,52,0,625,35,169,58.0,17,35.0,1,4,3,6,1,0,0,0,1,1,0,False,False,True,False,False,False,False,False,False,False,False,True,False,76,939.0,13,0.0,1,1.816310930118517,-0.6593695611603602
10708,1978,36975.0,1,0.0,50,0,10,6,11,0.0,4,2.0,1,1,0,3,7,0,0,0,0,0,0,True,False,False,False,False,False,False,False,False,True,False,False,False,47,33.0,4,1.0,0,-1.6154542460168324,-1.3281503840558395
6583,1955,72635.0,0,0.0,54,0,390,22,323,104.0,35,107.0,1,6,8,6,3,1,0,0,0,0,0,True,False,False,False,False,False,False,False,True,False,False,False,False,70,981.0,20,0.0,1,2.3592327690318866,-0.2150220213920127
3641,1976,13624.0,1,0.0,93,0,10,2,15,2.0,1,6.0,2,2,0,3,6,0,0,0,0,0,0,False,False,True,False,False,False,False,False,True,False,False,False,False,49,36.0,5,1.0,0,-1.995573687571461,-0.9562568635460876
10156,1975,84196.0,0,1.0,56,0,215,63,507,120.5,31,126.5,1,8,4,7,3,0,0,0,0,0,0,False,False,True,False,False,False,False,False,False,True,False,False,False,50,1237.0,19,1.0,1,2.1167106966275555,-0.1717131098946198
4299,1960,70971.0,0,1.0,28,0,1001,17,556,93.0,81,17.0,6,11,10,5,7,0,0,0,0,0,1,False,False,True,False,False,False,False,False,False,False,True,False,False,65,1825.0,27,1.0,1,1.6677524552612943,3.2239775693413204
3469,1977,34487.0,1,1.0,94,0,19,18,33,24.0,1,8.0,3,3,0,3,9,0,0,0,0,0,0,False,False,False,False,True,False,False,True,False,False,False,False,False,48,103.0,6,2.0,0,-2.523079029981614,0.5081536151460371
5063,1977,28769.0,1,0.0,76,0,41,5,129,10.0,3,3.0,3,4,1,4,9,0,0,0,0,0,0,False,False,True,False,False,False,False,False,False,True,False,False,False,48,191.0,9,1.0,0,-1.9140547525850498,-0.0044986340833188445
10727,1970,69084.0,1,0.0,43,0,1181,81,199,39.0,30,30.0,2,7,3,13,8,0,0,0,0,0,0,False,False,False,False,True,False,False,False,True,False,False,False,False,55,1586.0,23,1.0,1,1.3535124385749617,0.9449067213925454
9624,1958,65488.0,0,0.0,46,0,603,45,207,36.0,18,54.0,1,3,4,6,1,0,0,0,0,0,0,False,False,False,False,True,False,False,False,False,False,True,False,False,67,963.0,13,0.0,1,2.066062173832438,-0.8579705610299921
5156,1970,62466.0,0,1.0,13,0,129,81,259,120.5,81,83.0,5,6,3,12,4,0,0,0,0,0,0,True,False,False,False,False,False,False,False,True,False,False,False,False,55,889.0,21,1.0,1,0.8812176227085932,1.6265558712254145
4376,1960,32218.0,0,0.0,27,0,10,24,15,13.0,1,30.0,1,2,1,3,7,0,0,1,0,0,1,True,False,False,False,False,False,False,False,False,True,False,False,False,65,93.0,6,0.0,0,-0.9196261771840264,-1.296392500485163
8923,1973,83917.0,0,0.0,12,0,514,22,556,42.0,81,79.0,1,6,7,7,3,0,0,0,0,0,1,False,False,True,False,False,False,False,False,False,True,False,False,False,52,1587.0,20,0.0,1,2.949251148847758,-0.6453874453857437
8461,1962,46102.0,2,1.0,3,0,14,0,1,0.0,0,1.0,1,1,0,2,7,0,0,0,0,0,0,False,False,True,False,False,False,False,True,False,False,False,False,False,63,16.0,3,2.5,0,-2.0945780684464608,0.04273390479866338
6945,1952,84574.0,0,0.0,72,0,387,20,556,38.0,54,126.5,1,9,10,11,5,0,0,0,0,0,0,False,False,True,False,False,False,False,False,False,True,False,False,False,73,1375.0,31,0.0,1,3.3201203864119044,0.7555951571260147
944,1962,56181.0,0,1.0,6,0,121,81,69,8.0,44,48.0,1,4,2,7,4,0,0,0,0,0,0,False,False,True,False,False,False,False,False,True,False,False,False,False,63,393.0,13,1.0,1,0.3268567166295427,-0.4456264630807662
1907,1950,63120.0,0,1.0,53,0,965,69,279,54.0,41,69.0,5,8,4,9,7,0,0,0,0,0,1,False,False,False,True,False,False,False,True,False,False,False,False,False,75,1477.0,21,1.0,1,1.0284723139214313,2.7289955658451595
701,1971,73691.0,0,1.0,58,0,707,21,250,85.0,43,73.0,2,6,2,8,2,0,0,1,0,0,0,False,False,True,False,False,False,False,False,True,False,False,False,False,54,1179.0,16,1.0,1,1.7417009446201448,0.10343306124564981
3856,1960,52266.03129314312,0,1.0,78,0,571,50,142,33.0,50,126.5,4,4,5,13,2,0,0,0,0,0,0,False,False,True,False,False,False,False,False,False,False,True,False,False,65,1005.0,22,1.0,1,1.3601713606820087,1.4598563729432323
4149,1948,76140.0,0,0.0,57,0,586,66,556,17.0,0,26.0,1,5,9,6,2,0,0,0,0,0,0,False,False,False,False,True,False,False,False,False,False,True,False,False,77,1348.0,20,0.0,1,2.9727817907396594,0.0635776581802978
2131,1959,62859.0,0,1.0,37,0,1063,81,102,16.0,12,25.0,4,9,4,6,6,0,0,0,0,0,0,False,False,False,False,True,False,False,True,False,False,False,False,False,66,1307.0,19,1.0,1,0.961389999138311,1.7465402956093783
2942,1964,45906.0,0,1.0,20,0,305,3,27,4.0,3,126.5,2,5,4,4,5,0,0,1,0,0,0,False,False,True,False,False,False,False,False,False,True,False,False,False,61,486.0,13,1.0,0,-0.13045701458190986,-0.024371906455310694
1173,1947,77632.0,0,0.0,73,0,1200,81,556,0.0,42,126.5,1,4,2,6,2,0,0,0,1,1,1,False,False,False,True,False,False,False,False,False,False,True,False,False,78,2252.0,12,0.0,1,3.2572535110999605,-0.011101396797968266
4381,1971,46463.0,1,1.0,56,0,163,2,40,8.0,11,11.0,6,3,1,6,6,0,0,0,0,0,0,False,False,False,False,True,False,False,False,True,False,False,False,False,54,235.0,10,2.0,0,-1.6453658892312337,2.0720691864289393
4611,1970,105471.0,0,0.0,36,0,1009,81,104,120.5,21,126.5,0,9,8,13,3,1,0,0,0,1,1,False,False,True,False,False,False,False,False,False,False,True,False,False,55,1724.0,30,0.0,1,4.321366773260923,-0.295457979136883
3376,1970,55282.0,1,0.5063752276867031,9,0,125,6,73,8.0,4,19.0,1,3,1,6,4,0,0,0,0,0,0,False,False,False,True,False,False,False,True,False,False,False,False,False,55,235.0,10,1.506375227686703,0,-0.32259852561951446,-0.5864664399196162
4679,1977,78710.0,0,1.0,42,0,721,0,152,119.0,50,50.0,3,7,6,12,4,0,0,0,0,0,0,False,False,False,True,False,False,False,False,True,False,False,False,False,48,1092.0,25,1.0,1,1.835132929277306,0.9053656213835972
10928,1958,66886.0,0,1.0,28,0,315,4,62,41.0,31,126.5,2,7,1,7,5,0,0,0,0,0,0,False,False,True,False,False,False,False,False,False,False,True,False,False,67,599.0,15,1.0,1,0.6260251127883805,0.47164319295558316
4248,1960,98777.0,0,0.0,23,0,1000,19,556,120.5,81,38.0,0,4,6,9,1,0,0,0,1,0,0,False,False,False,True,False,False,False,False,False,True,False,False,False,65,2008.0,19,0.0,1,4.142670679643341,-0.6207923082975865
6728,1985,29103.0,1,0.0,38,0,16,0,17,6.0,3,6.0,2,1,0,3,9,0,0,0,0,0,0,False,False,True,False,False,False,False,False,False,False,True,False,False,40,48.0,4,1.0,0,-2.304928958792339,-1.0401505973287453
6661,1974,67445.0,0,1.0,63,0,757,80,217,29.0,80,11.0,5,9,6,12,6,0,0,0,0,0,0,False,False,True,False,False,False,False,False,True,False,False,False,False,51,1174.0,27,1.0,1,1.2327499545286464,2.1078787078049768
4725,1950,50616.0,0,1.0,71,0,30,2,25,0.0,1,9.0,1,1,1,4,2,0,0,0,0,0,0,False,False,False,False,True,False,False,False,False,False,True,False,False,75,67.0,6,1.0,0,-0.031027341917698265,-0.5335820324315159
3277,1955,49431.0,0,1.0,9,0,219,3,100,26.0,0,17.0,2,7,1,5,8,0,0,0,0,0,0,False,False,True,False,False,False,False,True,False,False,False,False,False,70,365.0,13,1.0,0,-0.5992383902528499,0.4803446751033317
5555,1975,116059.5,0,0.0,81,0,1,1,1,1.0,1,1.0,0,0,0,0,0,0,0,0,0,0,0,False,False,True,False,False,False,False,True,False,False,False,False,False,50,6.0,0,0.0,1,1.8091588577954802,-2.3148521354582683
2564,1953,61278.0,0,1.0,87,0,111,3,28,2.0,6,15.0,2,3,1,4,6,0,0,0,0,0,0,False,False,True,False,False,False,False,False,False,False,True,False,False,72,165.0,8,1.0,0,-0.405562330496831,0.3405998149887929
946,1958,26490.0,0,0.0,92,0,45,47,52,21.0,20,25.0,2,3,1,5,6,0,0,0,0,0,0,True,False,False,False,False,False,False,False,False,False,True,False,False,67,210.0,9,0.0,0,-0.6664601200565655,-0.63092283102035
3867,1947,73059.0,0,1.0,36,0,410,81,420,0.0,81,71.0,1,9,3,13,4,0,0,0,0,0,0,False,False,False,False,True,False,False,False,False,False,True,False,False,78,1095.0,25,1.0,1,2.1684245351858755,0.9516659065104278
6940,1966,46734.0,1,2.0,86,0,100,1,39,6.0,1,76.0,4,3,2,3,6,0,0,1,0,0,0,False,False,False,False,True,False,False,False,False,True,False,False,False,59,223.0,8,2.5,0,-1.7539171465796701,1.597429418927578
55,1963,56253.0,0,1.0,83,0,509,0,65,7.0,11,5.0,4,7,2,9,6,0,0,0,0,0,0,False,False,True,False,False,False,False,False,False,False,True,False,False,62,597.0,18,1.0,0,0.15069164534172091,1.4192612771774733
7093,1985,19986.0,1,0.0,74,0,3,6,5,0.0,2,6.0,1,0,0,3,7,0,0,0,0,0,0,False,False,True,False,False,False,False,False,True,False,False,False,False,40,22.0,3,1.0,0,-2.1328053211430777,-1.7032797276682856
5084,1975,58330.0,0,1.0,87,0,445,53,213,104.0,81,126.5,1,6,4,13,4,0,0,0,0,0,0,False,False,True,False,False,False,False,False,False,False,False,True,False,50,1064.0,23,1.0,1,1.457803508624774,-0.10897595173915661
1777,1980,25965.0,0,0.0,29,0,2,2,11,41.0,7,11.0,1,2,0,3,8,0,0,0,0,0,0,False,True,False,False,False,False,False,False,True,False,False,False,False,45,74.0,5,0.0,0,-1.4843314148934421,-1.9811806447241485
8162,1956,14661.0,0,0.0,88,0,4,1,11,6.0,2,2.0,1,1,0,3,6,0,0,0,0,0,0,False,False,False,True,False,False,False,False,False,False,True,False,False,69,26.0,4,0.0,0,-1.2791989825030265,-1.3847901222266874
10826,1959,18690.0,0,0.0,77,0,6,1,7,23.0,4,19.0,1,1,1,2,8,0,0,0,0,0,0,False,False,True,False,False,False,False,False,True,False,False,False,False,66,60.0,4,0.0,0,-1.5362111756300647,-1.3120020728314297
8754,1974,45068.0,0,1.0,25,0,14,0,3,0.0,0,3.0,1,1,0,2,7,0,0,0,0,0,0,False,False,False,False,True,False,False,False,False,False,True,False,False,51,20.0,3,1.0,0,-1.474058916469971,-1.2213086098279733
1987,1987,21063.0,1,0.0,34,0,1,10,11,19.0,3,15.0,2,2,0,3,6,0,0,0,0,0,0,False,True,False,False,False,False,False,False,False,True,False,False,False,38,59.0,5,1.0,0,-1.914293313809514,-1.3536601032995854
11007,1968,29187.0,1,0.0,43,0,26,0,6,0.0,0,2.0,1,1,0,3,8,0,0,0,0,0,0,False,False,False,False,True,False,False,False,True,False,False,False,False,57,34.0,4,1.0,0,-1.8890701373725147,-0.9935808267905962
7426,1971,54690.0,1,1.0,76,0,111,16,37,7.0,9,18.0,3,3,1,5,3,0,0,0,0,0,0,True,False,False,False,False,False,False,False,True,False,False,False,False,54,198.0,9,2.0,0,-0.6959575494412981,0.5456571583585738
9153,1964,59304.0,0,1.0,81,0,418,61,428,80.0,51,10.0,3,7,8,10,5,0,0,0,0,0,0,False,False,False,False,True,False,False,False,True,False,False,False,False,61,1048.0,25,1.0,1,1.294164241953691,1.3123306641421841
10379,1962,59247.0,0,2.0,87,0,327,9,122,19.0,14,83.0,5,5,2,9,6,0,0,0,0,0,0,False,False,False,True,False,False,False,False,False,True,False,False,False,63,574.0,16,2.0,0,-0.5093027559421275,2.4300477391707513
9204,1970,66731.0,0,1.0,33,0,371,81,194,58.0,81,126.5,4,4,3,6,3,0,0,0,0,0,0,False,False,True,False,False,False,False,False,False,False,False,True,False,55,1029.0,13,1.0,1,0.8848710113734712,0.8387676930432763
3197,1980,77353.0,0,1.0,38,0,275,59,107,69.0,81,59.0,2,6,4,8,4,0,0,0,0,0,0,False,False,True,False,False,False,False,False,True,False,False,False,False,45,670.0,18,1.0,1,1.1069596065699792,-0.08091781074479437
2920,1975,52614.0,0,0.5063752276867031,63,0,789,0,142,12.0,9,38.0,2,2,4,8,8,0,0,0,0,0,0,False,False,False,False,True,False,False,False,False,True,False,False,False,50,990.0,14,0.5063752276867031,0,0.13471929581008166,-0.1673829193914401
6961,1974,26751.0,2,0.0,26,0,1,1,5,0.0,3,1.0,1,1,0,2,8,0,0,0,0,0,0,False,False,True,False,False,False,False,False,True,False,False,False,False,51,11.0,3,2.0,0,-2.57199131338236,-0.6945068195121605
4673,1963,81300.0,0,1.0,17,0,1004,12,145,32.0,12,36.0,3,10,3,5,5,1,0,0,0,0,1,False,False,False,False,True,False,False,False,True,False,False,False,False,62,1241.0,18,1.0,1,1.516347020868504,1.1415621613915061
9937,1979,70337.0,0,0.0,75,0,187,81,149,25.0,43,91.0,1,2,2,12,1,0,0,0,0,0,0,False,False,True,False,False,False,False,False,False,True,False,False,False,46,576.0,16,0.0,1,1.8843309770636485,-1.4263387135047367
8779,1985,36145.0,1,0.0,13,0,56,4,76,17.0,1,18.0,4,4,1,3,9,0,0,1,0,0,1,False,False,False,False,False,False,False,False,True,False,False,False,False,40,172.0,8,1.0,0,-2.0129076640257892,0.0827503040575562
9596,1980,65295.0,0,0.0,19,0,365,32,117,34.0,81,6.0,1,3,3,13,2,0,0,0,0,0,0,False,False,False,False,True,False,False,False,False,True,False,False,False,45,664.0,19,0.0,1,1.824041127629162,-1.357421674830618
2891,1963,68118.0,0,1.0,51,0,595,23,123,10.0,23,126.5,2,8,9,4,6,0,0,0,0,0,0,False,False,True,False,False,False,False,True,False,False,False,False,False,62,928.0,21,1.0,1,1.0842316638794764,0.7816090325123148
4910,1967,68743.0,0,0.0,81,0,1132,81,384,120.5,81,115.0,1,11,5,13,7,0,0,0,0,0,0,False,False,True,False,False,False,False,True,False,False,False,False,False,58,2074.0,29,0.0,1,2.921924904664391,0.3764080290178517
75,1982,41039.0,0,0.0,32,0,34,11,137,120.5,61,45.0,1,8,1,5,8,0,0,0,0,0,0,True,False,False,False,False,False,False,False,False,False,True,False,False,43,467.0,14,0.0,0,-0.2722411243990504,-1.4181998781259169
10120,1955,38946.0,0,1.0,84,0,116,6,82,6.0,6,41.0,2,3,1,6,5,0,0,0,0,0,0,False,False,True,False,False,False,False,False,False,False,True,False,False,70,257.0,10,1.0,0,-0.5690500271147414,0.1318260865378821
6327,1967,65777.0,0,0.0,87,0,565,32,435,28.0,32,54.0,1,2,8,6,1,0,0,0,0,0,0,False,False,True,False,False,False,False,False,False,False,True,False,False,58,1146.0,16,0.0,1,2.3446824924943837,-0.9061775086602418
10142,1976,66476.0,0,1.0,99,0,372,18,126,47.0,48,78.0,2,5,2,11,4,0,0,0,0,0,0,False,False,False,False,True,False,False,True,False,False,False,False,False,49,689.0,18,1.0,1,0.9217541185371646,0.07053838773282611
9826,1972,86857.0,0,0.0,96,0,899,81,556,120.5,81,40.0,1,5,6,10,2,0,0,0,0,0,1,False,False,False,False,True,False,False,False,False,True,False,False,False,53,2114.0,21,0.0,1,3.7162713118460773,-0.3535532740574231
1501,1982,116059.5,0,0.0,21,0,55,16,556,17.0,3,4.0,6,0,10,1,0,0,0,0,0,0,0,False,False,False,False,True,False,False,False,True,False,False,False,False,43,1717.0,29,0.0,1,4.280790233353363,1.779696014104683
10767,1989,77845.0,0,0.0,40,0,760,40,480,0.0,40,26.0,1,3,5,12,1,1,0,0,0,1,0,False,False,False,False,True,False,False,False,False,False,True,False,False,36,1346.0,20,0.0,1,2.837008662965022,-1.3872513010915204
7279,1969,69476.0,0,0.0,3,0,260,81,556,63.0,9,67.0,1,4,6,4,2,0,0,0,0,0,0,False,False,False,False,True,False,False,False,False,False,True,False,False,56,1044.0,14,0.0,1,2.0062455518518343,-1.121525219478282
7230,1960,50611.0,0,0.5063752276867031,98,0,459,0,24,6.0,0,4.0,6,4,5,7,6,0,0,0,1,0,1,False,False,False,False,True,False,False,True,False,False,False,False,False,65,493.0,16,0.5063752276867031,0,-0.13021517906878174,1.9839370341770521
143,1970,61209.0,0,0.0,73,0,466,0,224,119.0,49,99.0,1,5,3,4,2,0,0,0,0,0,0,False,False,True,False,False,False,False,False,False,True,False,False,False,55,957.0,12,0.0,1,1.6325579566842263,-1.2176743216303494
450,1958,42315.0,0,1.0,90,0,67,15,80,17.0,11,80.0,3,1,4,4,3,0,0,0,0,0,0,False,False,False,True,False,False,False,False,False,False,True,False,False,67,270.0,9,1.0,0,-0.3221636817555806,0.3236618847594127
9316,1952,13084.0,0,0.0,29,0,2,0,7,3.0,7,10.0,1,1,0,3,6,0,0,0,0,0,0,False,True,False,False,False,False,False,False,False,False,True,False,False,73,29.0,4,0.0,0,-1.2981971382319644,-1.3601781475724521
6379,1949,47570.0,1,1.0,3,0,67,1,20,0.0,2,31.0,3,2,2,2,7,0,0,0,0,0,1,False,False,False,True,False,False,False,False,False,False,False,True,False,76,121.0,6,2.0,0,-1.648042444929667,1.2456854387763534
9239,1961,61923.0,0,2.0,94,0,92,4,18,3.0,3,6.0,1,2,1,4,3,0,0,0,0,0,0,False,False,False,True,False,False,False,False,True,False,False,False,False,64,126.0,7,2.0,0,-0.408048570833118,-0.04056877689093778
8315,1995,34824.0,0,0.0,65,0,4,2,11,2.0,0,4.0,1,1,0,2,6,0,0,0,0,0,0,False,False,True,False,False,False,False,False,False,True,False,False,False,30,23.0,3,0.0,0,-1.2085173942372367,-2.6043897690385327
2868,1949,26518.0,1,1.0,33,0,20,1,28,3.0,3,2.0,3,2,0,3,8,0,0,0,0,0,1,False,False,False,False,True,False,False,False,False,True,False,False,False,76,57.0,5,2.0,0,-2.4172608053264732,1.143048045350828
10888,1961,45938.0,0,0.0,46,0,273,11,178,62.0,81,29.0,2,8,4,6,6,0,0,0,0,0,0,False,False,True,False,False,False,False,False,False,True,False,False,False,64,636.0,18,0.0,1,0.6505865185695807,-0.13880502193054028
1277,1960,78468.0,0,0.0,29,0,434,22,388,104.0,22,34.0,1,10,7,10,4,1,0,0,0,0,0,False,False,True,False,False,False,False,False,False,False,True,False,False,65,1004.0,27,0.0,1,2.7235536373121048,0.024133097525710325
9977,1973,78901.0,0,1.0,99,0,321,11,309,33.0,26,34.0,3,9,3,5,4,0,0,0,0,0,0,False,False,True,False,False,False,False,True,False,False,False,False,False,52,734.0,17,1.0,1,1.103865090409339,0.6811397469254634
10196,1978,71427.0,2,0.0,26,0,212,81,177,15.0,64,23.0,2,8,2,8,4,0,0,0,0,0,0,False,False,True,False,False,False,False,False,True,False,False,False,False,47,614.0,18,2.0,1,0.4467338417545994,0.5019856012743603
6384,1978,71022.0,0,1.0,30,0,909,12,278,0.0,12,126.5,3,5,2,11,8,0,0,1,0,0,0,False,False,True,False,False,False,False,True,False,False,False,False,False,47,1453.0,18,1.0,1,0.8029254419777618,0.8610022560621285
8029,1988,90247.0,0,0.0,27,0,1184,32,352,21.0,16,16.0,1,3,4,7,1,1,0,0,1,1,1,False,False,False,True,False,False,False,False,False,True,False,False,False,37,1621.0,14,0.0,1,2.9803828401831307,-1.484687220326007
968,1968,41335.0,1,0.0,24,0,112,19,21,16.0,14,5.0,3,4,1,4,7,0,0,0,0,0,0,False,False,False,True,False,False,False,True,False,False,False,False,False,57,187.0,9,1.0,0,-1.2159642915693403,0.15678289332307152
6988,1986,71952.0,1,0.0,93,0,656,80,455,52.0,81,93.0,2,8,4,8,4,0,0,1,0,1,0,False,False,True,False,False,False,False,False,True,False,False,False,False,39,1443.0,20,1.0,1,1.6990265206544393,0.04593583490276174
4472,1970,35682.0,1,0.0,34,0,23,0,8,6.0,2,18.0,1,1,1,3,2,0,0,0,0,0,0,False,False,False,False,True,False,False,True,False,False,False,False,False,55,57.0,5,1.0,0,-0.6275364583268201,-1.4234864746880542
6991,1951,43185.0,0,1.0,88,0,537,6,42,16.0,6,30.0,2,9,3,6,8,0,0,0,0,0,0,False,False,True,False,False,False,False,True,False,False,False,False,False,74,637.0,18,1.0,0,-0.15565995047967332,0.9870788622641167
3336,1948,66375.0,0,1.0,96,0,712,0,45,0.0,0,126.5,3,2,4,5,7,0,0,1,0,0,0,False,False,False,False,True,False,False,False,False,False,True,False,False,77,948.0,11,1.0,1,0.29745379717507786,1.4111277072049127
4301,1971,35178.0,1,0.0,10,0,23,1,13,2.0,2,18.0,1,1,1,2,7,0,0,1,0,0,1,False,False,False,True,False,False,False,False,True,False,False,False,False,54,59.0,4,1.0,0,-1.5899119081928086,-1.1690627818014494
1940,1986,25252.0,1,0.0,26,0,1,3,4,2.0,2,6.0,1,1,0,2,8,0,0,0,0,0,0,False,False,True,False,False,False,False,False,True,False,False,False,False,39,18.0,3,1.0,0,-2.2116739286340783,-1.6992641399851587
1272,1965,55250.0,0,1.0,49,0,664,58,83,32.0,0,66.0,4,7,5,10,5,0,0,0,0,0,0,False,False,False,True,False,False,False,False,False,True,False,False,False,60,903.0,22,1.0,1,0.7713742206337231,1.470832274157913
1388,1975,33249.0,1,0.0,11,0,6,10,21,19.0,14,42.0,2,2,1,3,6,0,0,0,0,0,0,False,False,True,False,False,False,False,False,False,True,False,False,False,50,112.0,6,1.0,0,-1.4324100770514725,-0.8385809931670696
1044,1953,58398.0,0,0.0,44,0,299,5,201,21.0,21,49.0,3,5,4,8,4,0,0,0,0,0,0,False,False,True,False,False,False,False,False,False,False,True,False,False,72,596.0,17,0.0,1,1.1556122839270135,0.46376914700991717
6969,1982,50272.0,1,0.0,75,0,99,13,66,43.0,8,4.0,3,4,1,5,7,0,0,0,0,0,0,False,False,True,False,False,False,False,False,False,False,True,False,False,43,233.0,10,1.0,0,-1.0102132248034987,-0.097370062237998
10479,1975,76618.0,0,0.0,64,0,749,40,294,120.5,81,126.5,1,3,2,5,1,0,0,0,0,0,0,False,False,False,False,True,False,False,False,True,False,False,False,False,50,1511.0,10,0.0,1,2.446244487705004,-1.3091458542083685
3619,1960,87305.0,0,0.0,19,0,345,25,501,63.0,81,80.0,1,5,3,8,2,0,0,0,0,1,1,True,False,False,False,False,False,False,True,False,False,False,False,False,65,1152.0,16,0.0,1,2.7129875857590173,-0.5388818988794493
1715,1978,25851.0,1,0.0,45,0,9,4,18,7.0,5,5.0,2,2,0,3,7,0,0,0,0,0,0,False,False,True,False,False,False,False,False,False,False,True,False,False,47,48.0,5,1.0,0,-1.9079367947333372,-0.9267471359405004
10159,1970,58710.0,0,1.0,77,0,440,81,368,0.0,81,126.5,6,11,5,9,6,0,0,0,0,0,0,False,False,True,False,False,False,False,True,False,False,False,False,False,55,1185.0,25,1.0,1,0.8457618323053657,2.5541064849610633
1463,1958,45160.0,1,1.0,9,0,8,2,5,3.0,0,3.0,1,1,0,2,7,0,0,0,0,0,0,False,False,True,False,False,False,False,False,False,True,False,False,False,67,21.0,3,2.0,0,-1.832060910973778,-0.11908850114886567
5114,1965,74806.0,0,1.0,1,0,670,9,249,0.0,28,9.0,2,5,4,5,4,0,0,0,0,0,0,False,False,False,True,False,False,False,False,True,False,False,False,False,60,965.0,14,1.0,1,1.152831230409359,0.22544309626129264
4990,1954,59111.0,0,0.0,90,0,524,0,134,28.0,28,126.5,1,11,1,8,7,0,0,0,0,0,0,False,False,True,False,False,False,False,False,True,False,False,False,False,71,869.0,20,0.0,1,1.2738530088471962,0.044155290032918716
4329,1984,18988.0,1,0.0,43,0,6,0,6,2.0,1,1.0,2,1,0,3,7,0,0,0,0,0,0,False,False,False,False,True,False,False,False,True,False,False,False,False,41,16.0,4,1.0,0,-2.2064604892878052,-1.2365595886891987
10936,1965,72190.0,0,0.0,79,0,597,81,556,120.5,81,126.5,1,5,6,4,3,0,0,0,0,0,0,False,False,True,False,False,False,False,False,True,False,False,False,False,60,1947.0,15,0.0,1,2.7457823648985147,-0.503460159590414
4692,1976,7500.0,1,0.0,19,0,7,0,12,13.0,7,32.0,5,4,1,2,9,0,0,1,0,0,1,False,False,True,False,False,False,False,False,True,False,False,False,False,49,71.0,7,1.0,0,-2.8523272309171306,0.5435561515497569
7212,1966,44794.0,0,1.0,99,0,54,0,7,0.0,0,4.0,1,2,0,3,6,0,0,0,0,0,0,False,False,True,False,False,False,False,False,True,False,False,False,False,59,65.0,5,1.0,0,-1.0550136971470903,-0.810021183803886
6086,1955,80395.0,0,0.0,62,0,445,25,556,80.0,76,48.0,1,6,5,12,2,1,0,0,0,0,0,False,False,True,False,False,False,False,False,True,False,False,False,False,70,1380.0,23,0.0,1,3.2268234202944,0.01751784358192859
437,1976,75012.0,0,0.0,41,0,294,81,218,120.5,58,126.5,1,3,8,11,1,0,0,0,0,0,0,False,False,False,True,False,False,False,True,False,False,False,False,False,49,1027.0,22,0.0,1,2.7457967887798973,-0.9625520648987705
11171,1965,56962.0,2,1.0,60,0,292,3,77,10.0,3,26.0,6,6,3,5,7,0,0,0,0,0,0,False,False,False,True,False,False,False,False,True,False,False,False,False,60,411.0,14,2.5,0,-1.37856847493308,2.9588972877791226
11101,1991,89891.0,0,0.0,17,0,412,22,132,59.0,28,126.5,1,11,6,8,4,0,0,0,0,1,0,False,False,True,False,False,False,False,False,False,False,True,False,False,34,836.0,25,0.0,1,2.4655013367155556,-1.066383714087078
5329,1949,35946.0,1,1.0,24,0,8,0,3,0.0,0,0.0,1,0,0,3,5,0,0,0,0,0,0,False,False,False,False,True,False,False,True,False,False,False,False,False,76,11.0,3,2.0,0,-1.6246923677607923,-0.021202928586886667
610,1953,53593.0,1,1.0,60,0,349,4,78,6.0,0,43.0,6,7,2,6,8,0,0,0,0,0,0,False,False,False,False,True,False,False,False,False,False,True,False,False,72,480.0,15,2.0,0,-1.1682625108652953,3.1699915358035766
9384,1978,66373.0,1,1.0,57,0,328,9,124,12.0,24,109.0,6,4,2,10,3,0,0,0,0,0,0,False,False,True,False,False,False,False,False,True,False,False,False,False,47,606.0,16,2.0,0,-0.04270497668980813,2.136167315972934
5956,1948,45072.0,1,2.0,74,0,144,2,99,7.0,2,30.0,5,6,1,4,8,0,0,0,0,0,0,False,False,False,False,True,False,False,True,False,False,False,False,False,77,284.0,11,2.5,0,-1.8660316199992466,2.912057174790549
10430,1973,89694.0,1,1.0,22,0,1126,28,211,37.0,28,42.0,3,4,3,4,5,1,0,0,1,1,0,False,False,True,False,False,False,False,True,False,False,False,False,False,52,1472.0,11,2.0,1,0.8921567608941922,1.217004967971294
7875,1949,72025.0,0,0.0,46,0,967,0,556,43.0,50,0.0,1,4,8,13,2,1,0,0,1,1,1,False,False,True,False,False,False,False,False,True,False,False,False,False,76,1677.0,25,0.0,1,3.4424147542682615,0.2878165400327555
7072,1973,52266.03129314312,0,1.0,69,0,432,79,341,120.5,81,126.5,2,8,5,4,4,0,0,0,0,0,0,False,False,True,False,False,False,False,False,True,False,False,False,False,52,1335.0,17,1.0,1,1.0688250149408258,0.12015805335073199
6255,1952,70545.0,0,1.0,29,0,138,39,63,55.0,18,21.0,1,4,1,7,2,0,0,0,0,0,0,False,False,False,True,False,False,False,False,False,False,True,False,False,73,334.0,12,1.0,1,0.9916826890697672,-0.17332632380528146
6516,1989,17487.0,1,0.0,37,0,0,0,1,7.0,4,6.0,1,1,0,2,7,0,0,0,0,0,0,False,True,False,False,False,False,False,False,True,False,False,False,False,36,18.0,3,1.0,0,-2.2391276790993357,-1.9171751503943453
5564,1969,62882.0,0,1.0,26,0,509,81,497,78.0,24,97.0,2,7,5,6,4,0,0,0,0,0,0,False,False,True,False,False,False,False,False,False,False,True,False,False,56,1338.0,18,1.0,1,1.4004488872956466,0.31253913024665514
5682,1953,64108.0,0,1.0,8,0,948,10,86,13.0,21,21.0,4,6,9,11,5,0,0,0,0,0,0,False,False,False,False,True,False,False,False,False,True,False,False,False,72,1099.0,26,1.0,1,1.4724455151258027,2.1017813984013376
7458,1956,34941.0,1,1.0,26,0,39,2,25,4.0,3,24.0,2,3,0,3,8,0,0,0,0,0,0,False,False,False,True,False,False,False,False,False,False,True,False,False,69,97.0,6,2.0,0,-2.0812101215822003,0.5729880626544046
5237,1950,48767.0,1,2.0,79,0,28,1,21,3.0,0,10.0,3,2,1,3,5,0,0,0,0,0,0,False,False,False,False,True,False,False,False,False,True,False,False,False,75,63.0,6,2.5,0,-1.5473415662804777,1.4799206415573096
7761,1978,38702.0,1,0.0,71,0,13,11,24,13.0,8,40.0,2,3,0,4,6,0,0,0,0,0,0,True,False,False,False,False,False,False,False,False,False,True,False,False,47,109.0,7,1.0,0,-1.2525020427936453,-0.7522389352063871
5278,1964,82224.0,0,0.0,83,0,307,26,360,120.5,31,40.0,1,6,9,5,3,1,0,0,0,0,0,False,False,True,False,False,False,False,False,True,False,False,False,False,61,902.0,20,0.0,1,2.451795724239785,-0.40997185880305104
3560,1952,83844.0,0,0.0,57,0,901,31,345,75.0,31,126.5,1,4,4,11,1,0,0,0,0,1,0,False,False,True,False,False,False,False,False,False,False,True,False,False,73,1574.0,19,0.0,1,3.41452804982143,-0.0745467559232387
7235,1975,17003.0,1,0.0,37,0,2,5,12,4.0,8,7.0,3,2,0,4,5,0,0,0,0,0,0,True,False,False,False,False,False,False,False,True,False,False,False,False,50,38.0,6,1.0,0,-1.7937913488853796,-0.5691980277831079
10548,1995,71163.0,0,0.0,30,0,283,17,372,120.5,81,44.0,1,3,8,12,1,0,0,0,0,0,0,False,False,True,False,False,False,False,False,False,True,False,False,False,30,960.0,23,0.0,1,2.501462095005088,-1.612075952240849
2281,1970,33697.0,1,0.0,34,0,4,3,7,0.0,3,11.0,1,1,0,2,7,0,0,1,0,0,0,False,False,True,False,False,False,False,False,False,True,False,False,False,55,28.0,3,1.0,0,-1.6957638911740749,-1.1614225679980201
4073,1954,63564.0,0,0.0,0,0,769,80,252,15.0,34,65.0,1,10,10,7,6,0,0,1,0,0,1,True,False,False,False,False,False,False,False,True,False,False,False,False,71,1215.0,27,0.0,1,2.2395104169190274,0.2600419832687806
6974,1972,83443.0,0,0.0,89,0,518,42,556,55.0,56,84.0,1,6,10,5,2,0,0,0,0,0,0,False,False,False,False,True,False,False,False,False,False,True,False,False,53,1497.0,21,0.0,1,3.1344026957034083,-0.5414352440707598
7938,1958,51518.0,0,1.0,92,0,350,8,66,17.0,4,4.0,2,3,2,10,3,0,0,0,0,0,0,False,False,False,False,True,False,False,False,False,False,True,False,False,67,449.0,15,1.0,1,0.5165115361702135,0.26854204125047587
7094,1975,58330.0,0,1.0,87,0,445,53,213,104.0,81,126.5,1,6,4,13,4,0,0,0,0,0,0,False,False,True,False,False,False,False,False,False,False,False,True,False,50,1064.0,23,1.0,1,1.457803508624774,-0.10897595173915661
3667,1969,80952.0,0,0.5063752276867031,20,0,778,81,556,41.0,27,44.0,1,8,5,11,8,1,0,0,1,1,1,False,False,True,False,False,False,False,False,True,False,False,False,False,56,1757.0,24,0.5063752276867031,1,2.179860135283712,0.3787001409176007
7723,1979,75507.0,0,0.0,56,0,709,81,374,104.0,80,80.0,1,8,6,6,3,0,0,0,0,0,0,False,False,True,False,False,False,False,False,False,False,True,False,False,46,1440.0,20,0.0,1,2.5978018284045614,-0.8744377856248954
3870,1978,63855.0,0,0.0,28,0,359,35,314,93.0,81,89.0,1,7,3,13,4,0,0,0,0,0,0,True,False,False,False,False,False,False,False,False,False,True,False,False,47,1006.0,23,0.0,1,1.9859198613146793,-0.8719369646517612
4012,1972,62220.0,0,1.0,55,0,799,12,375,16.0,12,12.0,5,7,6,5,6,0,0,0,0,0,1,False,False,False,False,True,False,False,False,False,False,True,False,False,53,1226.0,18,1.0,1,0.609022539955554,1.722133418375756
5909,1964,58512.0,0,1.0,25,0,895,10,101,13.0,0,126.5,5,3,4,8,8,0,0,0,0,0,0,False,False,True,False,False,False,False,False,True,False,False,False,False,61,1171.0,15,1.0,0,-6.549240017109567e-05,1.909621110322045
10470,1979,40662.0,1,0.0,0,0,40,2,23,0.0,4,23.0,2,2,1,3,4,0,0,0,0,0,0,False,False,False,True,False,False,False,False,True,False,False,False,False,46,92.0,6,1.0,0,-0.9633541903161366,-1.0861866424115594
6488,1959,52266.03129314312,0,1.0,86,0,76,0,7,0.0,0,16.0,1,3,2,2,5,0,0,0,0,0,0,False,False,False,False,True,False,False,False,True,False,False,False,False,66,99.0,7,1.0,0,-0.500016494036897,-0.5158392203665298
10270,1981,35523.0,1,0.0,8,0,11,5,22,12.0,5,11.0,2,3,0,3,7,0,0,0,0,0,0,True,False,False,False,False,False,False,False,True,False,False,False,False,44,66.0,6,1.0,0,-1.6428838378758848,-0.9606820958920423
6887,1967,79146.0,1,1.0,33,0,245,16,223,21.0,43,16.0,2,8,1,8,6,0,0,0,0,0,0,False,False,True,False,False,False,False,False,False,True,False,False,False,58,564.0,17,2.0,1,0.2682039787151355,1.0319386623720879
6406,1988,78285.0,0,0.0,13,0,647,81,391,120.5,67,40.0,1,6,4,10,3,0,0,0,0,0,0,False,False,False,True,False,False,False,False,True,False,False,False,False,37,1427.0,20,0.0,1,2.5631832095919154,-1.2247264431274374
7573,1978,31626.0,1,0.0,12,0,39,1,9,2.0,1,34.0,1,2,1,2,7,0,0,1,0,0,1,False,False,False,False,True,False,False,False,False,True,False,False,False,47,86.0,5,1.0,0,-1.6465803652719384,-1.3739307828205183
4508,1952,75127.0,0,0.0,92,0,203,35,305,46.0,17,126.5,1,2,10,5,1,0,0,0,0,0,0,False,False,True,False,False,False,False,False,False,True,False,False,False,73,833.0,18,0.0,1,2.5596944316402968,-0.3111847424559514
221,1955,48726.0,0,1.0,90,0,138,3,38,4.0,0,59.0,3,3,2,4,6,0,0,0,0,0,0,False,False,True,False,False,False,False,False,True,False,False,False,False,70,242.0,9,1.0,0,-0.6952636412979409,0.6924879855284218
5331,1977,74985.0,0,0.0,8,0,587,51,556,120.5,0,86.0,1,3,6,7,2,0,0,0,0,0,0,False,False,True,False,False,False,False,False,True,False,False,False,False,48,1869.0,16,0.0,1,2.862012230655701,-1.0442942265572133
1911,1987,67430.0,0,0.0,6,0,595,81,291,120.5,81,121.0,1,11,5,12,6,0,0,0,0,0,0,False,False,True,False,False,False,False,False,False,False,True,False,False,38,1364.0,28,0.0,1,2.237757241690226,-0.7132474996428091
20,1965,46891.0,0,1.0,91,0,43,12,23,29.0,15,61.0,1,2,1,4,4,0,0,0,0,0,0,True,False,False,False,False,False,False,False,True,False,False,False,False,60,183.0,7,1.0,0,-0.4307551215926905,-0.8039511574880229
8786,1956,62058.0,0,1.0,52,0,301,7,74,10.0,0,58.0,4,6,1,7,6,0,0,0,0,0,0,False,False,False,True,False,False,False,False,True,False,False,False,False,69,450.0,14,1.0,0,-0.03272504798292425,1.4285306825102129
10582,1979,72063.0,0,1.0,3,0,180,32,348,76.0,32,90.0,2,5,2,12,2,0,0,0,0,0,0,False,False,True,False,False,False,False,False,True,False,False,False,False,46,758.0,19,1.0,1,1.464650560249928,-0.23003399858705278
1915,1951,52266.03129314312,0,0.0,57,0,794,81,243,120.5,0,126.5,1,8,5,6,3,0,0,0,0,0,0,False,False,False,False,True,False,False,False,True,False,False,False,False,74,1507.0,19,0.0,1,2.2843345721638557,-0.15583989832470474
8897,1965,42720.0,1,1.0,9,0,392,5,91,28.0,26,112.0,6,7,3,7,8,0,0,0,0,0,1,False,False,True,False,False,False,False,False,False,True,False,False,False,60,654.0,17,2.0,0,-1.272227336784746,2.7361294880866374
2371,1972,33622.0,1,1.0,22,0,39,1,22,3.0,4,12.0,3,2,0,4,7,0,0,0,0,0,0,False,False,True,False,False,False,False,False,True,False,False,False,False,53,81.0,6,2.0,0,-2.1916736278243336,0.39386898058576236
4303,1957,6835.0,0,1.0,76,0,107,2,12,2.0,2,12.0,0,0,0,1,13,0,0,0,0,0,0,False,False,False,False,True,False,False,False,False,False,True,False,False,68,137.0,1,1.0,0,-3.1772761495095487,-0.9343586488457872
6825,1953,41452.0,1,1.0,86,0,13,0,3,0.0,0,0.0,1,1,0,2,7,0,0,0,0,0,0,False,False,True,False,False,False,False,False,False,False,True,False,False,72,16.0,3,2.0,0,-1.8566536268035296,0.1423416877442331
1072,1965,40760.0,0,1.0,64,0,70,0,17,0.0,0,6.0,2,2,1,3,6,0,0,0,0,0,0,False,False,False,False,True,False,False,False,False,True,False,False,False,60,93.0,6,1.0,0,-1.1729529324947707,-0.36550233092433204
4964,1958,74250.0,0,0.0,90,0,680,11,392,75.0,0,0.0,1,2,10,4,1,0,0,0,0,0,0,False,False,False,False,True,False,False,False,False,False,True,False,False,67,1158.0,17,0.0,1,2.6898750219984464,-0.4873324834451613
2461,1955,51124.0,1,1.0,79,0,26,1,11,0.0,1,4.0,2,1,0,3,3,0,0,0,0,0,0,False,False,False,True,False,False,False,False,False,True,False,False,False,70,43.0,4,2.0,0,-0.9735556315060264,0.3399787344221876
10736,1971,72258.0,0,1.0,28,0,522,0,522,120.5,81,126.5,2,6,9,5,2,0,0,0,0,0,0,False,False,True,False,False,False,False,False,False,True,False,False,False,54,1525.0,20,1.0,1,2.2279261726664603,0.3094231323971558
3194,1974,71466.0,0,0.0,86,0,412,12,546,78.0,81,0.0,1,4,4,10,1,0,0,0,0,0,0,False,False,False,False,True,False,False,False,False,True,False,False,False,51,1230.0,18,0.0,1,2.6103147396787496,-0.9837643703039715
10839,1976,36283.0,1,1.0,42,0,6,5,5,8.0,0,5.0,2,1,0,3,4,0,0,0,0,0,0,False,False,True,False,False,False,False,False,False,False,True,False,False,49,29.0,4,2.0,0,-1.6923305499414603,-0.4625510645593474
49,1970,20587.0,1,0.0,39,0,2,3,6,4.0,1,9.0,1,1,1,2,7,0,0,0,0,0,0,False,False,True,False,False,False,False,False,False,True,False,False,False,55,25.0,4,1.0,0,-1.9395081326177661,-1.2115810643247704
4290,1972,30467.0,1,0.0,8,0,1,3,8,2.0,5,5.0,1,1,0,2,7,0,0,0,0,0,0,False,False,True,False,False,False,False,False,True,False,False,False,False,53,24.0,3,1.0,0,-1.7989325478072236,-1.2967097370620386
10219,1972,31590.0,1,0.0,40,0,6,2,15,6.0,6,3.0,1,1,0,3,8,0,0,0,0,0,0,False,False,True,False,False,False,False,False,False,False,True,False,False,53,38.0,4,1.0,0,-1.8643680631647854,-1.1113560626841055
4211,1986,20425.0,1,0.0,5,0,4,12,5,3.0,16,17.0,2,2,0,3,7,0,0,0,0,0,0,False,True,False,False,False,False,False,False,True,False,False,False,False,39,57.0,5,1.0,0,-2.10623163639029,-1.2982006499972083
1135,1960,17144.0,1,1.0,96,0,18,2,19,0.0,2,6.0,5,3,0,4,7,0,0,0,0,0,0,False,False,False,True,False,False,False,False,False,False,True,False,False,65,47.0,7,2.0,0,-2.629890638293384,1.7165878997642223
6299,1968,42564.0,0,1.0,28,0,324,48,186,39.0,18,126.5,6,6,8,4,7,0,0,1,0,0,1,False,False,False,False,True,False,False,True,False,False,False,False,False,57,813.0,18,1.0,0,-0.439206268030135,2.0789852965774314
10846,1978,43783.0,1,0.0,22,0,327,9,125,25.0,4,126.5,6,7,1,8,7,0,0,1,0,0,0,False,False,False,True,False,False,False,False,True,False,False,False,False,47,629.0,16,1.0,0,-0.7698113934787382,1.6110485619267632
347,1976,40780.0,0,1.0,30,0,229,27,71,13.0,3,34.0,4,7,1,5,9,0,0,0,0,0,0,False,False,True,False,False,False,False,True,False,False,False,False,False,49,377.0,13,1.0,0,-1.347874226925678,0.7234988908863208
6543,1945,62847.0,0,0.0,45,0,521,81,556,80.0,76,61.0,1,3,6,4,2,0,0,0,0,0,0,False,False,False,True,False,False,False,False,False,False,True,False,False,80,1612.0,13,0.0,1,2.464579205028851,-0.2164256311466017
10446,1957,82017.0,0,0.0,58,0,184,23,446,30.0,23,23.0,1,5,4,7,2,1,0,0,1,1,1,False,False,False,False,True,False,False,False,True,False,False,False,False,68,729.0,16,0.0,1,2.284198551057402,-0.5197187491941084
3479,1950,16813.0,0,0.0,49,0,4,8,11,12.0,2,13.0,1,2,0,3,7,0,0,1,0,0,0,False,False,True,False,False,False,False,False,False,True,False,False,False,75,50.0,5,0.0,0,-1.2843033502780155,-1.1058489407585304
11075,1978,51267.0,1,1.0,37,0,183,2,64,7.0,2,12.0,4,3,3,5,4,0,0,0,0,0,0,False,False,True,False,False,False,False,False,True,False,False,False,False,47,270.0,11,2.0,0,-0.9450652295846834,0.85439521096565
4442,1961,46524.0,0,1.0,70,0,31,19,35,26.0,14,52.0,2,1,1,5,3,0,0,0,0,0,0,False,False,True,False,False,False,False,False,False,True,False,False,False,64,177.0,7,1.0,0,-0.3487012924388811,-0.3371463070586522
199,1962,45183.0,0,0.0,33,0,219,3,60,12.0,9,12.0,1,4,1,7,7,0,0,0,1,0,0,False,False,False,True,False,False,False,False,False,True,False,False,False,63,315.0,12,0.0,0,-0.08053010174039632,-0.9233990885093233
6722,1954,70421.0,0,1.0,98,0,479,28,136,75.0,14,35.0,3,10,3,7,6,0,0,0,0,0,0,False,False,False,False,True,False,False,False,True,False,False,False,False,71,767.0,20,1.0,1,0.9286770657554493,1.5385630368078922
796,1965,60161.0,0,1.0,17,0,584,44,212,46.0,8,126.5,3,11,4,8,8,0,0,0,0,0,0,True,False,False,False,False,False,False,True,False,False,False,False,False,60,1071.0,23,1.0,1,0.6557850896706234,1.321173188278765
3749,1973,73926.0,0,0.0,54,0,627,81,556,120.5,81,15.0,1,6,5,12,3,0,0,0,0,0,0,False,False,True,False,False,False,False,False,False,False,True,False,False,52,1580.0,23,0.0,1,2.910399993238359,-0.5202427686600662
8523,1968,19329.0,1,0.0,39,0,24,1,16,12.0,2,5.0,3,4,0,3,8,0,0,0,0,0,0,False,False,True,False,False,False,False,False,True,False,False,False,False,57,60.0,7,1.0,0,-2.1251680300208897,-0.038772462107643436
310,1970,61872.0,0,1.0,81,0,330,5,159,36.0,27,16.0,4,4,4,9,4,0,0,0,0,0,0,False,False,False,True,False,False,False,False,True,False,False,False,False,55,573.0,17,1.0,1,0.4903617892908741,1.0260932611071836
8629,1956,46984.0,1,1.0,71,0,19,1,10,2.0,1,8.0,1,1,0,3,5,0,0,0,0,0,0,False,False,True,False,False,False,False,False,False,False,False,True,False,69,41.0,4,2.0,0,-1.3256506194032887,-0.03690286203443203
236,1951,34838.0,1,1.0,62,0,28,23,29,29.0,14,47.0,3,2,1,4,6,0,0,0,0,0,0,False,False,True,False,False,False,False,False,True,False,False,False,False,74,170.0,7,2.0,0,-1.6659939434502686,1.1578226770966875
9930,1944,82716.0,0,0.0,8,0,606,81,228,15.0,81,22.0,1,6,8,13,2,0,0,0,0,0,0,False,False,False,False,True,False,False,False,False,True,False,False,False,81,1167.0,27,0.0,1,3.431811457638035,0.44341599990181235
3483,1958,48192.0,0,0.0,76,0,1039,43,204,120.5,58,29.0,3,2,8,12,8,1,1,0,1,0,1,False,False,True,False,False,False,False,False,True,False,False,False,False,67,1526.0,22,0.0,1,1.2511735430235413,1.0240304823700859
4599,1976,49681.0,0,2.0,66,0,411,0,26,0.0,0,21.0,6,7,1,7,7,0,0,0,0,0,0,False,False,False,True,False,False,False,False,True,False,False,False,False,49,458.0,15,2.0,0,-1.2930100536608837,2.305111167296887
7326,1971,56850.0,0,1.0,83,0,34,1,19,2.0,7,0.0,1,1,1,3,2,0,0,0,0,0,0,False,False,False,True,False,False,False,False,True,False,False,False,False,54,63.0,5,1.0,0,-0.12353245004609811,-1.2084513020303251
7352,1957,55267.0,0,1.0,28,0,161,28,136,32.0,3,45.0,4,3,4,6,3,0,0,0,0,0,0,False,False,True,False,False,False,False,False,True,False,False,False,False,68,405.0,13,1.0,0,0.2195996779163796,1.0205476512018594
2350,1972,59666.0,1,1.0,87,0,623,53,178,23.0,17,126.5,6,3,2,8,8,0,0,0,1,0,0,False,False,True,False,False,False,False,False,True,False,False,False,False,53,1027.0,13,2.0,0,-0.8584102844595497,2.672705608044774
9145,1972,72504.0,0,1.0,43,0,604,26,470,120.5,81,94.0,2,5,9,6,2,0,0,0,0,0,0,False,False,True,False,False,False,False,False,False,True,False,False,False,53,1478.0,20,1.0,1,2.1918029953556677,0.2913008289448368
2964,1981,26872.0,0,0.0,0,0,3,10,8,3.0,16,32.0,1,1,1,2,6,0,0,0,0,0,0,False,False,True,False,False,False,False,False,True,False,False,False,False,44,72.0,4,0.0,0,-1.1945170845421884,-2.2511174535016094
5585,1972,21359.0,1,0.0,1,0,12,2,17,6.0,1,10.0,2,2,0,3,8,0,0,0,0,0,1,False,False,True,False,False,False,False,False,False,True,False,False,False,53,48.0,5,1.0,0,-2.1506546817876178,-0.7597203305888123
9687,1975,73170.0,0,0.0,1,0,184,81,256,50.0,30,32.0,1,5,4,6,2,0,0,0,0,0,0,False,False,True,False,False,False,False,False,False,True,False,False,False,50,726.0,15,0.0,1,1.8455090734878747,-1.3263200171599498
3732,1955,52750.0,0,1.0,72,0,393,0,239,90.0,69,69.0,6,5,7,9,4,0,0,0,0,0,0,False,False,False,True,False,False,False,False,True,False,False,False,False,70,860.0,21,1.0,1,0.6691834522131622,2.585248170985925
6303,1986,91820.0,0,0.0,72,0,410,73,556,76.0,81,30.0,0,5,5,12,1,0,0,0,0,0,0,False,False,False,False,True,False,False,False,False,False,True,False,False,39,1497.0,22,0.0,1,3.550101212013951,-1.4454207757924593
11176,1970,65968.0,0,1.0,12,0,376,9,83,19.0,4,4.0,2,5,4,7,3,0,0,0,0,0,0,False,False,False,False,True,False,False,False,False,False,True,False,False,55,495.0,16,1.0,1,0.826709437880774,-0.08999683304831384
2986,1976,30772.0,1,1.0,89,0,7,2,4,2.0,1,4.0,1,1,0,2,6,0,0,0,0,0,0,False,False,True,False,False,False,False,False,True,False,False,False,False,49,20.0,3,2.0,0,-2.118666438167237,-0.7744272118319183
7462,1954,22507.0,0,0.0,67,0,68,0,226,51.0,81,68.0,3,10,2,4,9,0,0,0,0,0,0,False,False,True,False,False,False,False,False,False,True,False,False,False,71,570.0,16,0.0,0,-0.6380019624451164,0.509635008467338
3900,1972,65685.0,0,1.0,54,0,642,14,49,0.0,7,57.0,1,9,2,9,5,0,0,0,0,0,0,False,False,True,False,False,False,False,False,True,False,False,False,False,53,769.0,20,1.0,1,1.043499487770258,-0.13860508589337173
7034,1978,25804.0,1,0.0,34,0,8,7,9,13.0,6,12.0,2,2,0,3,8,0,0,0,0,0,0,True,False,False,False,False,False,False,False,True,False,False,False,False,47,55.0,5,1.0,0,-2.081637878673078,-0.8682148507644311
9493,1980,76412.0,0,0.0,15,0,840,53,556,23.0,71,17.0,1,5,4,8,3,1,0,0,0,1,1,False,False,False,False,True,False,False,False,False,True,False,False,False,45,1808.0,17,0.0,1,2.7099691932341536,-1.0151687839034549
1143,1972,22063.0,1,0.0,43,0,7,10,13,3.0,11,11.0,2,2,0,3,7,0,0,0,0,0,0,False,False,True,False,False,False,False,False,True,False,False,False,False,53,55.0,5,1.0,0,-1.9407281764265862,-0.7590046746471135
1,1961,57091.0,0,0.0,0,0,464,5,64,7.0,0,37.0,1,7,3,7,5,0,1,0,0,0,1,False,False,True,False,False,False,False,False,False,True,False,False,False,64,577.0,17,0.0,1,1.067165735512678,-0.709214271476932
3855,1963,22419.0,0,0.0,74,0,30,3,47,19.0,21,42.0,1,3,2,2,8,0,0,0,0,0,0,False,False,True,False,False,False,False,False,True,False,False,False,False,62,162.0,7,0.0,0,-1.2149908217568828,-1.2587449526254055
5536,1959,87771.0,0,1.0,61,0,1225,38,287,50.0,57,33.0,1,5,10,4,6,1,1,0,1,1,1,False,False,True,False,False,False,False,False,False,False,True,False,False,66,1957.0,19,1.0,1,2.394603225096942,0.7957398421714724
5989,1959,78353.0,0,1.0,51,0,752,81,476,39.0,81,34.0,1,10,2,11,8,0,0,0,0,0,0,True,False,False,False,False,False,False,True,False,False,False,False,False,66,1576.0,23,1.0,1,1.7620418270890037,0.9457165828961765
9499,1954,93404.0,1,2.0,97,0,1225,15,287,20.0,0,15.0,3,3,4,7,5,0,0,0,1,1,0,False,False,True,False,False,False,False,False,True,False,False,False,False,71,1616.0,14,2.5,1,1.218769603272991,2.469368941188613
6768,1962,37859.0,1,2.0,75,0,22,1,8,2.0,1,2.0,2,1,0,3,8,0,0,0,0,0,0,False,False,True,False,False,False,False,True,False,False,False,False,False,63,36.0,4,2.5,0,-2.467050837228816,0.6691080664025081
2150,1958,80995.0,0,1.0,83,0,860,28,409,73.0,56,56.0,1,8,9,4,4,0,0,0,0,0,0,False,False,False,False,True,False,False,False,False,False,False,True,False,67,1482.0,21,1.0,1,2.3409296072662418,0.6372563614162532
6646,1984,16529.0,1,0.0,23,0,3,0,5,13.0,0,1.0,1,1,0,3,6,0,0,0,0,0,0,False,False,True,False,False,False,False,False,False,False,True,False,False,41,22.0,4,1.0,0,-1.98366591240378,-1.8102640214080523
4887,1976,55412.0,1,1.0,65,0,10,5,28,11.0,1,8.0,1,2,0,3,5,0,0,0,0,0,0,False,False,False,False,True,False,False,True,False,False,False,False,False,49,63.0,5,2.0,0,-1.2190939551675455,-0.5932090293587604
8560,1992,48789.0,0,0.0,94,0,351,16,156,7.0,5,126.5,1,6,4,7,6,0,0,0,0,0,0,False,False,True,False,False,False,False,False,False,True,False,False,False,33,680.0,17,0.0,1,0.552124565303381,-1.5496285161128955
3321,1967,56575.0,0,2.0,42,0,421,5,90,0.0,16,10.0,3,7,3,7,5,0,0,0,0,0,0,False,False,False,False,True,False,False,False,False,False,True,False,False,58,542.0,17,2.0,0,-0.20338846977399513,1.2363347513214584
11003,1980,25130.0,1,0.0,10,0,2,5,7,0.0,18,18.0,2,2,0,3,7,0,0,0,0,0,0,True,False,False,False,False,False,False,False,False,False,True,False,False,45,50.0,5,1.0,0,-1.9506674980560663,-1.0555399773374425
10402,1967,35441.0,1,1.0,94,0,25,1,9,2.0,1,1.0,2,1,0,3,8,0,0,0,0,0,0,False,False,True,False,False,False,False,False,True,False,False,False,False,58,39.0,4,2.0,0,-2.3118504098345163,0.21772454007565548
9904,1956,71391.0,0,1.0,50,0,336,81,274,46.0,81,126.5,5,6,5,12,3,0,0,0,0,0,0,False,False,True,False,False,False,False,False,True,False,False,False,False,69,1043.0,23,1.0,1,1.6414173831995835,2.27533882435643
6141,1972,49494.0,1,0.0,46,0,191,9,97,0.0,6,82.0,2,6,1,5,7,0,0,0,0,0,0,False,False,False,True,False,False,False,False,False,True,False,False,False,53,385.0,12,1.0,0,-0.5996953713343101,-0.13885040681097843
5687,1980,81702.0,0,0.0,98,0,563,50,556,28.0,31,126.5,1,7,7,12,3,0,0,0,0,0,0,False,False,True,False,False,False,False,True,False,False,False,False,False,45,1633.0,26,0.0,1,3.2754331071130234,-0.46972974107658466
10856,1980,45889.0,0,1.0,42,0,31,0,6,0.0,1,8.0,1,1,0,3,6,0,0,0,0,0,0,True,False,False,False,False,False,False,False,False,True,False,False,False,45,46.0,4,1.0,0,-1.2419273264185104,-1.409465379750547
5121,1977,56628.0,0,1.0,30,0,479,5,82,7.0,17,126.5,2,7,6,5,5,0,0,1,0,0,0,False,False,True,False,False,False,False,False,False,True,False,False,False,48,761.0,18,1.0,1,0.5464708370156134,-0.060352954751495894
4186,1950,34026.0,1,1.0,11,0,18,6,15,12.0,8,17.0,3,2,1,3,5,0,0,0,0,0,0,False,False,True,False,False,False,False,False,False,False,True,False,False,75,76.0,6,2.0,0,-1.655695624307778,0.9576528202631867
368,1974,40049.0,0,1.0,61,0,91,65,52,10.0,44,28.0,3,3,2,6,5,0,0,0,0,0,0,False,False,True,False,False,False,False,False,True,False,False,False,False,51,290.0,11,1.0,0,-0.7272648930608554,-0.02617729540779785
3312,1988,34176.0,1,0.0,12,0,5,7,24,19.0,14,20.0,4,3,0,4,6,0,0,0,0,0,0,False,False,True,False,False,False,False,False,False,True,False,False,False,37,89.0,7,1.0,0,-1.688874686413853,-0.3252562242288063
11121,1981,19419.0,1,0.0,76,0,2,14,28,16.0,3,7.0,4,4,0,3,9,0,0,0,0,0,0,False,False,True,False,False,False,False,False,True,False,False,False,False,44,70.0,7,1.0,0,-2.4937221264642155,0.1164831777438674
5332,1960,82504.0,0,0.0,2,0,362,50,431,120.5,35,54.0,1,3,6,7,1,0,0,0,0,0,0,True,False,False,False,False,False,False,False,True,False,False,False,False,65,1066.0,16,0.0,1,2.701206332788107,-0.7005099893175557
5848,1970,81205.0,0,0.0,43,0,724,74,556,97.0,55,126.5,1,5,6,7,2,0,1,1,0,1,1,False,False,True,False,False,False,False,False,False,False,True,False,False,55,2009.0,18,0.0,1,3.3138103950351745,-0.5806116065843181
10343,1991,61618.0,0,0.0,27,0,605,81,399,0.0,45,126.5,2,3,6,8,3,0,0,0,0,0,0,True,False,False,False,False,False,False,False,False,True,False,False,False,34,1345.0,17,0.0,1,1.7955877759414096,-1.1414338955063854
5935,1956,55284.0,0,1.0,60,0,547,7,140,0.0,7,63.0,3,7,5,8,5,0,0,0,0,0,0,False,False,False,True,False,False,False,False,False,True,False,False,False,69,764.0,20,1.0,1,0.7205375558220902,1.2149633957339825
2895,1963,49980.0,0,1.0,79,0,104,1,54,13.0,9,14.0,2,3,1,5,5,0,0,0,0,0,0,False,False,True,False,False,False,False,False,False,True,False,False,False,62,195.0,9,1.0,0,-0.49330794658129484,-0.11563515993211543
10262,1980,15072.0,2,0.0,96,0,8,2,15,0.0,10,18.0,4,3,1,3,5,0,0,0,0,0,0,False,False,True,False,False,False,False,False,True,False,False,False,False,45,53.0,7,2.0,0,-2.384552173636611,0.4396410827235137
7848,1974,49166.0,0,1.0,17,0,224,2,25,7.0,0,110.0,2,5,3,3,6,0,0,0,0,0,0,False,False,True,False,False,False,False,False,False,True,False,False,False,51,368.0,11,1.0,0,-0.5340255878156935,-0.38014713956281737
9477,1954,65324.0,0,1.0,0,0,384,0,102,21.0,32,5.0,3,6,2,9,4,0,0,0,0,0,0,False,False,False,False,False,False,False,False,True,False,False,False,False,71,544.0,17,1.0,1,0.7625283460969225,0.9969429159100429
4856,1957,82347.0,0,0.0,38,0,556,54,556,120.5,81,63.0,1,7,7,10,3,1,0,1,0,0,0,True,False,False,False,False,False,False,False,True,False,False,False,False,68,1853.0,24,0.0,1,3.5187703544702083,0.16272452738432136
7186,1966,30843.0,1,1.0,43,0,24,0,2,0.0,0,9.0,2,1,1,2,5,0,0,1,0,0,0,False,False,False,False,True,False,False,False,False,False,True,False,False,59,35.0,4,2.0,0,-1.9048038946282384,-0.0952039954708288
5794,1974,46374.0,0,1.0,1,0,408,0,21,0.0,0,17.0,3,7,1,7,8,1,0,0,1,0,1,False,False,False,False,True,False,False,False,True,False,False,False,False,51,446.0,15,1.0,0,-0.7485788544009127,0.37135951317855237
1456,1979,60474.0,0,1.0,25,0,265,81,303,120.5,9,126.5,6,10,2,12,7,0,0,0,0,0,0,False,False,True,False,False,False,False,False,False,True,False,False,False,46,1180.0,24,1.0,1,0.5543090656029116,2.212636327911204
4877,1973,38576.0,0,1.0,2,0,34,0,7,0.0,0,0.0,1,1,0,3,7,0,0,0,0,0,0,False,False,False,True,False,False,False,False,True,False,False,False,False,52,41.0,4,1.0,0,-1.5447000356353522,-1.226131532086191
425,1985,55357.0,2,0.0,66,0,374,64,116,84.0,25,64.0,3,6,2,11,5,0,0,0,0,0,0,False,False,True,False,False,False,False,False,True,False,False,False,False,40,727.0,19,2.0,0,-0.10091620617005495,0.8046328869281523
3007,1966,52266.03129314312,1,1.0,49,0,27,2,10,0.0,0,1.0,2,1,0,3,8,0,0,0,0,0,0,False,False,True,False,False,False,False,False,False,False,True,False,False,59,40.0,4,2.0,0,-1.9252483732008345,0.31005433477699174
1031,1989,85710.0,0,0.0,5,0,600,20,350,29.0,30,33.0,1,6,9,10,2,0,0,0,0,1,0,True,False,False,False,False,False,False,False,True,False,False,False,False,36,1062.0,25,0.0,1,2.9143064290188527,-1.148137908231588
4297,1969,23228.0,1,0.0,71,0,13,2,18,6.0,1,0.0,2,2,0,3,8,0,0,0,0,0,0,False,False,True,False,False,False,False,False,False,False,True,False,False,56,40.0,5,1.0,0,-2.06688125433648,-0.5329322454251499
807,1969,44602.0,1,1.0,35,0,167,2,89,0.0,0,34.0,6,6,1,4,8,0,0,0,0,0,0,False,False,False,True,False,False,False,False,False,False,True,False,False,56,292.0,11,2.0,0,-1.9198676522537212,2.299271967673693
9553,1987,7500.0,0,0.0,94,0,0,2,3,4.0,1,5.0,1,0,0,3,6,0,0,0,0,0,0,False,False,True,False,False,False,False,False,True,False,False,False,False,38,15.0,3,0.0,0,-1.7745583630375161,-2.508526606004244
4271,1989,38683.0,1,0.0,80,0,46,35,69,84.0,41,66.0,6,4,1,6,7,0,0,0,0,0,0,True,False,False,False,False,False,False,False,False,False,True,False,False,36,341.0,11,1.0,0,-1.5065069473557493,1.0027571915332871
4120,1975,49514.0,1,0.0,61,0,88,39,78,58.0,13,93.0,2,6,1,4,7,0,0,0,0,0,0,True,False,False,False,False,False,False,False,False,True,False,False,False,50,369.0,11,1.0,0,-0.6947623690556597,-0.26323009748043347
2036,1973,57906.0,0,1.0,29,0,243,11,119,10.0,3,15.0,3,4,2,8,4,0,0,0,0,0,0,False,False,False,False,True,False,False,False,False,False,True,False,False,52,401.0,14,1.0,0,0.13764937134530963,0.18384285835579842
115,1966,43456.0,0,1.0,0,0,275,11,68,25.0,7,7.0,3,5,1,8,5,0,0,0,0,0,0,False,False,False,True,False,False,False,False,False,True,False,False,False,59,393.0,14,1.0,0,-0.33015406221112376,0.3282419522352716
4259,1986,19485.0,2,0.0,80,0,6,0,4,0.0,0,0.0,1,1,0,2,7,0,0,0,0,0,0,False,False,False,True,False,False,False,False,False,True,False,False,False,39,10.0,3,2.0,0,-2.650731069028119,-1.137140109018451
8687,1978,53172.0,0,1.0,54,0,121,62,90,68.0,20,125.0,3,2,3,8,3,0,0,0,0,0,0,False,False,True,False,False,False,False,False,False,False,True,False,False,47,486.0,13,1.0,0,0.17512533459349752,-0.07870447489148327
2447,1979,30545.0,1,0.0,71,0,4,12,15,19.0,7,12.0,2,2,0,3,7,0,0,0,0,0,0,False,False,True,False,False,False,False,False,False,False,True,False,False,46,69.0,5,1.0,0,-1.7820609283679176,-0.8753824656375155
10140,1983,70123.0,0,0.0,27,0,1225,0,396,23.0,0,0.0,1,5,7,4,3,0,1,0,1,0,0,False,False,False,False,True,False,False,False,False,False,True,False,False,42,1727.0,16,0.0,1,2.4145254824823086,-1.2098812370405327
9353,1959,62450.0,0,1.0,61,0,515,47,267,62.0,66,38.0,2,5,5,4,3,0,0,0,1,0,0,False,False,True,False,False,False,False,False,False,True,False,False,False,66,995.0,14,1.0,1,1.133467949920164,0.3574766321260986
3623,1976,21675.0,1,0.0,55,0,4,0,16,17.0,4,4.0,3,4,0,3,7,0,0,0,0,0,0,False,False,True,False,False,False,False,False,False,False,True,False,False,49,45.0,7,1.0,0,-1.9699438995264118,-0.33848797698596395
738,1981,42395.0,1,1.0,35,0,48,13,57,24.0,15,25.0,4,3,1,4,7,0,0,0,0,0,0,True,False,False,False,False,False,False,False,False,True,False,False,False,44,182.0,8,2.0,0,-1.9593782505317434,0.7491039358552656
7631,1978,61346.0,1,0.0,34,0,562,58,168,43.0,16,126.5,1,5,7,10,3,0,0,0,0,0,0,False,False,False,True,False,False,False,False,False,False,True,False,False,47,989.0,22,1.0,1,1.538420639082324,-0.4104308282158358
4789,1953,80812.0,0,0.0,95,0,769,22,500,120.5,81,33.0,1,4,8,5,2,1,0,1,0,1,0,False,False,True,False,False,False,False,False,False,False,True,False,False,72,1677.0,17,0.0,1,3.13188305718606,-0.06055130931858763
773,1971,42835.0,1,1.0,64,0,379,4,93,12.0,9,98.0,6,6,6,4,6,0,0,0,0,0,0,False,False,False,True,False,False,False,True,False,False,False,False,False,54,595.0,16,2.0,0,-1.0629428981928426,2.4175220054376907
10602,1983,39922.0,1,0.0,30,0,29,12,59,19.0,1,36.0,2,3,0,4,8,0,0,0,0,0,0,False,False,True,False,False,False,False,False,True,False,False,False,False,42,156.0,7,1.0,0,-1.5903439350422393,-0.8138422518001748
1446,1956,86424.0,0,0.0,12,0,387,68,556,89.0,45,68.0,1,6,9,12,1,0,0,0,0,0,0,False,False,False,True,False,False,False,False,False,True,False,False,False,69,1226.0,27,0.0,1,3.64149948857457,0.01998289619203237
3270,1978,17117.0,1,0.0,96,0,12,23,38,30.0,18,7.0,4,3,1,3,9,0,0,0,0,0,0,True,False,False,False,False,False,False,False,False,False,True,False,False,47,128.0,7,1.0,0,-2.468918332778212,0.24468545849419013
8443,1972,24762.0,1,0.0,16,0,6,10,12,3.0,15,40.0,3,3,1,2,8,0,0,1,0,0,1,False,False,True,False,False,False,False,False,False,True,False,False,False,53,86.0,6,1.0,0,-2.080410918282843,-0.2056694199395264
9653,1975,35797.0,0,1.0,16,0,27,1,14,4.0,1,21.0,2,2,0,3,8,0,0,0,0,0,0,False,False,False,False,False,False,False,False,True,False,False,False,False,50,68.0,5,1.0,0,-1.8191070412329962,-0.7162447102162627
8916,1975,36627.0,2,0.0,78,0,9,1,5,0.0,0,1.0,1,0,0,3,5,0,0,0,0,0,0,False,False,True,False,False,False,False,True,False,False,False,False,False,50,16.0,3,2.0,0,-1.8058736270959324,-0.7892822197886301
8017,1981,51111.0,1,1.0,83,0,22,0,19,6.0,5,3.0,2,2,0,3,6,0,0,0,0,0,0,True,False,False,False,False,False,False,False,True,False,False,False,False,44,55.0,5,2.0,0,-1.643243675869128,-0.24243179499554499
5830,1972,52266.03129314312,0,0.0,96,0,899,81,556,120.5,81,40.0,1,5,6,10,2,0,0,0,0,0,1,False,False,False,False,True,False,False,False,False,True,False,False,False,53,2114.0,21,0.0,1,2.911708610904341,-0.625896609481557
4597,1970,82072.0,0,0.0,67,0,889,55,556,120.5,81,126.5,1,3,2,13,1,0,0,0,0,0,0,False,False,False,False,True,False,False,False,False,False,True,False,False,55,2018.0,18,0.0,1,3.5235802537508523,-0.6075558846740629
7023,1953,46231.0,2,1.0,87,0,189,2,55,0.0,5,12.0,4,6,1,4,9,0,0,0,0,0,0,False,False,False,False,True,False,False,False,False,True,False,False,False,72,263.0,11,2.5,0,-1.9624087420206127,2.3986742100874903
8086,1959,42243.0,1,1.0,34,0,48,0,2,0.0,0,5.0,2,2,0,3,7,0,0,0,0,0,0,False,False,True,False,False,False,False,False,True,False,False,False,False,66,55.0,5,2.0,0,-1.8552705906638494,0.4130054550183582
8825,1962,51195.0,1,1.0,46,0,230,14,156,82.0,24,58.0,6,9,2,5,8,0,0,0,0,0,0,False,False,True,False,False,False,False,False,False,False,True,False,False,63,564.0,16,2.0,0,-1.1735745609573118,2.8954877856205257
2930,1978,68092.0,0,0.0,7,0,852,60,207,78.0,36,48.0,2,2,6,10,5,0,0,0,0,0,0,False,False,False,True,False,False,False,False,False,True,False,False,False,47,1281.0,18,0.0,1,1.7092882963157163,-0.5112138280156785
1928,1973,31814.0,1,0.0,73,0,35,3,20,4.0,1,20.0,2,2,0,3,9,0,0,1,0,0,0,False,False,True,False,False,False,False,False,True,False,False,False,False,52,83.0,5,1.0,0,-2.0400766304502214,-0.5092098912758091
7108,1965,51390.0,1,1.0,54,0,205,20,47,23.0,2,56.0,6,5,2,5,5,0,0,0,0,0,0,False,False,False,True,False,False,False,False,False,False,False,True,False,60,353.0,12,2.0,0,-1.0864255385131183,2.3513686902746014
10925,1983,76630.0,0,0.0,93,0,255,31,446,40.0,56,126.5,1,3,10,11,1,0,0,0,0,0,0,False,False,True,False,False,False,False,False,True,False,False,False,False,42,1003.0,24,0.0,1,2.845567796774766,-1.0117204086714744
9960,1991,26868.0,1,0.0,52,0,0,0,1,8.0,3,2.0,1,1,0,2,7,0,0,0,0,0,0,False,True,False,False,False,False,False,False,False,True,False,False,False,34,14.0,3,1.0,0,-2.03628658868838,-1.8861421719338294
8800,1943,48948.0,0,0.0,53,0,437,8,206,120.5,49,42.0,2,7,10,5,6,0,0,1,0,0,1,False,False,False,False,True,False,False,True,False,False,False,False,False,82,902.0,22,0.0,1,1.3375070187506544,0.7406832570219226
9224,1972,55260.0,0,1.0,81,0,825,8,53,11.0,0,126.5,2,8,10,5,6,0,0,0,0,0,0,False,False,False,False,True,False,False,False,False,True,False,False,False,53,1139.0,23,1.0,1,1.0142907827864394,0.5730832120575516
5519,1956,64090.0,0,1.0,8,0,316,58,161,76.0,51,126.5,1,6,9,4,5,0,0,0,0,0,1,False,False,True,False,False,False,False,False,False,False,True,False,False,69,797.0,19,1.0,1,1.0868211431683907,0.2658448309685463
5046,1958,78331.0,0,1.0,97,0,756,81,354,120.5,81,61.0,2,10,6,7,4,0,0,0,0,0,0,False,False,True,False,False,False,False,True,False,False,False,False,False,67,1638.0,23,1.0,1,2.4275010570927327,1.2161206569394352
7037,1974,37087.0,1,0.0,50,0,194,55,134,15.0,0,3.0,3,4,2,8,6,0,0,0,0,0,0,False,False,False,False,True,False,False,False,True,False,False,False,False,51,401.0,14,1.0,0,-0.6982254007727764,0.1714512708375812
905,1986,21846.0,1,0.0,38,0,7,17,18,6.0,10,26.0,4,4,0,3,8,0,0,0,0,0,0,False,False,True,False,False,False,False,True,False,False,False,False,False,39,84.0,7,1.0,0,-2.3046792393718576,-0.16427964125542152
8624,1958,81320.0,0,0.0,61,0,183,33,493,59.0,81,57.0,1,4,3,10,2,0,0,0,0,0,0,False,False,True,False,False,False,False,False,True,False,False,False,False,67,928.0,17,0.0,1,2.483969179682996,-0.4596422423248901
8945,1970,54137.0,0,0.5063752276867031,46,0,171,0,11,0.0,1,20.0,2,4,1,4,6,0,0,0,0,0,0,False,False,True,False,False,False,False,True,False,False,False,False,False,55,203.0,9,0.5063752276867031,0,-0.391970010695942,-0.5864428934982735
6445,1967,66825.0,0,0.0,73,0,243,81,405,29.0,40,40.0,1,4,5,6,2,0,0,0,0,0,0,False,False,True,False,False,False,False,False,False,False,True,False,False,58,858.0,15,0.0,1,1.8942499526247236,-0.9610481014426863
2727,1973,57100.0,0,0.0,19,0,181,21,69,39.0,3,96.0,1,3,3,6,3,0,0,0,0,0,0,False,False,True,False,False,False,False,False,False,False,True,False,False,52,409.0,12,0.0,1,0.8759208372552015,-1.4955231124883324
6404,1969,58917.0,1,2.0,10,0,151,7,89,0.0,7,28.0,5,4,1,6,5,0,0,0,0,0,0,False,False,True,False,False,False,False,False,False,False,True,False,False,56,282.0,11,2.5,0,-1.2166928628299656,1.9933885818266937
11074,1977,85072.0,0,0.0,94,0,494,81,391,120.5,11,126.5,1,3,4,10,0,0,0,0,0,0,0,False,False,True,False,False,False,False,False,False,True,False,False,False,48,1423.0,17,0.0,1,3.1734311527514363,-1.0371509075934582
10150,1961,86429.0,0,0.0,10,0,464,28,556,29.0,18,37.0,0,7,4,7,2,1,0,0,0,0,1,False,False,True,False,False,False,False,False,False,True,False,False,False,64,1449.0,18,0.0,1,3.152848567113103,-0.878377319288495
1968,1971,45684.0,1,0.0,37,0,5,1,5,10.0,0,7.0,1,1,0,2,7,0,0,0,0,0,0,False,False,True,False,False,False,False,False,False,False,False,True,False,54,28.0,3,1.0,0,-1.4244023584873373,-1.0953311361841538
6534,1974,47889.0,1,0.0,94,0,29,0,29,0.0,5,4.0,1,2,0,3,5,0,0,0,0,0,0,False,False,True,False,False,False,False,False,False,False,True,False,False,51,67.0,5,1.0,0,-0.8750817460429577,-1.1340516432437644
9485,1986,45921.0,0,0.0,23,0,102,9,49,24.0,3,12.0,1,2,1,6,4,0,0,0,0,0,0,False,False,False,False,True,False,False,False,True,False,False,False,False,39,199.0,9,0.0,0,-0.023121455124786406,-2.121018604992703
7053,1966,78420.0,0,0.0,75,0,604,28,556,91.0,28,28.0,1,3,10,8,1,0,0,0,0,0,0,False,False,False,False,True,False,False,False,False,True,False,False,False,59,1453.0,21,0.0,1,3.2026997413161755,-0.49058653527873797
4654,1992,75114.0,0,0.0,40,0,571,12,523,63.0,60,24.0,1,3,10,5,2,0,0,0,0,0,0,False,False,True,False,False,False,False,False,False,False,True,False,False,33,1253.0,18,0.0,1,2.3739271560557405,-1.546901357386813
9760,1963,52278.0,0,1.0,24,0,953,0,71,0.0,0,126.5,6,10,5,10,8,0,0,0,0,0,1,False,False,False,False,True,False,False,False,False,False,False,True,False,62,1198.0,25,1.0,1,0.3991732145009808,2.8026755664962315
1048,1972,35641.0,1,0.0,11,0,63,3,67,8.0,9,28.0,2,3,1,4,7,0,0,0,0,0,1,False,False,False,True,False,False,False,False,True,False,False,False,False,53,178.0,8,1.0,0,-1.3488668670689556,-0.537765920017859
10619,1994,95529.0,0,0.0,29,0,770,29,556,120.5,27,24.0,1,7,3,7,3,0,0,0,0,1,1,False,False,True,False,False,False,False,False,False,True,False,False,False,31,1990.0,17,0.0,1,3.1892563570918977,-1.262309733970391
9308,1954,62820.0,0,0.0,51,0,398,61,265,120.5,61,53.0,1,3,4,6,1,0,0,0,0,0,0,False,False,True,False,False,False,False,False,True,False,False,False,False,71,976.0,13,0.0,1,2.0495996978345272,-0.7348912160128872
10505,1960,73113.0,0,0.0,86,0,741,19,154,50.0,9,28.0,1,3,4,7,2,0,0,0,0,0,0,False,False,False,True,False,False,False,False,False,False,True,False,False,65,1001.0,14,0.0,1,2.157042017929903,-0.6689081488900974
8362,1982,84169.0,0,0.0,9,0,1225,19,403,0.0,19,0.0,1,7,6,6,3,0,0,0,1,1,1,False,False,False,False,True,False,False,False,True,False,False,False,False,43,1919.0,19,0.0,1,3.085929136724505,-0.9121540782325692
2625,1954,42607.0,0,1.0,30,0,156,29,56,30.0,32,47.0,2,3,2,7,3,0,0,0,0,0,0,True,False,False,False,False,False,False,False,False,True,False,False,False,71,350.0,12,1.0,0,0.05708138018999667,0.06894491292503757
4637,1954,74637.0,0,0.0,73,0,960,64,464,120.5,0,16.0,1,6,9,9,3,1,0,0,0,0,0,False,False,False,False,True,False,False,False,False,True,False,False,False,71,1650.0,24,0.0,1,3.21079683815151,0.20960625711873854
9972,1955,46015.0,1,1.0,25,0,38,0,2,0.0,0,6.0,1,1,0,3,7,0,1,1,0,0,0,False,False,False,False,True,False,False,False,False,False,True,False,False,70,46.0,4,2.0,0,-1.6997522151732525,0.06504351814628732
4483,1993,72354.0,0,0.0,67,0,315,26,473,120.5,12,126.5,1,2,10,6,1,0,0,0,0,0,0,False,False,True,False,False,False,False,False,False,True,False,False,False,32,1228.0,18,0.0,1,2.464318446617262,-1.6389285954866994
4487,1969,52266.03129314312,1,0.0,67,0,15,20,25,2.0,7,26.0,1,2,0,4,6,0,0,0,0,0,1,False,False,False,True,False,False,False,False,False,True,False,False,False,56,95.0,6,1.0,0,-0.8298532016253364,-0.8501938297526948
4988,1948,34469.0,1,0.5063752276867031,58,0,19,6,20,0.0,5,12.0,3,1,1,4,4,0,0,0,0,0,0,False,False,False,False,True,False,False,False,True,False,False,False,False,77,62.0,6,1.506375227686703,0,-1.2086805391514184,0.7313927951119389
8931,1986,83033.0,1,0.0,82,0,812,81,431,120.5,81,33.0,1,11,4,10,5,1,0,0,0,0,0,False,False,True,False,False,False,False,False,False,False,True,False,False,39,1761.0,25,1.0,1,2.453117406782698,0.04761826036592611
5871,1979,24401.0,0,0.0,98,0,73,28,217,10.0,24,115.0,3,6,1,6,8,0,0,0,0,0,0,False,False,False,True,False,False,False,False,False,False,True,False,False,46,467.0,13,0.0,0,-0.8886148116464655,-0.4915124307981415
2008,1978,77583.0,0,0.0,93,0,372,23,384,120.5,12,108.0,1,4,5,9,2,1,0,0,0,0,0,False,False,True,False,False,False,False,False,True,False,False,False,False,47,1149.0,18,0.0,1,2.4806936264254777,-1.0013637341616395
3139,1982,74116.0,0,0.0,53,0,871,81,556,120.5,55,126.5,1,4,4,10,2,0,0,0,1,0,0,True,False,False,False,False,False,False,False,False,True,False,False,False,43,2052.0,18,0.0,1,3.086370176417933,-1.0079317985899396
10037,1993,74293.0,0,0.0,66,0,375,81,335,93.0,81,81.0,1,5,4,6,2,0,0,0,0,0,0,False,False,True,False,False,False,False,False,False,True,False,False,False,32,1127.0,15,0.0,1,2.066119698120625,-1.7114274995195538
10673,1976,68397.0,0,1.0,6,0,760,80,466,17.0,13,80.0,1,6,9,5,3,0,0,0,0,0,0,False,False,False,False,True,False,False,False,True,False,False,False,False,49,1416.0,20,1.0,1,1.932602483454415,-0.322035650140731
5303,1974,79632.0,0,0.0,42,0,471,0,510,99.0,21,12.0,1,6,4,9,2,0,0,0,0,0,0,False,False,False,False,True,False,False,False,False,False,True,False,False,51,1113.0,19,0.0,1,2.5789569694771806,-0.8989651332143322
538,1989,46107.0,1,0.0,78,0,31,9,27,16.0,9,33.0,1,1,1,4,3,0,0,0,0,0,0,False,False,True,False,False,False,False,False,False,True,False,False,False,36,125.0,6,1.0,0,-0.5882644766541055,-1.762795646271727
7922,1951,64950.0,0,1.0,29,0,819,0,72,12.0,0,63.0,2,11,2,10,7,0,0,0,1,0,0,False,False,False,False,True,False,False,False,False,True,False,False,False,74,966.0,23,1.0,1,1.0843286177160334,1.2946031221898666
5692,1989,52266.03129314312,1,0.0,82,0,1,4,3,8.0,9,7.0,1,1,0,3,8,0,0,0,0,0,0,False,True,False,False,False,False,False,False,True,False,False,False,False,36,32.0,4,1.0,0,-1.5177240065609896,-1.4455855330387388
4843,1952,75127.0,0,0.0,92,0,203,35,305,46.0,17,126.5,1,2,10,5,1,0,0,0,0,0,0,False,False,True,False,False,False,False,False,False,True,False,False,False,73,833.0,18,0.0,1,2.5596944316402968,-0.3111847424559514
6383,1971,32892.0,1,0.0,78,0,26,0,15,2.0,1,2.0,2,3,0,3,8,0,0,0,0,0,0,False,False,False,False,True,False,False,False,False,False,True,False,False,54,46.0,6,1.0,0,-1.7897536553313467,-0.4647137823770083
1628,1971,71796.0,0,0.5063752276867031,54,0,354,21,311,120.5,75,32.0,1,9,3,4,4,0,0,0,0,0,0,False,False,True,False,False,False,False,False,False,False,True,False,False,54,960.0,16,0.5063752276867031,1,1.5173698114768304,-0.5630282882139891
1204,1970,67536.0,0,1.0,45,0,1225,0,447,23.0,71,35.0,3,11,5,11,8,1,0,0,0,0,0,False,False,False,False,True,False,False,False,True,False,False,False,False,55,1829.0,27,1.0,1,1.6570142724496841,1.6252523882343326
3673,1971,55239.0,0,1.0,59,0,371,17,238,23.0,24,106.0,3,7,5,11,5,0,0,0,0,0,0,False,False,True,False,False,False,False,False,False,True,False,False,False,54,779.0,23,1.0,1,0.7919126046814698,0.85559939252549
760,1975,60554.0,1,0.0,8,0,588,7,76,110.0,15,15.0,2,8,4,9,6,0,0,0,0,0,0,False,False,False,False,True,False,False,True,False,False,False,False,False,50,811.0,21,1.0,1,0.6996076058657784,0.22511635115888085
8957,1952,64831.0,1,1.0,51,0,480,81,249,75.0,81,126.5,6,6,3,5,6,0,0,0,0,0,0,True,False,False,False,False,False,False,False,False,True,False,False,False,73,1120.0,14,2.0,0,-0.09464838808851475,3.236089254525446
4128,1962,56067.0,0,1.0,51,0,517,12,54,16.0,6,120.0,2,7,4,7,5,0,0,0,0,0,0,False,False,False,False,True,False,False,False,False,False,True,False,False,63,725.0,18,1.0,1,0.6363741969260358,0.4586849910242705
6810,1983,82025.0,0,0.0,76,0,267,81,556,48.0,70,98.0,1,3,2,6,1,0,0,0,0,1,1,False,False,True,False,False,False,False,True,False,False,False,False,False,42,1187.0,11,0.0,1,2.308065443451247,-1.545399437382291
5386,1953,94384.0,0,0.0,62,0,1111,24,556,120.5,45,126.5,0,5,8,5,2,1,0,0,1,1,1,False,False,True,False,False,False,False,False,False,False,True,False,False,72,2302.0,18,0.0,1,4.112633225696092,-0.2584481325817321
8700,1986,14906.0,0,0.0,86,0,7,7,14,7.0,16,15.0,3,2,1,3,7,0,0,0,0,0,0,False,True,False,False,False,False,False,False,False,True,False,False,False,39,66.0,6,0.0,0,-1.7565775104845336,-1.30989486005006
3202,1987,51563.0,0,0.0,60,0,1166,0,48,0.0,0,36.0,1,4,4,10,8,0,0,0,1,1,0,False,False,False,False,True,False,False,False,True,False,False,False,False,38,1250.0,18,0.0,1,0.8225029681922558,-1.0832679100564364
1328,1982,57937.0,0,1.0,56,0,261,42,144,55.0,48,126.5,3,4,4,9,3,0,0,0,0,0,0,True,False,False,False,False,False,False,False,True,False,False,False,False,43,683.0,17,1.0,1,0.6610913425235013,0.059523966168252326
8405,1979,68274.0,1,1.0,83,0,135,25,51,23.0,25,46.0,2,4,2,5,3,0,0,0,0,0,0,False,False,True,False,False,False,False,True,False,False,False,False,False,46,305.0,11,2.0,0,-0.12751181770807665,0.06778270099463152
6515,1977,39771.0,1,0.0,92,0,6,2,18,2.0,8,14.0,1,2,0,3,4,0,0,0,0,0,0,False,False,True,False,False,False,False,False,False,False,True,False,False,48,50.0,5,1.0,0,-0.9285530163066092,-1.3801162492972043
2882,1975,67893.0,0,1.0,31,0,711,28,142,49.0,18,47.0,2,3,2,9,8,0,0,0,0,0,0,True,False,False,False,False,False,False,True,False,False,False,False,False,50,995.0,14,1.0,1,0.24236387161443115,0.19619256919496228
7574,1979,27922.0,1,0.0,80,0,11,0,13,2.0,4,11.0,1,2,0,3,4,0,0,0,0,0,0,False,False,False,False,True,False,False,False,False,False,True,False,False,46,41.0,5,1.0,0,-1.2319161547552329,-1.5615864429514599
6387,1976,52190.0,1,1.0,39,0,42,0,17,0.0,0,18.0,3,2,1,3,5,0,0,1,0,0,0,False,False,False,False,True,False,False,False,False,False,True,False,False,49,77.0,6,2.0,0,-1.4415224573074945,0.2837447629323613
5320,1973,44051.0,1,1.0,20,0,79,7,58,6.0,3,18.0,4,3,1,4,6,0,0,0,0,0,1,False,False,False,True,False,False,False,True,False,False,False,False,False,52,171.0,8,2.0,0,-1.6925308643284211,0.9252820423258348
5048,1971,42767.0,2,0.0,53,0,20,6,43,19.0,5,38.0,1,3,1,2,8,0,0,0,0,0,0,False,False,False,False,True,False,False,False,False,True,False,False,False,54,131.0,6,2.0,0,-1.882471418413387,-0.2587719378612412
8146,1976,46106.0,1,1.0,84,0,30,0,8,2.0,0,14.0,1,1,1,2,6,0,0,0,0,0,0,False,False,False,True,False,False,False,False,False,False,True,False,False,49,54.0,4,2.0,0,-1.6739150744998599,-0.6080192592104362
10031,1976,16927.0,1,1.0,50,0,20,2,23,3.0,1,4.0,5,3,0,4,8,0,0,0,0,0,0,False,False,False,False,True,False,False,False,True,False,False,False,False,49,53.0,7,2.0,0,-2.9532073860203405,1.1852798482922167
5748,1965,59754.0,0,1.0,96,0,115,27,44,4.0,81,126.5,3,5,2,6,5,0,0,0,0,0,1,False,False,True,False,False,False,False,False,True,False,False,False,False,60,475.0,13,1.0,0,0.09142624099434239,0.6209637067907432
2134,1952,53700.0,0,1.0,94,0,263,5,233,69.0,41,83.0,4,5,5,8,5,0,0,0,0,0,0,False,False,True,False,False,False,False,False,False,True,False,False,False,73,694.0,18,1.0,1,0.44038639528920376,1.7305565418696396
1523,1973,59041.0,1,1.0,25,0,69,2,15,2.0,2,6.0,2,2,0,4,5,0,0,0,0,0,0,False,False,True,False,False,False,False,False,True,False,False,False,False,52,96.0,6,2.0,0,-1.1395372029283555,-0.02894016454245953
9665,1957,54237.0,0,1.0,48,0,267,3,30,4.0,0,57.0,4,5,2,5,6,0,0,0,0,0,0,False,False,False,False,True,False,False,True,False,False,False,False,False,68,361.0,12,1.0,0,-0.42055801191207837,1.2144262077905594
4640,1967,70647.0,0,1.0,65,0,561,81,171,25.0,81,114.0,2,4,7,13,2,0,0,0,0,0,0,False,False,True,False,False,False,False,True,False,False,False,False,False,58,1079.0,24,1.0,1,2.122053532548941,0.5643313486122653
3635,1962,52597.0,0,1.0,69,0,492,0,37,7.0,0,42.0,3,6,3,8,5,0,0,0,0,0,0,False,False,False,False,True,False,False,False,False,True,False,False,False,63,578.0,17,1.0,1,0.2735353768831586,0.8274593721978548
3547,1969,41021.0,1,0.0,12,0,14,7,9,6.0,16,12.0,2,2,0,3,6,0,0,0,0,0,1,False,False,False,True,False,False,False,False,False,False,True,False,False,56,64.0,5,1.0,0,-1.3020631701171506,-0.6338634110050314
2456,1975,40233.0,0,1.0,84,0,80,4,46,0.0,17,2.0,5,2,1,5,6,0,0,0,0,0,0,False,False,False,False,True,False,False,False,True,False,False,False,False,50,149.0,8,1.0,0,-1.4125328156003287,0.7796804601532524
5633,1980,50183.0,1,1.0,47,0,97,12,84,13.0,10,15.0,6,3,1,6,5,0,0,0,0,0,0,False,False,True,False,False,False,False,False,True,False,False,False,False,45,231.0,10,2.0,0,-1.4653759663931147,1.7117756701858957
7801,1959,54753.0,0,1.0,87,0,197,81,227,7.0,59,126.5,3,5,2,11,4,0,0,0,0,0,0,False,False,True,False,False,False,False,False,False,False,True,False,False,66,728.0,18,1.0,1,0.7129599275254483,0.9802144251378497
10489,1973,92955.0,0,0.0,35,0,693,21,556,31.0,24,84.0,1,6,7,9,2,1,0,0,0,1,1,False,False,True,False,False,False,False,False,True,False,False,False,False,52,1778.0,22,0.0,1,3.6204804918791402,-0.4742931192732027
7011,1973,33471.0,1,0.0,47,0,43,2,27,0.0,9,12.0,3,3,0,4,7,0,0,0,0,0,0,False,False,True,False,False,False,False,False,True,False,False,False,False,52,93.0,7,1.0,0,-1.6340024611320358,-0.14748957498572451
2620,1974,34596.0,1,0.0,48,0,14,0,2,0.0,0,7.0,1,1,0,2,8,0,0,0,0,0,1,False,False,False,False,True,False,False,False,True,False,False,False,False,51,23.0,3,1.0,0,-1.882961511325096,-1.1902381908505884
3933,1980,44010.0,1,0.0,46,0,186,36,234,86.0,72,48.0,6,10,2,6,9,0,0,0,0,0,0,False,False,True,False,False,False,False,False,False,False,True,False,False,45,662.0,18,1.0,0,-0.9727182982760963,1.8352963168735106
10981,1988,84219.0,0,0.0,27,0,434,81,400,45.0,81,45.0,1,3,4,10,1,0,0,0,0,0,0,False,False,False,False,False,False,False,False,True,False,False,False,False,37,1198.0,17,0.0,1,2.6833984462437614,-1.497843156322538
1734,1968,40706.0,2,1.0,37,0,59,0,11,4.0,2,5.0,4,3,0,4,7,0,0,0,0,0,0,False,False,False,False,True,False,False,False,False,False,True,False,False,57,81.0,7,2.5,0,-2.278130822074847,1.3986365335896267
10995,1988,15716.0,1,0.0,8,1,16,5,30,8.0,7,26.0,3,3,0,4,8,0,0,0,0,0,0,True,False,False,False,False,False,False,False,True,False,False,False,False,37,92.0,7,1.0,0,-2.360374999915371,-0.7739413152771172
6357,1959,59052.0,0,1.0,29,0,230,35,75,63.0,57,31.0,3,7,1,7,5,0,0,0,0,0,0,True,False,False,False,False,False,False,True,False,False,False,False,False,66,491.0,15,1.0,0,0.2417402756172154,0.8001416330177197
9209,1971,80573.0,0,0.0,85,0,829,81,430,60.0,81,15.0,1,4,6,13,2,0,0,0,0,0,0,False,False,False,True,False,False,False,False,False,False,True,False,False,54,1564.0,23,0.0,1,3.2532560625190317,-0.4299155389477467
10286,1962,83715.0,0,0.0,2,0,318,8,407,120.5,35,8.0,1,2,8,13,0,0,0,0,0,0,0,False,False,True,False,False,False,False,False,True,False,False,False,False,63,926.0,23,0.0,1,3.208478710180777,-0.5471923691662413
2611,1959,82576.0,0,0.0,66,0,1206,55,445,120.5,18,18.0,1,2,4,12,1,0,0,0,0,1,0,False,False,False,True,False,False,False,False,False,False,True,False,False,66,1910.0,18,0.0,1,3.539560957788783,-0.26631265184353353
1600,1965,56962.0,2,1.0,60,0,292,3,77,10.0,3,26.0,6,6,3,5,7,0,0,0,0,0,0,False,False,False,True,False,False,False,False,True,False,False,False,False,60,411.0,14,2.5,0,-1.37856847493308,2.9588972877791226
3308,1952,52266.03129314312,1,1.0,54,0,30,9,12,2.0,11,30.0,3,2,0,4,4,0,0,0,0,0,0,False,False,True,False,False,False,False,False,True,False,False,False,False,73,94.0,6,2.0,0,-1.0454166333738857,1.0343554996257518
5407,1954,53103.0,0,1.0,70,0,729,17,133,11.0,0,126.5,5,10,6,7,7,0,0,1,0,0,0,False,False,False,False,False,False,False,False,False,False,True,False,False,71,1085.0,23,1.0,1,0.5735268296574272,2.541368596364045
2166,1960,46779.0,1,1.0,55,0,12,1,3,0.0,0,7.0,1,0,1,2,4,0,0,0,0,0,0,True,False,False,False,False,False,False,False,False,False,False,True,False,65,23.0,3,2.0,0,-1.2706609003321936,-0.3225997589934452
3955,1965,4861.0,0,0.0,20,0,2,1,1,1.0,0,1.0,0,0,0,0,13,0,0,0,0,0,0,False,False,True,False,False,False,False,True,False,False,False,False,False,60,6.0,0,0.0,0,-2.985797907570012,-1.98071339168464
6634,1979,33462.0,1,0.0,78,0,22,3,18,0.0,0,11.0,1,2,0,3,7,0,0,0,0,0,0,False,False,False,True,False,False,False,True,False,False,False,False,False,46,54.0,5,1.0,0,-1.6177778497646569,-1.292519155721973
3056,1978,63693.0,0,1.0,63,0,587,43,337,42.0,81,54.0,3,11,6,9,6,0,0,0,0,0,0,False,False,True,False,False,False,False,True,False,False,False,False,False,47,1150.0,26,1.0,1,1.243309152421959,0.9983261412529632
5718,1950,80763.0,0,0.0,17,0,674,81,108,120.5,42,126.5,1,5,10,6,3,1,0,0,0,1,1,False,False,True,False,False,False,False,False,True,False,False,False,False,75,1415.0,22,0.0,1,3.0547689461808996,0.15085519260887253
6872,1974,65352.0,0,1.0,43,0,284,3,84,4.0,7,23.0,2,4,2,8,4,0,0,0,0,0,0,False,False,False,False,True,False,False,False,True,False,False,False,False,51,405.0,14,1.0,1,0.4164697810746322,-0.2147759986826897
8164,1978,82170.0,0,0.0,13,0,1023,81,556,49.0,55,37.0,1,5,6,7,2,0,0,0,0,0,0,False,False,False,False,True,False,False,False,True,False,False,False,False,47,1908.0,18,0.0,1,3.1780665019598304,-0.9120618365104829
4580,1969,75759.0,0,0.0,46,0,1225,22,556,89.0,81,126.5,1,9,7,9,5,1,0,1,0,1,1,False,False,True,False,False,False,False,False,True,False,False,False,False,56,2486.0,25,0.0,1,3.4930771252162036,0.07508407788932603
9305,1976,79689.0,0,0.0,65,0,311,26,556,120.5,37,121.0,1,4,9,13,2,0,0,0,0,0,0,True,False,False,False,False,False,False,False,False,True,False,False,False,49,1315.0,26,0.0,1,3.168935794204666,-0.5590418455564444
453,1956,35340.0,1,1.0,1,0,27,0,12,0.0,1,5.0,2,2,0,3,5,0,0,0,0,0,0,False,False,False,False,True,False,False,False,False,False,False,True,False,69,45.0,5,2.0,0,-1.6592599006258602,0.25147192163572957
8545,1954,85683.0,0,0.0,6,0,1225,17,311,45.0,69,51.0,1,2,4,10,1,1,1,0,1,1,1,False,False,True,False,False,False,False,True,False,False,False,False,False,71,1789.0,16,0.0,1,3.4128888250179985,-0.2945495717151659
9850,1972,24884.0,1,0.0,32,0,3,6,7,0.0,0,3.0,1,0,0,3,7,0,0,0,0,0,0,True,False,False,False,False,False,False,False,True,False,False,False,False,53,19.0,3,1.0,0,-1.9254174752853808,-1.3026406498189098
7378,1981,42021.0,1,0.0,34,0,393,5,136,7.0,5,27.0,5,10,1,6,9,0,0,1,0,0,0,False,False,False,True,False,False,False,False,False,False,True,False,False,44,573.0,17,1.0,0,-1.0588748290296244,1.2517307629788792
7646,1989,64449.0,1,0.0,70,0,218,63,282,120.5,35,70.0,4,5,3,12,4,0,0,0,0,0,0,False,False,True,False,False,False,False,False,False,True,False,False,False,36,805.0,20,1.0,1,0.7620780873549617,0.5908644036256008
1640,1954,64587.0,1,1.0,49,0,66,0,16,0.0,6,20.0,2,1,1,4,3,0,0,0,0,0,0,False,False,True,False,False,False,False,True,False,False,False,False,False,71,108.0,6,2.0,0,-0.4844743632451814,0.5371002285878456
5184,1995,34824.0,0,0.0,65,0,4,2,11,2.0,0,4.0,1,1,0,2,6,0,0,0,0,0,0,False,False,True,False,False,False,False,False,False,True,False,False,False,30,23.0,3,0.0,0,-1.2085173942372367,-2.6043897690385327
8492,1978,75437.0,0,0.0,25,0,795,0,545,95.0,58,0.0,1,8,4,10,6,1,0,0,0,0,0,False,False,True,False,False,False,False,False,False,False,True,False,False,47,1493.0,22,0.0,1,2.2374343696797596,-0.5628405086629771
11188,1957,26091.0,1,1.0,84,0,15,10,19,8.0,17,20.0,3,2,1,3,5,0,0,0,0,0,0,False,False,True,False,False,False,False,False,False,False,True,False,False,68,89.0,6,2.0,0,-1.865763572161438,0.7853476573658769
1212,1973,52845.0,1,0.0,7,0,384,25,292,120.5,41,64.0,3,8,8,6,6,0,0,1,0,0,0,False,False,True,False,False,False,False,False,True,False,False,False,False,52,936.0,22,1.0,1,0.5937396232680051,0.7529896790158632
9097,1956,46086.0,0,1.0,34,0,244,8,32,7.0,2,50.0,4,3,1,8,4,0,0,0,0,0,0,False,False,True,False,False,False,False,True,False,False,False,False,False,69,343.0,12,1.0,0,-0.2709353452873122,1.005810866866601
10473,1956,78028.0,0,1.0,38,0,158,19,288,25.0,0,38.0,1,6,4,9,7,0,0,0,1,1,1,False,False,False,False,True,False,False,False,False,False,False,True,False,69,528.0,19,1.0,1,0.8524129421628766,0.5098031339484956
7962,1987,95169.0,0,0.0,1,0,1225,21,449,106.0,20,20.0,1,4,3,4,1,1,0,0,0,1,1,False,False,False,False,True,False,False,False,False,True,False,False,False,38,1901.0,11,0.0,1,3.1360219688776523,-1.5242190693911908
9984,1981,56337.0,1,1.0,25,0,349,16,144,28.0,5,126.5,5,8,5,4,8,1,0,1,0,0,1,True,False,False,False,False,False,False,False,True,False,False,False,False,44,724.0,17,2.0,0,-0.9213831764178617,1.9075160308583057
5527,1987,22434.0,1,0.0,25,0,4,12,11,3.0,13,15.0,2,2,0,3,8,0,0,0,0,0,0,False,False,True,False,False,False,False,False,False,False,True,False,False,38,58.0,5,1.0,0,-2.235760833083957,-1.2074435615791916
6374,1954,36930.0,0,1.0,50,0,223,2,31,0.0,2,39.0,5,5,2,4,8,0,0,0,0,0,0,False,False,False,False,True,False,False,False,True,False,False,False,False,71,297.0,11,1.0,0,-1.3675177437827042,1.7181674519682815
7453,1954,36130.0,0,1.0,46,0,157,43,127,68.0,56,37.0,6,3,8,4,4,0,0,1,0,0,1,False,False,True,False,False,False,False,False,False,True,False,False,False,71,488.0,15,1.0,0,-0.3911179500507406,2.081230861376453
8952,1953,65569.0,0,1.0,96,0,397,46,288,20.0,38,70.0,2,6,5,10,3,0,0,0,0,0,0,False,False,False,True,False,False,False,False,True,False,False,False,False,72,859.0,21,1.0,1,1.591322604445874,0.9247157341519868
241,1952,83844.0,0,0.0,57,0,901,31,345,75.0,31,126.5,1,4,4,11,1,0,0,0,0,1,0,False,False,True,False,False,False,False,False,False,False,True,False,False,73,1574.0,19,0.0,1,3.41452804982143,-0.0745467559232387
8975,1968,19514.0,1,1.0,47,0,14,3,21,2.0,1,28.0,4,3,1,2,8,0,0,1,0,0,0,False,False,True,False,False,False,False,False,True,False,False,False,False,57,69.0,6,2.0,0,-2.769618262533355,0.9766169326111701
6119,1963,36736.0,1,1.0,52,0,10,0,3,0.0,0,4.0,1,1,0,2,6,0,0,0,0,0,0,False,False,False,False,True,False,False,False,False,True,False,False,False,62,17.0,3,2.0,0,-1.8849370315791811,-0.3572207869489479
5236,1979,77568.0,0,1.0,30,0,1225,0,396,120.5,81,126.5,1,10,2,8,5,1,0,0,1,1,0,False,False,True,False,False,False,False,False,False,False,True,False,False,46,2194.0,20,1.0,1,2.409293005329109,0.028800652319464815
5723,1976,49187.0,0,1.0,63,0,81,1,31,2.0,1,0.0,1,1,1,5,2,0,0,0,0,0,0,False,False,False,False,False,False,False,False,False,False,True,False,False,49,116.0,7,1.0,0,-0.18272157822247578,-1.363359253654693
1710,1978,30168.0,1,0.0,51,0,154,20,66,0.0,12,27.0,6,6,1,4,9,0,0,0,0,0,0,False,False,True,False,False,False,False,False,False,True,False,False,False,47,279.0,11,1.0,0,-2.021427212801986,1.3887435633916398
1970,1968,34053.0,0,1.0,14,0,63,0,21,7.0,0,12.0,1,3,0,3,8,0,0,0,0,0,0,False,False,False,True,False,False,False,False,False,False,True,False,False,57,103.0,6,1.0,0,-1.6047727933926004,-0.8947310738620992
5313,1971,38196.0,1,1.0,20,0,30,0,11,0.0,0,3.0,3,2,0,4,5,0,0,0,0,0,0,False,False,False,True,False,False,False,False,True,False,False,False,False,54,44.0,6,2.0,0,-1.7577691036508645,0.3004539258071929
10634,1951,59412.0,0,0.5063752276867031,56,0,90,67,165,30.0,43,11.0,1,4,2,8,3,0,0,0,0,0,0,False,False,False,True,False,False,False,False,True,False,False,False,False,74,406.0,14,0.5063752276867031,1,0.9989978201192088,-0.2941649449894293
7010,1965,70924.0,0,0.0,41,0,635,81,254,120.5,81,76.0,1,6,6,7,3,0,0,0,0,1,0,True,False,False,False,False,False,False,False,True,False,False,False,False,60,1363.0,19,0.0,1,2.479324724413157,-0.5346628502641351
8562,1969,54165.0,0,0.5063752276867031,72,0,127,4,73,15.0,6,11.0,1,2,1,7,2,0,0,0,0,0,0,False,False,True,False,False,False,False,False,False,False,True,False,False,56,236.0,10,0.5063752276867031,1,0.5198848706116939,-1.2055824935097441
3158,1973,32300.0,1,0.0,1,0,13,3,6,6.0,5,6.0,1,1,0,3,8,0,0,0,0,0,0,False,False,True,False,False,False,False,False,True,False,False,False,False,52,39.0,4,1.0,0,-1.8674869053758008,-1.2024743596145475
4436,1976,20180.0,0,0.0,27,0,18,42,24,15.0,20,18.0,1,2,1,4,7,0,0,0,0,0,0,False,False,True,False,False,False,False,False,False,True,False,False,False,49,137.0,7,0.0,0,-1.2358944300567227,-1.8659309634427501
5287,1973,34961.0,1,0.0,77,0,45,2,26,4.0,1,1.0,3,3,1,3,7,0,0,0,0,0,0,False,False,True,False,False,False,False,False,True,False,False,False,False,52,79.0,7,1.0,0,-1.6014152813118794,-0.09010520263510742
2445,1974,28440.0,1,0.0,87,0,38,1,24,0.0,0,0.0,1,2,0,3,8,0,0,0,0,0,0,False,False,False,False,True,False,False,False,False,False,True,False,False,51,63.0,5,1.0,0,-1.857502388751086,-1.0740241917913929
6059,1953,64504.0,1,2.0,81,0,986,36,168,16.0,0,108.0,6,11,3,4,7,0,0,0,0,0,1,False,False,False,False,True,False,False,False,False,False,True,False,False,72,1314.0,18,2.5,0,-0.11565027965672442,3.8522226585041563
4550,1966,33564.0,0,1.0,51,0,61,0,3,0.0,0,7.0,1,1,1,3,5,0,0,0,0,0,0,False,False,False,True,False,False,False,False,False,False,True,False,False,59,71.0,5,1.0,0,-1.1513229680816368,-1.0506476170303154
4240,1978,52266.03129314312,1,0.0,79,0,4,9,16,17.0,0,12.0,2,2,1,2,8,0,0,0,0,0,0,False,False,True,False,False,False,False,False,True,False,False,False,False,47,58.0,5,1.0,0,-1.449792198574742,-0.5855753158849285
8911,1967,56320.0,0,1.0,11,0,201,53,172,116.0,77,83.0,3,5,4,9,4,0,0,0,0,0,0,False,False,False,False,True,False,False,False,True,False,False,False,False,58,702.0,18,1.0,1,0.6377985309572182,0.5964785477454716
3706,1978,28647.0,1,0.0,54,0,19,8,29,0.0,12,26.0,1,2,2,2,7,0,0,1,0,0,1,False,False,True,False,False,False,False,False,False,True,False,False,False,47,94.0,6,1.0,0,-1.6343163221788086,-1.2811680031702226
3628,1987,15038.0,1,0.0,93,0,4,8,11,19.0,12,26.0,2,2,1,2,9,0,0,0,0,0,0,False,True,False,False,False,False,False,False,False,True,False,False,False,38,80.0,5,1.0,0,-2.543787507549348,-1.0739793335579426
10175,1958,32173.0,0,1.0,0,0,18,0,2,0.0,0,2.0,1,1,0,3,4,0,0,0,0,0,0,False,False,False,False,True,False,False,True,False,False,False,False,False,67,22.0,4,1.0,0,-1.0593693395511758,-1.0121390233943022
8985,1964,68316.0,0,1.0,54,0,806,80,161,120.0,11,33.0,5,10,7,10,6,0,0,0,0,0,0,True,False,False,False,False,False,False,False,False,False,True,False,False,61,1211.0,27,1.0,1,1.363988589658533,2.4408898394092566
5204,1971,74538.0,0,0.0,21,0,380,81,556,110.0,81,28.0,1,8,8,5,3,0,0,0,0,1,1,False,False,True,False,False,False,False,False,False,False,True,False,False,54,1461.0,21,0.0,1,2.7105430481720534,-0.6230662266554334
9220,1971,91700.0,0,0.0,58,0,576,81,556,120.5,81,19.0,1,8,6,5,3,0,0,0,0,0,1,False,False,True,False,False,False,False,False,False,True,False,False,False,54,1968.0,19,0.0,1,3.4081279757055674,-0.395784689995938
9888,1969,68695.0,0,0.0,3,0,458,81,356,106.0,50,40.0,1,4,4,7,2,0,0,0,0,0,0,False,False,True,False,False,False,False,False,False,False,True,False,False,56,1091.0,15,0.0,1,2.0882610229806353,-1.0706690731964765
5263,1977,31056.0,1,0.0,99,0,5,10,13,3.0,8,16.0,1,1,0,3,8,0,0,0,0,0,0,True,False,False,False,False,False,False,False,True,False,False,False,False,48,55.0,4,1.0,0,-1.8866296288344082,-1.1809304343208153
1020,1973,79593.0,0,0.0,70,0,350,60,556,110.0,81,126.5,1,5,6,7,2,0,0,0,0,1,0,False,False,True,False,False,False,False,False,True,False,False,False,False,52,1366.0,18,0.0,1,2.738164425228822,-0.804591605889608
9503,1980,28071.0,0,0.0,65,0,39,33,130,41.0,26,44.0,2,5,1,5,8,0,0,0,0,0,0,False,False,True,False,False,False,False,False,False,True,False,False,False,45,313.0,11,0.0,0,-0.9644210244801028,-1.1262242939039062
10613,1958,37334.0,1,1.0,44,0,26,1,16,2.0,2,15.0,4,3,0,4,4,0,0,0,0,0,0,False,False,False,False,True,False,False,False,False,False,True,False,False,67,62.0,7,2.0,0,-1.5163864055919454,1.1870707396151996
67,1972,52266.03129314312,1,1.0,6,0,68,0,16,0.0,0,8.0,3,2,0,4,7,0,0,0,0,0,0,False,False,False,True,False,False,False,False,False,True,False,False,False,53,92.0,6,2.0,0,-1.7540573892482088,0.5171661722108055
6019,1971,37126.0,1,0.0,9,0,45,3,9,4.0,4,7.0,1,1,2,2,6,0,0,1,0,0,1,False,False,False,False,True,False,False,False,True,False,False,False,False,54,72.0,5,1.0,0,-1.2974199017561783,-1.1817862726844872
5863,1953,47703.0,0,1.0,95,0,359,0,134,13.0,26,123.0,4,6,3,8,5,0,0,0,0,0,0,False,False,True,False,False,False,False,False,True,False,False,False,False,72,655.0,17,1.0,0,0.19913912379234117,1.5967196803787267
3717,1959,61180.0,0,1.0,70,0,403,24,29,6.0,24,126.5,2,5,5,6,3,0,0,1,0,0,0,False,False,True,False,False,False,False,False,True,False,False,False,False,66,704.0,16,1.0,1,0.9948976421249288,0.3828794146233362
6730,1954,38998.0,1,1.0,92,1,34,1,14,0.0,0,5.0,3,2,0,3,8,0,0,0,0,0,0,False,False,True,False,False,False,False,False,True,False,False,False,False,71,54.0,5,2.0,0,-2.1530424988914487,1.1710882221052483
10749,1991,8028.0,0,0.0,62,0,73,18,66,7.0,12,2.0,6,0,1,0,13,0,0,0,0,0,0,False,False,True,False,False,False,False,False,False,True,False,False,False,34,178.0,1,0.0,0,-3.5539809342686217,0.024721790250187725
4998,1962,76081.0,0,0.0,85,0,292,30,415,63.0,33,126.5,1,4,5,4,2,1,0,0,0,0,0,False,False,False,False,False,False,False,False,False,False,True,False,False,63,1033.0,13,0.0,1,2.1728899204958725,-0.7514108728081051
6287,1986,34728.0,1,0.0,2,0,14,0,16,0.0,0,6.0,1,1,1,2,6,0,0,0,0,0,1,False,False,True,False,False,False,False,False,False,False,True,False,False,39,36.0,4,1.0,0,-1.5722679790672345,-1.7642977275870073
5985,1965,33168.0,0,1.0,0,0,80,1,37,0.0,1,3.0,3,2,1,4,7,0,0,0,0,0,0,False,False,False,True,False,False,False,False,False,True,False,False,False,60,122.0,7,1.0,0,-1.5650677889511106,0.04583349353182437
4754,1966,33585.0,0,1.0,91,0,30,11,33,13.0,6,29.0,1,2,0,4,4,0,0,0,0,0,0,False,False,False,True,False,False,False,False,True,False,False,False,False,59,122.0,6,1.0,0,-0.8601529782296694,-1.002301210017298
4002,1960,77037.0,0,1.0,3,0,463,81,333,120.5,53,10.0,1,7,7,12,3,0,0,0,0,0,0,False,False,False,False,True,False,False,False,True,False,False,False,False,65,1123.0,26,1.0,1,2.4015022131288886,0.47477591665373975
8870,1984,35196.0,1,0.0,68,0,75,12,141,43.0,39,126.5,6,6,1,5,8,0,0,0,0,0,1,False,False,True,False,False,False,False,False,False,False,True,False,False,41,497.0,12,1.0,0,-1.535760161890682,1.2802496230611478
966,1966,44529.0,0,1.0,98,0,538,13,91,17.0,6,26.0,6,6,2,11,5,0,0,0,1,0,0,False,False,True,False,False,False,False,False,True,False,False,False,False,59,691.0,19,1.0,0,-0.042181921437598864,2.140939945826899
4767,1965,70924.0,0,0.0,41,0,635,81,254,120.5,81,76.0,1,6,6,7,3,0,0,0,0,1,0,True,False,False,False,False,False,False,False,True,False,False,False,False,60,1363.0,19,0.0,1,2.479324724413157,-0.5346628502641351
9725,1966,28764.0,1,1.0,16,0,8,0,3,0.0,0,1.0,1,1,0,2,8,0,0,1,0,0,0,False,False,False,False,True,False,False,False,False,False,True,False,False,59,12.0,3,2.0,0,-2.4604432122220565,-0.42924537304450755
4475,1949,69098.0,0,0.0,82,0,1225,22,556,120.5,0,126.5,1,7,8,9,5,0,0,0,0,0,0,False,False,False,False,True,False,False,False,True,False,False,False,False,76,2440.0,24,0.0,1,3.417441960900259,0.6885315458712571
5740,1970,25959.0,1,1.0,1,0,4,2,12,7.0,5,26.0,2,1,2,2,6,0,0,0,0,0,1,True,False,False,False,False,False,False,True,False,False,False,False,False,55,56.0,5,2.0,0,-2.1606847899539243,-0.20918977064206626
5731,1983,27100.0,1,0.0,64,0,12,0,13,2.0,0,10.0,1,1,0,3,7,0,0,0,0,0,0,False,False,False,True,False,False,False,False,True,False,False,False,False,42,37.0,4,1.0,0,-1.8794463162021404,-1.5479900972431198
7290,1985,70596.0,0,0.0,68,0,347,44,534,17.0,0,26.0,1,3,5,12,2,0,0,0,0,0,0,False,False,True,False,False,False,False,False,False,True,False,False,False,40,968.0,20,0.0,1,2.2291888493337106,-1.2822243206026214
3846,1974,42557.0,0,1.0,98,0,192,5,53,0.0,5,15.0,4,6,1,4,8,0,0,0,0,0,0,False,False,True,False,False,False,False,False,True,False,False,False,False,51,270.0,11,1.0,0,-1.3047718828044303,0.7226912990490847
8104,1951,53312.0,0,0.0,32,0,241,0,12,0.0,0,25.0,1,5,1,5,7,0,0,0,0,0,0,False,False,False,False,True,False,False,False,True,False,False,False,False,74,278.0,11,0.0,0,0.10830243840436063,-0.5505247306487053
4507,1952,72228.0,0,0.0,87,0,631,28,491,30.0,14,56.0,1,6,7,8,3,0,0,0,0,0,0,False,False,True,False,False,False,False,False,False,True,False,False,False,73,1250.0,21,0.0,1,2.6652961273867275,0.046111799942606016
11013,1987,67605.0,0,0.0,84,0,336,28,282,120.5,54,54.0,1,2,8,6,1,0,0,0,0,0,0,False,False,True,False,False,False,False,False,False,False,True,False,False,38,938.0,16,0.0,1,2.0500890488620676,-1.6109061031676641
4491,1949,62845.0,1,1.0,3,0,1099,0,45,0.0,0,34.0,6,3,4,10,8,0,0,0,1,0,0,False,False,False,True,False,False,False,False,True,False,False,False,False,76,1178.0,17,2.0,0,-0.24708285595870497,3.5428231341593053
3759,1958,65196.0,0,2.0,34,0,743,19,181,12.0,0,126.5,2,7,6,11,5,0,0,1,0,0,0,False,False,True,False,False,False,False,False,False,False,True,False,False,67,1155.0,24,2.0,1,1.1080228409003585,1.6098052442871698
1162,1987,42000.0,0,0.0,23,0,124,81,267,85.0,59,35.0,2,5,2,11,5,0,0,0,0,0,1,False,False,False,False,True,False,False,False,False,True,False,False,False,38,653.0,18,0.0,1,0.5227552401110525,-1.1414181994899235
2055,1973,35860.0,1,1.0,37,0,15,0,8,4.0,2,20.0,2,1,1,2,5,0,0,1,0,0,0,False,False,False,False,True,False,False,True,False,False,False,False,False,52,49.0,4,2.0,0,-1.837250612723526,-0.29444894391837484
10766,1964,65526.0,0,1.0,22,0,397,19,69,12.0,0,9.0,1,4,4,8,2,0,0,0,0,0,0,False,False,False,False,True,False,False,False,True,False,False,False,False,61,506.0,16,1.0,1,1.1600128782546912,-0.3984228201198915
4415,1961,16860.0,1,1.0,19,0,10,4,4,3.0,3,14.0,3,1,1,3,7,0,0,0,0,0,0,False,False,True,False,False,False,False,False,True,False,False,False,False,64,38.0,5,2.0,0,-2.5872729859484194,0.5660461168880133
3005,1992,83528.0,0,0.0,7,0,530,81,556,120.5,44,126.5,1,4,10,8,1,1,0,1,0,0,1,False,False,True,False,False,False,False,False,False,True,False,False,False,33,1650.0,22,0.0,1,3.304492340202401,-1.3311152409583669
2223,1965,64176.0,0,1.0,52,0,1215,33,249,64.0,81,126.5,6,8,9,8,6,0,0,0,0,0,0,True,False,False,False,False,False,False,True,False,False,False,False,False,60,1826.0,25,1.0,1,1.5267990114160783,2.8775947625614093
4817,1956,22304.0,0,0.0,91,0,3,2,7,0.0,4,2.0,1,1,0,2,8,0,0,0,0,0,0,False,False,False,False,False,False,False,True,False,False,False,False,False,69,18.0,3,0.0,0,-1.518817865205528,-1.2168831542305356
2875,1978,67023.0,0,0.5063752276867031,93,1,444,44,382,11.0,8,17.0,1,3,7,13,2,0,0,0,0,0,0,False,False,True,False,False,False,False,False,True,False,False,False,False,47,906.0,23,0.5063752276867031,1,2.1002577610589537,-0.6133561378990304
10536,1971,32892.0,1,0.0,78,0,26,0,15,2.0,1,2.0,2,3,0,3,8,0,0,0,0,0,0,False,False,False,False,True,False,False,False,False,False,True,False,False,54,46.0,6,1.0,0,-1.7897536553313467,-0.4647137823770083
11112,1966,70713.0,0,1.0,23,0,736,81,279,82.0,76,126.5,6,5,6,8,3,0,0,0,0,0,0,False,False,True,False,False,False,False,False,False,False,True,False,False,59,1477.0,19,1.0,1,1.5307231708737061,2.26462083243497
3807,1955,59925.0,0,1.0,83,0,473,21,176,19.0,21,56.0,3,9,2,9,6,0,0,0,0,0,0,False,False,True,False,False,False,False,False,False,False,True,False,False,70,766.0,20,1.0,1,0.6707186466148335,1.3979697323864064
9197,1953,39722.0,0,1.0,92,0,32,0,5,2.0,0,8.0,2,2,0,3,5,0,0,0,0,0,0,False,False,True,False,False,False,False,False,True,False,False,False,False,72,47.0,5,1.0,0,-1.0124065362680577,-0.06157121709602494
10832,1958,46610.0,0,0.0,4,0,288,10,30,4.0,10,125.0,1,6,1,6,6,0,0,0,0,0,0,False,False,True,False,False,False,False,False,False,False,True,False,False,67,467.0,13,0.0,1,0.33739351161205045,-0.819548902142885
6421,1961,88347.0,0,0.0,32,0,1050,81,555,77.0,81,118.0,1,4,7,9,1,1,0,0,0,0,0,False,False,True,False,False,False,False,False,False,False,True,False,False,64,2116.0,20,0.0,1,3.9376949035633233,-0.2016835741131722
4207,1981,87171.0,0,0.0,27,0,1001,44,107,58.0,44,44.0,1,6,7,11,2,0,0,1,0,1,0,False,False,False,False,True,False,False,False,True,False,False,False,False,44,1298.0,24,0.0,1,3.151396011943986,-0.8235553631987527
577,1976,26907.0,1,1.0,10,0,9,1,7,0.0,3,2.0,2,1,0,3,7,0,0,0,0,0,0,True,False,False,False,False,False,False,False,False,False,True,False,False,49,22.0,4,2.0,0,-2.450628115065471,-0.36481587107042307
10855,1968,50014.0,1,0.0,9,0,234,14,77,19.0,10,42.0,2,4,1,8,5,0,0,0,0,0,0,False,False,False,True,False,False,False,False,False,True,False,False,False,57,396.0,13,1.0,0,-0.1447932024503151,-0.1645876336255891
3081,1978,41014.0,1,0.0,65,0,7,2,6,2.0,0,3.0,1,1,0,2,7,0,0,0,0,0,0,False,False,False,False,True,False,False,False,True,False,False,False,False,47,20.0,3,1.0,0,-1.5894805280988975,-1.3205906238897323
3535,1965,66294.0,0,0.0,68,0,251,81,334,65.0,81,117.0,1,4,3,5,2,0,0,0,0,0,0,False,False,True,False,False,False,False,False,False,True,False,False,False,60,967.0,12,0.0,1,1.799274573207297,-1.01743989502742
247,1971,36715.0,1,0.0,16,0,172,10,125,21.0,13,16.0,6,7,2,4,9,0,0,0,0,0,1,False,False,True,False,False,False,False,False,True,False,False,False,False,54,357.0,13,1.0,0,-1.633955667150579,1.7255296930969846
8707,1956,79456.0,0,0.0,12,0,565,42,548,64.0,81,99.0,1,5,6,4,3,0,0,0,0,0,1,False,False,True,False,False,False,False,False,True,False,False,False,False,69,1401.0,15,0.0,1,2.526715186615369,-0.3894302321002748
9523,1982,40479.0,1,0.0,95,0,5,0,8,2.0,0,0.0,1,0,0,3,4,0,0,0,0,0,0,False,False,True,False,False,False,False,False,False,False,True,False,False,43,15.0,3,1.0,0,-1.1055604575840736,-1.635295697019411
6072,1970,75345.0,0,0.0,16,0,918,57,556,99.0,38,126.5,1,5,8,6,3,1,0,0,0,0,1,False,False,False,True,False,False,False,False,False,True,False,False,False,55,2087.0,19,0.0,1,3.1195935016943723,-0.5311821403234382
6295,1977,54233.0,0,1.0,46,0,652,8,158,21.0,0,126.5,4,11,6,5,8,0,0,0,0,0,0,False,False,True,False,False,False,False,False,True,False,False,False,False,48,981.0,22,1.0,1,0.1848813435920695,1.3041168361806743
10914,1970,24163.0,1,1.0,3,0,4,1,7,2.0,1,2.0,2,1,0,3,4,0,0,0,0,0,0,False,False,True,False,False,False,False,False,False,True,False,False,False,55,17.0,4,2.0,0,-1.9457734954684198,-0.4255050724554204
1509,1958,84460.0,0,0.0,80,0,152,27,103,106.0,54,81.0,0,9,9,4,5,1,1,0,1,1,1,False,False,False,False,True,False,False,False,False,False,True,False,False,67,523.0,22,0.0,1,2.1266344890588176,-0.49630821393271923
5577,1983,52266.03129314312,1,0.0,77,0,8,0,9,2.0,1,3.0,1,1,0,2,6,0,0,0,0,0,0,False,False,True,False,False,False,False,False,False,False,True,False,False,42,23.0,3,1.0,0,-1.18862153872044,-1.452793497508213
7348,1958,71691.0,0,0.0,0,0,336,81,411,120.5,32,43.0,1,4,7,5,2,0,0,0,0,0,1,False,False,False,False,True,False,False,False,False,True,False,False,False,67,1192.0,16,0.0,1,2.3931240580133113,-0.6168021504883051
1127,1973,85844.0,0,0.0,62,0,938,19,556,25.0,81,38.0,1,6,6,7,2,0,0,0,0,1,0,False,False,False,False,True,False,False,False,True,False,False,False,False,52,1958.0,19,0.0,1,3.4231781128560894,-0.5793439859320844
1833,1974,39190.0,1,0.0,91,0,68,8,18,19.0,8,12.0,2,2,1,4,5,0,0,0,0,0,0,False,False,False,False,True,False,False,False,False,True,False,False,False,51,133.0,7,1.0,0,-1.0071171645614203,-0.6523112403035927
4944,1959,71367.0,0,0.0,24,0,227,23,389,42.0,21,75.0,1,4,5,7,2,0,0,0,0,0,0,False,False,True,False,False,False,False,False,False,False,True,False,False,66,777.0,16,0.0,1,2.04813456314175,-0.713899970102713
9080,1972,38578.0,1,1.0,2,0,38,4,22,3.0,3,3.0,3,3,0,3,8,0,0,0,0,0,0,False,False,False,False,True,False,False,False,False,True,False,False,False,53,73.0,6,2.0,0,-2.2639558725387374,0.47344115835395245
6466,1965,57236.0,1,1.0,22,0,105,0,9,2.0,1,4.0,3,2,1,4,3,0,0,0,0,0,0,False,False,False,False,True,False,False,False,True,False,False,False,False,60,121.0,7,2.0,0,-0.7897678575685961,0.5666680235084753
9964,1979,61825.0,0,1.0,56,0,162,50,100,55.0,30,27.0,1,4,2,8,4,0,0,0,0,0,0,False,False,True,False,False,False,False,False,False,True,False,False,False,46,424.0,14,1.0,1,0.41841370020473373,-0.8305465369726859
4790,1958,79803.0,0,1.0,54,0,574,8,216,21.0,16,33.0,1,4,3,5,1,0,0,0,0,0,0,False,False,True,False,False,False,False,True,False,False,False,False,False,67,868.0,12,1.0,1,1.7723701325703836,-0.2044526156341492
10245,1986,80910.0,0,0.0,71,0,160,80,369,67.0,39,41.0,1,3,3,8,1,0,0,0,0,0,0,True,False,False,False,False,False,False,False,False,True,False,False,False,39,756.0,14,0.0,1,2.0921912815845856,-1.629557401269695
1109,1982,27590.0,1,0.0,38,0,6,0,5,0.0,0,1.0,1,1,0,2,7,0,0,0,0,0,0,False,False,False,True,False,False,False,False,False,False,True,False,False,43,12.0,3,1.0,0,-1.9500602211038143,-1.6051219591698904
6001,1979,52266.03129314312,0,1.0,62,0,614,35,160,58.0,35,35.0,2,5,8,10,5,0,0,0,0,0,0,False,False,True,False,False,False,False,False,True,False,False,False,False,46,937.0,23,1.0,1,0.8912281084400137,0.1619653538006004
5538,1975,83829.0,0,0.0,78,0,897,81,430,120.5,81,27.0,0,4,7,6,1,1,0,1,0,1,1,False,False,True,False,False,False,False,True,False,False,False,False,False,50,1862.0,17,0.0,1,3.4438376333799483,-1.2730258227378122
10552,1979,54210.0,0,1.0,18,0,70,54,109,80.0,9,45.0,2,4,1,7,5,0,0,0,0,0,0,True,False,False,False,False,False,False,False,True,False,False,False,False,46,367.0,12,1.0,0,-0.22213730777325855,-0.5345682633489807
1545,1986,38508.0,1,0.0,95,0,120,19,206,25.0,19,54.0,6,7,2,5,8,0,0,0,0,0,0,False,False,True,False,False,False,False,False,True,False,False,False,False,39,443.0,14,1.0,0,-1.3867674420703857,1.362223817295721
7409,1970,53187.0,1,0.0,66,0,211,2,30,7.0,7,10.0,2,4,1,6,5,0,0,0,0,0,0,False,False,True,False,False,False,False,False,False,False,True,False,False,55,267.0,11,1.0,0,-0.2988486491014678,-0.23529089242187431
4444,1972,30023.0,1,0.0,28,0,11,0,16,7.0,6,21.0,1,2,0,3,8,0,0,0,0,0,0,False,False,True,False,False,False,False,False,True,False,False,False,False,53,61.0,5,1.0,0,-1.8238079374101852,-1.0921245099326484
146,1960,76045.0,0,0.5063752276867031,78,0,760,53,400,17.0,81,0.0,1,4,5,11,2,1,0,0,0,0,0,False,False,False,False,True,False,False,False,False,True,False,False,False,65,1323.0,20,0.5063752276867031,1,2.6081476497152756,-0.005187428345576372
6271,1952,50870.0,0,1.0,13,0,53,0,8,0.0,0,2.0,1,2,0,3,5,0,0,0,0,0,0,False,False,False,False,True,False,False,False,True,False,False,False,False,73,63.0,5,1.0,0,-0.6497736321323461,-0.5137997765573283
10065,1970,15315.0,0,0.0,27,0,7,4,13,15.0,8,17.0,2,2,0,4,5,0,0,0,0,0,0,True,False,False,False,False,False,False,False,True,False,False,False,False,55,64.0,6,0.0,0,-1.1767283921411014,-1.470869916365335
4741,1974,65463.0,1,0.0,17,0,391,32,70,21.0,32,16.0,2,6,2,9,5,0,0,0,1,0,0,True,False,False,False,False,False,False,False,True,False,False,False,False,51,562.0,17,1.0,1,0.5496430033820073,-0.006326099801833231
246,1965,66480.0,1,1.0,71,0,199,9,57,20.0,21,6.0,6,4,1,7,4,0,0,0,0,0,0,False,False,True,False,False,False,False,False,True,False,False,False,False,60,312.0,12,2.0,0,-0.5885467845707983,2.4128415859661225
375,1954,76773.0,0,0.0,79,0,516,56,449,86.0,33,16.0,1,2,2,11,1,0,0,0,0,0,0,False,False,True,False,False,False,False,True,False,False,False,False,False,71,1156.0,15,0.0,1,2.652896192788645,-0.4444023898863555
1524,1983,81698.0,0,0.0,1,0,709,45,115,30.0,81,45.0,1,8,2,5,5,1,0,0,0,0,1,True,False,False,False,False,False,False,False,False,True,False,False,False,42,1104.0,15,0.0,1,1.7587153995908935,-1.2075021904445364
10022,1973,54466.0,1,1.0,78,0,12,0,4,0.0,0,0.0,1,1,0,2,5,0,0,0,0,0,0,False,False,False,False,True,False,False,False,False,True,False,False,False,52,16.0,3,2.0,0,-1.374197853958501,-0.5824515366103189
7451,1960,98777.0,0,0.0,23,0,1000,19,556,120.5,81,38.0,0,4,6,9,1,0,0,0,1,0,0,False,False,False,True,False,False,False,False,False,True,False,False,False,65,2008.0,19,0.0,1,4.142670679643341,-0.6207923082975865
11010,1984,16269.0,1,0.0,75,0,19,3,18,3.0,1,0.0,3,3,0,3,8,0,0,0,0,0,0,False,False,False,False,True,False,False,False,False,True,False,False,False,41,44.0,6,1.0,0,-2.394267858663287,-0.5845375949572678
4356,1971,71819.0,0,1.0,70,0,1224,28,140,0.0,14,126.5,3,3,3,5,6,0,0,0,1,1,0,False,False,True,False,False,False,False,False,False,False,True,False,False,54,1574.0,11,1.0,1,0.9058506829968485,0.7246656305631645
3885,1983,33569.0,1,0.0,10,0,16,2,18,3.0,0,24.0,1,1,1,2,8,0,0,1,0,0,1,False,False,False,False,True,False,False,False,True,False,False,False,False,42,63.0,4,1.0,0,-1.899488643127314,-1.5038505693570108
1175,1983,36262.0,0,0.0,24,0,88,39,54,64.0,28,126.5,1,3,5,3,6,0,0,1,0,0,1,False,False,False,True,False,False,False,False,True,False,False,False,False,42,426.0,11,0.0,0,-0.2639001137012669,-1.799234013001108
880,1966,22634.0,0,0.0,47,0,2,23,11,8.0,6,46.0,1,2,1,2,8,0,0,0,0,0,0,False,True,False,False,False,False,False,False,False,False,True,False,False,59,96.0,5,0.0,0,-1.4211315910921272,-1.5079871900848014
2320,1978,47025.0,0,1.0,98,0,508,11,59,23.0,5,29.0,5,11,1,6,9,0,0,0,0,0,0,True,False,False,False,False,False,False,False,True,False,False,False,False,47,635.0,18,1.0,0,-0.7852093585086123,1.5559723973444126
850,1968,70566.0,0,1.0,4,0,381,28,215,84.0,28,21.0,2,6,5,9,3,0,0,0,0,0,0,False,False,True,False,False,False,False,False,False,True,False,False,False,57,757.0,20,1.0,1,1.408660086056924,0.24546294497723276
4713,1979,31605.0,1,0.0,15,0,74,0,42,2.0,1,6.0,2,2,1,4,7,0,0,0,0,0,0,False,False,False,False,True,False,False,False,True,False,False,False,False,46,125.0,7,1.0,0,-1.605184086242604,-0.8537915508276884
675,1973,52034.0,1,1.0,67,0,146,0,93,7.0,13,73.0,5,4,2,5,7,0,0,0,0,0,0,False,False,False,True,False,False,False,True,False,False,False,False,False,52,332.0,11,2.0,0,-1.4568613252970617,1.7639381696411536
5025,1979,48526.0,1,0.0,32,0,23,17,23,43.0,20,9.0,1,2,1,4,3,0,0,0,0,0,0,False,False,True,False,False,False,False,False,False,True,False,False,False,46,135.0,7,1.0,0,-0.3922910603957613,-1.4390199123751404
2308,1954,46734.0,0,0.5063752276867031,40,0,110,5,137,26.0,23,29.0,2,6,1,5,7,0,0,0,0,0,0,False,False,True,False,False,False,False,False,True,False,False,False,False,71,330.0,12,0.5063752276867031,0,-0.31768354700075696,0.11931162078896226
5995,1962,39552.0,1,1.0,54,0,165,3,147,4.0,24,41.0,6,6,2,5,8,0,0,0,0,0,1,False,False,True,False,False,False,False,True,False,False,False,False,False,63,384.0,13,2.0,0,-1.774073758834172,2.6364297650892414
6749,1966,86358.0,1,1.0,78,0,957,47,494,82.0,47,95.0,4,5,3,6,8,0,0,0,0,0,0,False,False,True,False,False,False,False,False,False,True,False,False,False,59,1722.0,14,2.0,1,0.6483782961015321,2.385539054393799
1010,1977,46931.0,2,1.0,94,0,41,0,17,3.0,1,16.0,2,1,1,3,3,0,0,0,0,0,0,False,False,True,False,False,False,False,False,False,False,True,False,False,48,78.0,5,2.5,0,-1.4052800272409718,-0.04640490161522186
8977,1985,16581.0,0,0.0,51,0,1,3,4,2.0,3,11.0,1,0,0,3,4,0,0,0,0,0,0,False,True,False,False,False,False,False,False,False,True,False,False,False,40,24.0,3,0.0,0,-1.2028349316316667,-2.5891474041054883
4756,1952,63998.0,0,0.0,42,0,176,29,556,0.0,33,112.0,1,7,6,11,4,0,0,0,0,0,1,True,False,False,False,False,False,False,True,False,False,False,False,False,73,1168.0,24,0.0,1,2.4047907667557795,0.09989527532981565
3412,1951,67381.0,0,1.0,67,0,815,8,53,11.0,0,70.0,4,2,2,9,7,0,0,0,1,0,0,False,False,False,True,False,False,False,False,True,False,False,False,False,74,957.0,13,1.0,1,0.3117577045442917,1.8133845380458904
606,1967,25930.0,1,1.0,87,0,6,1,2,2.0,0,4.0,1,1,0,2,7,0,0,0,0,0,0,False,False,True,False,False,False,False,False,False,True,False,False,False,58,15.0,3,2.0,0,-2.335454646590472,-0.44313286566340065
5961,1978,42693.0,1,0.0,29,0,8,4,20,6.0,3,16.0,1,1,0,3,5,0,0,0,0,0,0,False,False,True,False,False,False,False,False,True,False,False,False,False,47,57.0,4,1.0,0,-1.1197344657091977,-1.4620251229116217
2975,1976,85606.0,0,1.0,89,0,717,42,556,120.5,30,84.0,2,6,7,9,3,1,0,0,0,0,0,False,False,True,False,False,False,False,False,False,False,True,False,False,49,1956.0,22,1.0,1,2.8141237089776228,0.6191814601213191
2894,1985,72903.0,0,0.0,74,0,1067,81,556,0.0,19,39.0,1,7,5,8,4,1,0,0,1,1,1,False,False,True,False,False,False,False,False,False,True,False,False,False,40,2013.0,20,0.0,1,2.7822839620028823,-0.8505686169513917
7613,1974,49669.0,1,0.0,97,0,166,5,107,11.0,8,29.0,2,5,1,6,6,0,0,0,0,0,0,True,False,False,False,False,False,False,False,False,False,True,False,False,51,326.0,12,1.0,0,-0.4695570460042001,-0.20996359631915232
10542,1968,36778.0,1,1.0,63,0,29,4,34,2.0,4,4.0,3,3,0,3,9,0,0,0,0,0,0,False,False,False,False,True,False,False,False,True,False,False,False,False,57,77.0,6,2.0,0,-2.425079406033851,0.7679162747111735
8015,1962,85696.0,0,0.0,88,0,714,76,395,116.0,0,12.0,1,4,6,9,1,0,0,0,0,0,1,False,False,False,False,True,False,False,True,False,False,False,False,False,63,1313.0,19,0.0,1,3.171801168559505,-0.4044481380394408
10617,1989,10979.0,0,0.0,34,0,8,4,10,2.0,2,4.0,2,3,0,3,5,0,0,0,0,0,0,False,False,False,True,False,False,False,True,False,False,False,False,False,36,30.0,6,0.0,0,-1.4621336545667944,-2.1324134695767527
11166,1961,49678.0,0,1.0,81,0,229,5,56,3.0,2,20.0,2,6,2,4,7,0,0,0,0,0,0,False,False,True,False,False,False,False,False,True,False,False,False,False,64,315.0,12,1.0,0,-0.5492060597893276,0.2679405734406264
849,1953,56129.0,0,1.0,65,0,320,48,133,39.0,72,48.0,4,6,2,10,4,0,0,0,0,0,0,False,False,False,True,False,False,False,False,False,False,True,False,False,72,660.0,18,1.0,1,0.6268449719471805,1.5856480475289658
523,1989,37155.0,1,0.0,51,0,23,0,26,7.0,15,3.0,1,2,0,4,5,0,0,0,0,0,0,False,False,True,False,False,False,False,False,True,False,False,False,False,36,74.0,6,1.0,0,-1.1959502323251125,-1.739402537101628
4066,1978,21282.0,1,0.0,76,0,1,5,8,4.0,8,20.0,2,2,1,2,6,0,0,0,0,0,0,True,False,False,False,False,False,False,True,False,False,False,False,False,47,46.0,5,1.0,0,-1.8313580471596023,-0.9877125097496505
8414,1962,33419.0,0,1.0,76,0,56,0,12,0.0,0,18.0,2,2,0,4,7,0,0,0,0,0,0,False,False,False,False,True,False,False,False,False,True,False,False,False,63,86.0,6,1.0,0,-1.4954138199965823,-0.2306188754949829
819,1945,63285.0,0,0.0,84,0,508,81,249,50.0,38,126.5,1,6,5,13,3,0,0,0,0,0,0,False,False,True,False,False,False,False,False,False,False,False,True,False,80,1103.0,24,0.0,1,2.5820116520462997,0.30433124456278926
4961,1974,21255.0,1,0.0,56,0,29,0,25,2.0,2,3.0,4,2,1,4,4,0,0,0,0,0,0,False,False,False,True,False,False,False,False,False,False,True,False,False,51,61.0,7,1.0,0,-1.5314689875939447,-0.04755858292624697
749,1981,52266.03129314312,1,0.0,31,0,46,7,59,2.0,4,27.0,2,3,1,3,6,0,0,1,0,0,1,False,False,True,False,False,False,False,False,False,False,True,False,False,44,145.0,7,1.0,0,-0.9453269883937258,-0.8016850406373872
5430,1956,54450.0,1,0.5063752276867031,0,0,454,0,171,8.0,19,32.0,6,9,2,8,8,0,0,0,0,0,0,False,False,True,False,False,False,False,False,False,False,True,False,False,69,684.0,19,1.506375227686703,0,-0.5364385250139848,2.916589955037376
7755,1954,57744.0,0,1.0,91,0,350,3,39,0.0,0,19.0,2,9,1,4,8,0,0,0,0,0,0,False,False,False,False,True,False,False,False,True,False,False,False,False,71,411.0,14,1.0,0,-0.2727644180360787,0.7698088389398869
10525,1986,26576.0,1,0.0,40,0,10,0,8,0.0,0,9.0,1,1,0,2,9,0,0,1,0,0,1,False,False,True,False,False,False,False,False,False,True,False,False,False,39,27.0,3,1.0,0,-2.344129187297155,-1.5885805229928263
1453,1943,57513.0,0,0.0,59,0,735,40,183,52.0,20,30.0,2,9,3,13,6,0,0,0,0,0,0,False,False,False,False,True,False,False,False,False,False,False,True,False,82,1060.0,25,0.0,1,1.8529071999191027,0.9930631945984391
8310,1964,68142.0,0,1.0,96,0,897,81,196,91.0,81,37.0,3,10,4,7,6,0,0,0,0,0,0,False,False,True,False,False,False,False,False,False,False,True,False,False,61,1459.0,21,1.0,1,1.414467292013007,1.3988019053443081
10710,1979,7500.0,0,1.0,61,0,5,2,3,3.0,0,5.0,1,1,0,2,8,0,0,0,0,0,0,False,False,True,False,False,False,False,False,True,False,False,False,False,46,18.0,3,1.0,0,-2.555109561755724,-1.5494795960796652
5031,1974,83145.0,0,0.0,14,0,777,35,556,39.0,81,114.0,1,5,9,11,2,0,0,0,0,1,1,False,False,True,False,False,False,False,False,False,False,True,False,False,51,1833.0,25,0.0,1,3.608242083997025,-0.468882942660542
2613,1960,54197.0,0,1.0,16,0,162,6,37,6.0,13,13.0,2,1,3,6,1,0,0,0,0,0,0,False,False,False,True,False,False,False,False,True,False,False,False,False,65,237.0,10,1.0,1,0.40605943608715367,-0.3308265433503596
213,1963,23091.0,1,1.0,98,0,35,0,11,0.0,0,2.0,4,2,1,3,7,0,0,0,0,0,0,False,False,False,False,False,False,False,False,False,True,False,False,False,62,48.0,6,2.0,0,-2.4709052011493133,1.173828827482848
967,1976,46049.0,1,1.0,11,0,342,9,112,19.0,14,19.0,6,5,2,9,7,0,0,0,0,0,1,False,False,True,False,False,False,False,False,True,False,False,False,False,49,515.0,16,2.0,0,-1.286216697118486,2.2460255495349526
1077,1974,56715.0,0,0.0,52,0,258,81,239,120.5,81,9.0,1,7,3,4,4,0,0,0,0,0,0,False,False,True,False,False,False,False,False,False,False,True,False,False,51,1020.0,14,0.0,1,1.313492640476637,-1.163274239424739
7959,1961,79410.0,0,0.0,19,0,658,80,483,120.5,13,13.0,1,3,2,5,1,0,0,0,0,0,0,False,False,True,False,False,False,False,False,True,False,False,False,False,64,1370.0,10,0.0,1,2.500198733449703,-0.9302533013034915
640,1951,57304.0,0,1.0,61,0,356,80,329,120.5,17,106.0,2,7,6,10,5,0,0,0,0,0,0,False,False,True,False,False,False,False,False,True,False,False,False,False,74,1026.0,23,1.0,1,1.3148008196824306,1.1508858423064747
4252,1965,44375.0,0,1.0,73,0,213,5,28,7.0,7,41.0,1,4,1,6,5,0,0,0,0,0,0,False,False,True,False,False,False,False,False,True,False,False,False,False,60,301.0,11,1.0,0,-0.32576098101063256,-0.5669460629467251
8432,1956,54450.0,1,1.0,0,0,454,0,171,8.0,19,32.0,6,9,2,8,8,0,0,0,0,0,0,False,False,True,False,False,False,False,False,False,False,True,False,False,69,684.0,19,2.0,0,-0.7783259382425081,3.21097464186974
6218,1965,59594.0,0,1.0,74,0,457,4,29,0.0,0,9.0,1,8,1,7,7,0,0,0,1,0,0,False,False,True,False,False,False,False,False,True,False,False,False,False,60,499.0,16,1.0,0,0.14967529588282563,-0.019052324277484742
6905,1994,80685.0,0,0.0,55,0,241,45,556,34.0,26,54.0,1,6,4,10,2,0,0,0,0,0,0,False,False,True,False,False,False,False,False,False,False,True,False,False,31,1004.0,20,0.0,1,2.413633598345829,-1.514027459220566
5922,1974,40344.0,0,1.0,48,0,210,0,6,0.0,0,2.0,2,4,1,5,7,0,0,0,0,0,0,False,False,False,False,True,False,False,False,True,False,False,False,False,51,218.0,10,1.0,0,-1.088206157774879,-0.4057058681835843
3598,1972,62710.0,0,1.0,53,0,441,35,83,7.0,29,11.0,4,4,2,12,4,0,0,0,0,0,0,False,False,True,False,False,False,False,False,True,False,False,False,False,53,606.0,18,1.0,1,0.5732657266851787,0.974145879325657
6116,1968,48985.0,0,1.0,13,0,19,13,18,10.0,7,8.0,1,1,1,3,3,0,0,0,0,0,0,True,False,False,False,False,False,False,False,True,False,False,False,False,57,75.0,5,1.0,0,-0.4681477623815857,-1.2071490919827101
6263,1968,35322.0,1,2.0,34,0,28,9,37,12.0,7,13.0,3,2,0,4,8,0,0,0,0,0,0,False,False,True,False,False,False,False,False,False,False,True,False,False,57,106.0,6,2.5,0,-2.514534796389021,0.9390677585191808
10486,1948,77142.0,0,0.0,54,0,476,75,162,29.0,81,97.0,1,4,4,8,2,0,0,0,0,0,0,False,False,True,False,False,False,False,False,True,False,False,False,False,77,990.0,16,0.0,1,2.4565906056038505,-0.2026659923968874
2410,1969,81657.0,0,0.0,69,0,364,40,425,120.5,60,50.0,1,3,4,8,1,0,0,0,0,0,0,False,False,True,False,False,False,False,False,False,True,False,False,False,56,1097.0,15,0.0,1,2.589915684454366,-0.9344480966277662
193,1996,14421.0,0,0.0,81,0,0,0,2,3.0,3,8.0,1,1,0,2,5,0,0,1,0,0,0,False,True,False,False,False,False,False,False,True,False,False,False,False,29,16.0,3,0.0,0,-1.5172987663682687,-2.8489454391370153
3363,1974,20130.0,0,0.0,99,0,0,6,3,7.0,6,12.0,1,1,0,3,8,0,0,0,0,0,0,True,False,False,False,False,False,False,False,True,False,False,False,False,51,34.0,4,0.0,0,-1.642637168645237,-1.768847615526867
8278,1990,74214.0,0,0.0,3,0,863,81,547,86.0,81,33.0,1,8,2,5,5,0,0,0,0,0,0,False,False,False,False,True,False,False,False,True,False,False,False,False,35,1711.0,15,0.0,1,2.018814076146542,-1.348350554441668
10660,1957,66726.0,1,1.0,61,0,349,7,35,0.0,0,47.0,3,8,2,4,7,0,0,0,1,0,0,False,False,False,True,False,False,False,False,True,False,False,False,False,68,438.0,14,2.0,0,-0.4979428307973649,1.6675499148371549
8686,1979,23724.0,1,0.0,65,0,5,23,15,0.0,18,14.0,2,2,0,3,8,0,0,0,0,0,0,False,True,False,False,False,False,False,False,False,False,True,False,False,46,75.0,5,1.0,0,-2.1125844376461336,-0.8622515075871328
1604,1960,47353.0,0,1.0,93,0,184,2,19,8.0,8,4.0,3,2,2,6,5,0,0,0,0,0,0,False,False,False,True,False,False,False,False,True,False,False,False,False,65,225.0,10,1.0,0,-0.544985247147563,0.48693566428158913
5907,1952,33444.0,1,1.0,24,0,8,0,8,0.0,0,2.0,1,1,0,2,8,0,0,0,0,0,0,False,False,False,True,False,False,False,False,True,False,False,False,False,73,18.0,3,2.0,0,-2.2269807640755106,0.08679342065992508
10669,1981,54386.0,0,1.0,8,0,277,21,64,62.0,21,25.0,2,3,2,10,3,0,0,0,0,0,0,False,False,True,False,False,False,False,False,True,False,False,False,False,44,470.0,15,1.0,1,0.3816005512611933,-0.6044856157463349
2918,1981,28510.0,1,1.0,72,0,44,5,19,0.0,4,19.0,3,2,0,4,5,0,0,0,0,0,0,False,False,True,False,False,False,False,True,False,False,False,False,False,44,91.0,6,2.0,0,-2.0126219989533576,-0.0112982423873998
5735,1991,90638.0,0,0.0,29,0,1156,81,556,94.0,81,96.0,1,3,4,10,1,0,0,0,0,1,0,False,False,False,True,False,False,False,False,False,True,False,False,False,34,2510.625,17,0.0,1,3.8725338029081686,-1.2254293575325101
359,1950,48070.0,0,1.0,33,1,373,14,83,6.0,9,19.0,3,8,2,6,7,0,0,0,0,0,0,False,False,True,False,False,False,False,False,False,False,True,False,False,75,504.0,16,1.0,0,-0.21421755140224435,1.2180686188328584
8387,1957,43140.0,0,1.0,68,0,134,8,76,6.0,0,11.0,1,4,1,5,6,0,0,0,0,0,0,False,False,True,False,False,False,False,False,True,False,False,False,False,68,235.0,10,1.0,0,-0.5794902947769547,-0.305746174117707
1829,1961,54959.0,0,1.0,55,0,1148,0,60,0.0,0,24.0,3,9,5,4,7,0,0,0,1,0,1,False,False,False,False,False,False,False,True,False,False,False,False,False,64,1232.0,18,1.0,1,0.5751256920701645,1.21087576823273
3839,1958,15056.0,1,1.0,76,0,6,12,3,21.0,6,40.0,5,2,2,3,5,0,0,0,0,0,0,False,True,False,False,False,False,False,False,False,True,False,False,False,67,88.0,7,2.0,0,-2.284886664845234,1.5933899822131468
9392,1971,26954.0,1,0.0,17,0,4,1,11,0.0,0,1.0,1,1,0,2,7,0,0,0,0,0,0,False,False,True,False,False,False,False,False,False,True,False,False,False,54,17.0,3,1.0,0,-1.875157411346077,-1.2781613131353338
2292,1985,22327.0,1,0.0,94,0,5,4,8,2.0,0,5.0,1,1,0,3,5,0,0,0,0,0,0,False,False,True,False,False,False,False,False,False,True,False,False,False,40,24.0,4,1.0,0,-1.6587136753815492,-1.756432018446792
10466,1965,44393.0,1,1.0,86,0,24,2,20,2.0,2,10.0,2,1,0,4,4,0,0,0,0,0,0,False,False,True,False,False,False,False,False,True,False,False,False,False,60,60.0,5,2.0,0,-1.3107360099980019,0.0914518746341128
9855,1952,62000.0,0,1.0,25,0,899,0,101,0.0,0,20.0,1,6,6,13,4,1,0,0,0,0,0,False,False,False,False,True,False,False,False,False,True,False,False,False,73,1020.0,25,1.0,1,1.8051005773511306,0.6624826527989911
4088,1962,31497.0,0,1.0,22,0,108,1,28,13.0,1,4.0,2,3,1,4,8,0,0,0,0,0,0,False,False,False,False,True,False,False,False,False,False,True,False,False,63,155.0,8,1.0,0,-1.5516165790576153,-0.15089568307287896
5231,1974,45894.0,0,2.0,15,0,27,2,7,0.0,2,13.0,1,1,0,3,5,0,0,0,0,0,0,True,False,False,False,False,False,False,False,True,False,False,False,False,51,51.0,4,2.0,0,-1.5109960037574495,-0.7320327552276473
590,1970,78579.0,0,0.0,35,0,816,66,549,120.5,66,99.0,1,5,6,4,3,0,0,0,0,0,1,False,False,False,True,False,False,False,True,False,False,False,False,False,55,1812.0,15,0.0,1,2.729425115930458,-0.7237661775845836
8732,1969,67369.0,0,1.0,81,0,1225,0,70,37.0,14,42.0,4,7,4,10,4,0,0,0,1,1,1,False,False,False,True,False,False,False,False,False,False,False,True,False,56,1461.0,21,1.0,1,1.59491462161179,1.5002603537714494
2315,1960,52266.03129314312,0,1.0,55,0,10,0,11,17.0,29,29.0,1,1,2,2,4,0,0,0,0,0,0,False,False,True,False,False,False,False,True,False,False,False,False,False,65,96.0,5,1.0,0,-0.4696792626041775,-0.7668524087201651
3515,1952,62307.0,0,1.0,94,0,87,13,34,10.0,6,10.0,1,4,0,4,5,0,0,0,0,0,0,False,False,True,False,False,False,False,False,False,True,False,False,False,73,160.0,8,1.0,0,-0.09382784459853832,-0.13097709099919028
2245,1969,43641.0,1,1.0,50,0,57,2,51,4.0,2,23.0,3,2,1,4,6,0,0,0,0,0,0,False,False,False,True,False,False,False,False,True,False,False,False,False,56,139.0,7,2.0,0,-1.6408650722282108,0.60257987264402
6283,1968,63841.0,0,1.0,64,0,635,15,100,20.0,7,126.5,1,9,3,9,6,0,0,0,0,0,0,False,False,False,True,False,False,False,True,False,False,False,False,False,57,908.0,21,1.0,1,1.0371078826215883,0.15048010561797903
2246,1965,46891.0,0,1.0,91,0,43,12,23,29.0,15,61.0,1,2,1,4,4,0,0,0,0,0,0,True,False,False,False,False,False,False,False,True,False,False,False,False,60,183.0,7,1.0,0,-0.4307551215926905,-0.8039511574880229
6606,1969,70091.0,1,0.0,11,0,964,34,137,15.0,0,11.0,2,5,2,10,8,0,0,0,1,0,0,False,False,False,True,False,False,False,False,True,False,False,False,False,56,1161.0,17,1.0,1,0.6583715545926621,0.5570148316843321
5545,1972,78075.0,0,0.0,72,0,572,8,259,34.0,35,80.0,1,3,5,5,1,0,0,0,0,0,0,False,False,False,False,True,False,False,False,True,False,False,False,False,53,988.0,13,0.0,1,2.269875335453504,-1.174961322546
7342,1961,52266.03129314312,0,1.0,6,0,341,81,113,120.5,81,66.0,3,6,6,12,5,0,0,0,0,0,0,True,False,False,False,False,False,False,False,False,False,False,True,False,64,1072.0,24,1.0,1,1.0897774291997973,1.1940766832221077
837,1977,54809.0,1,1.0,0,0,63,6,57,13.0,13,22.0,4,2,1,5,4,0,0,0,0,0,0,False,False,False,False,False,False,False,False,True,False,False,False,False,48,174.0,8,2.0,0,-1.1298077521617598,0.6948734927135098
9500,1959,58113.0,0,1.0,66,1,221,81,169,102.0,78,84.0,3,9,2,8,7,0,0,0,0,0,0,False,False,True,False,False,False,False,False,True,False,False,False,False,66,758.0,19,1.0,1,0.34636931832515566,1.250788337971479
3602,1958,52266.03129314312,0,1.0,42,0,140,3,29,4.0,5,14.0,2,3,2,4,4,0,0,0,0,0,0,False,False,False,True,False,False,False,False,True,False,False,False,False,67,195.0,9,1.0,0,-0.2348233242680706,-0.06736760961196392
234,1979,15287.0,1,0.0,60,0,1,2,8,4.0,3,13.0,2,1,1,2,7,0,0,1,0,0,1,False,False,True,False,False,False,False,True,False,False,False,False,False,46,31.0,4,1.0,0,-2.2332387619116156,-1.06831991701703
2995,1957,66636.0,0,0.0,64,0,291,10,556,84.0,10,0.0,1,3,4,9,1,0,0,0,0,0,0,False,False,False,True,False,False,False,False,False,False,True,False,False,68,1084.0,16,0.0,1,2.3910358017626936,-0.6201465744454894
1118,1956,50965.0,0,1.0,87,0,544,13,85,8.0,6,29.0,3,10,4,5,8,0,0,1,0,0,0,False,False,False,True,False,False,False,False,True,False,False,False,False,69,685.0,19,1.0,0,-0.022333900349767656,1.3859072153066645
7789,1965,84618.0,0,0.0,96,0,684,81,556,21.0,66,0.0,1,6,9,10,2,0,0,0,0,1,0,False,False,False,False,True,False,False,False,True,False,False,False,False,60,1672.0,25,0.0,1,3.6127154764365184,-0.06354122715662112
3068,1990,18351.0,0,0.0,1,0,1,12,9,0.0,14,7.0,1,2,0,3,7,0,0,0,0,0,0,False,False,True,False,False,False,False,False,True,False,False,False,False,35,43.0,5,0.0,0,-1.6041110577768567,-2.501507119784935
8955,1957,40451.0,0,2.0,54,0,35,0,4,0.0,0,10.0,1,1,1,2,5,0,0,1,0,0,0,False,False,False,False,True,False,False,False,False,False,True,False,False,68,49.0,4,2.0,0,-1.4847535042612476,-0.14738269717046612
945,1965,36317.0,0,1.0,53,0,87,3,25,3.0,2,13.0,2,3,0,4,7,0,0,0,0,0,0,False,False,True,False,False,False,False,False,False,False,True,False,False,60,133.0,7,1.0,0,-1.3600729368990185,-0.2879692439013329
5644,1957,42213.0,0,1.0,96,0,309,3,24,4.0,3,20.0,2,5,1,7,7,0,0,0,1,0,0,False,False,True,False,False,False,False,False,False,False,True,False,False,68,363.0,13,1.0,0,-0.5836985108630215,0.42369726515129735
7192,1955,65748.0,0,1.0,58,1,172,73,93,95.0,78,34.0,2,2,4,10,1,0,0,0,0,0,0,False,False,True,False,False,False,False,False,False,False,True,False,False,70,545.0,16,1.0,1,1.3517734284585197,0.34306553146068736
2324,1972,77044.0,0,1.0,12,0,625,38,242,50.0,34,76.0,2,7,10,11,4,0,0,1,0,0,0,False,False,True,False,False,False,False,False,False,False,True,False,False,53,1065.0,29,1.0,1,2.1618051260424167,0.7371456354435704
697,1969,74918.0,0,0.0,78,0,972,59,556,25.0,19,59.0,1,5,9,6,3,0,0,0,0,1,0,False,False,True,False,False,False,False,False,False,False,True,False,False,56,2047.0,20,0.0,1,3.16685925779099,-0.3640741025572778
3439,1972,56721.0,1,1.0,64,0,157,6,39,6.0,13,75.0,5,4,1,5,6,0,0,0,0,0,0,False,False,True,False,False,False,False,False,True,False,False,False,False,53,296.0,10,2.0,0,-1.2567782589666412,1.6995971349587193
1506,1975,52266.03129314312,1,1.0,26,0,48,9,45,3.0,15,20.0,4,2,1,4,6,0,0,0,0,0,1,False,False,True,False,False,False,False,False,False,True,False,False,False,50,140.0,7,2.0,0,-1.603558211828238,0.8802637943228335
232,1965,61559.0,0,1.0,8,0,279,81,88,32.0,14,34.0,1,4,2,10,3,0,0,0,0,0,0,False,False,True,False,False,False,False,False,False,True,False,False,False,60,530.0,16,1.0,1,0.8996151236829099,-0.40472750695539234
8876,1963,33629.0,1,0.5063752276867031,49,0,132,0,16,0.0,0,4.0,5,3,1,4,9,0,0,0,0,0,0,False,False,False,False,True,False,False,False,False,False,True,False,False,62,152.0,8,1.506375227686703,0,-2.246795023602393,1.597026991699274
4500,1991,68682.0,0,0.0,56,0,919,0,505,99.0,30,45.0,1,4,9,10,2,0,0,0,0,0,0,False,False,False,False,True,False,False,False,False,False,True,False,False,34,1598.0,23,0.0,1,2.827748921536454,-1.2265045759780726
9739,1963,34377.0,0,1.0,55,0,62,0,22,3.0,1,26.0,2,2,2,2,7,0,0,0,0,0,0,False,False,True,False,False,False,False,False,False,True,False,False,False,62,114.0,6,1.0,0,-1.4653017413710558,-0.2838118433233247
10395,1986,8940.0,1,0.5063752276867031,25,0,1,45,3,4.0,6,42.0,3,3,1,3,8,0,0,0,0,0,0,False,True,False,False,False,False,False,False,False,True,False,False,False,39,101.0,7,1.506375227686703,0,-2.736805163918515,-0.42894721591252266
1176,1973,26228.0,1,0.0,50,0,2,6,4,3.0,1,9.0,1,1,0,2,8,0,0,0,0,0,0,False,False,True,False,False,False,False,False,True,False,False,False,False,52,25.0,3,1.0,0,-2.0669787150941845,-1.2191770766669328
1627,1957,77297.0,0,0.0,84,0,408,61,109,48.0,81,41.0,1,5,7,9,4,1,0,0,0,0,0,True,False,False,False,False,False,False,True,False,False,False,False,False,68,789.0,21,0.0,1,2.191705170799706,-0.12138809689580318
938,1981,40211.0,1,1.0,30,0,51,1,7,2.0,1,25.0,2,2,1,2,8,0,0,1,0,0,0,False,False,True,False,False,False,False,False,True,False,False,False,False,44,87.0,5,2.0,0,-2.2369829447573446,-0.25676409939771067
2740,1958,33438.0,1,1.0,81,0,62,1,16,3.0,2,6.0,4,2,1,4,5,0,0,0,0,0,0,False,False,False,False,True,False,False,False,False,False,False,True,False,67,90.0,7,2.0,0,-1.7477324455698728,1.2988640494361854
257,1959,75032.0,0,1.0,74,0,952,12,180,47.0,12,12.0,2,5,4,9,3,0,0,0,0,0,0,False,False,False,False,True,False,False,False,True,False,False,False,False,66,1215.0,18,1.0,1,1.856810594012044,0.7135687589834938
4058,1955,61284.0,0,0.0,76,0,618,15,106,20.0,7,45.0,1,11,2,8,6,0,0,0,1,0,0,False,False,False,False,True,False,False,False,False,True,False,False,False,70,811.0,21,0.0,1,1.5016091055396292,-0.038450342770485035
7736,1986,22518.0,1,0.0,36,0,11,7,12,2.0,2,27.0,2,2,1,2,5,0,0,1,0,0,1,False,False,True,False,False,False,False,False,True,False,False,False,False,39,61.0,5,1.0,0,-1.6949539360956785,-1.38044942969116
8210,1975,54730.0,0,1.0,64,0,318,3,17,4.0,7,56.0,5,4,1,8,4,0,0,0,0,0,0,False,False,False,True,False,False,False,False,True,False,False,False,False,50,405.0,13,1.0,0,-0.21383748901092123,1.0008584564261713
833,1955,38452.0,1,1.0,62,0,56,0,14,0.0,0,2.0,3,3,0,3,7,0,0,0,0,0,0,False,False,False,True,False,False,False,False,True,False,False,False,False,70,72.0,6,2.0,0,-1.931854584018,1.0593390524876882
6230,1971,44421.0,1,1.0,53,0,110,5,59,7.0,1,7.0,5,5,0,4,8,0,0,0,0,0,0,False,False,True,False,False,False,False,True,False,False,False,False,False,54,189.0,9,2.0,0,-2.0364878350619757,1.6967920554918257
7325,1986,38197.0,1,0.0,86,0,23,0,11,2.0,1,3.0,1,1,0,3,5,0,0,0,0,0,0,False,False,False,False,True,False,False,False,False,False,True,False,False,39,40.0,4,1.0,0,-1.2874662049511219,-1.6738742370736026
1307,1978,41986.0,0,1.0,15,0,27,5,8,8.0,3,12.0,3,3,0,4,4,0,0,0,0,0,0,False,False,True,False,False,False,False,True,False,False,False,False,False,47,63.0,7,1.0,0,-0.9874173066026722,-0.5315548719914587
1502,1983,28427.0,1,0.0,67,0,18,3,19,3.0,3,6.0,2,2,0,3,8,0,0,0,0,0,0,False,False,True,False,False,False,False,False,False,False,True,False,False,42,52.0,5,1.0,0,-2.0547317789021573,-0.960288503318918
6211,1976,37395.0,1,0.0,47,0,18,0,9,0.0,1,11.0,1,1,0,3,6,0,0,0,0,0,0,False,False,False,False,True,False,False,False,False,False,True,False,False,49,39.0,4,1.0,0,-1.410115677430315,-1.3371035114692515
843,1971,64722.0,1,0.0,47,0,303,0,280,60.0,81,15.0,4,8,2,11,6,0,0,0,0,0,0,False,False,True,False,False,False,False,False,True,False,False,False,False,54,805.0,21,1.0,1,0.6243952654410571,1.3488205803675266
4174,1956,55249.0,0,1.0,81,0,97,1,19,2.0,0,11.0,1,2,1,4,3,0,0,0,0,0,0,False,False,False,True,False,False,False,False,False,False,True,False,False,69,130.0,7,1.0,0,-0.03215605114851741,-0.5438228177801504
9757,1972,84906.0,0,0.0,98,0,997,15,414,99.0,30,76.0,1,5,6,12,2,0,1,0,1,1,0,False,False,True,False,False,False,False,False,False,False,True,False,False,53,1631.0,23,0.0,1,3.4040119718277158,-0.3914964904973349
6918,1989,28691.0,1,0.0,56,0,5,4,13,8.0,0,4.0,1,1,0,3,8,0,0,0,0,0,0,False,False,True,False,False,False,False,False,True,False,False,False,False,36,34.0,4,1.0,0,-2.0724867053457086,-1.6732200563038746
286,1952,44213.0,1,1.0,48,0,95,11,35,0.0,4,7.0,4,2,1,5,6,0,0,0,0,0,0,False,False,True,False,False,False,False,False,False,True,False,False,False,73,152.0,8,2.0,0,-1.5196027318414407,1.6647166739063401
11086,1984,25707.0,1,0.0,18,0,1,6,2,3.0,6,3.0,1,1,0,3,7,0,0,0,0,0,0,False,True,False,False,False,False,False,False,False,True,False,False,False,41,21.0,4,1.0,0,-1.9474299629344556,-1.6712308214939835
1921,1967,59062.0,2,1.0,74,0,46,1,12,3.0,0,9.0,2,2,0,3,4,0,0,0,0,0,0,False,False,False,False,True,False,False,False,True,False,False,False,False,58,71.0,5,2.5,0,-1.2261026705216838,0.42179914444654404
4138,1962,76624.0,0,1.0,68,0,411,81,147,54.0,81,66.0,1,5,10,7,1,0,0,1,0,0,0,False,False,True,False,False,False,False,False,False,True,False,False,False,63,899.0,22,1.0,1,2.315101734011139,0.12428687436425229
7718,1947,66000.0,0,0.0,36,0,244,51,270,101.0,0,45.0,1,1,3,5,1,0,0,0,0,0,0,False,False,False,True,False,False,False,False,False,False,True,False,False,78,711.0,9,0.0,1,1.7143975770956033,-0.7487335603434796
1291,1978,27683.0,1,0.0,90,0,152,9,121,12.0,12,45.0,4,6,2,4,8,0,0,0,0,0,0,False,False,False,False,True,False,False,False,False,False,True,False,False,47,351.0,12,1.0,0,-1.5589617938572486,0.5249925045089331
6862,1971,1730.0,0,0.0,65,0,1,1,3,1.0,1,1.0,6,0,0,0,13,0,0,0,0,0,0,False,False,True,False,False,False,False,True,False,False,False,False,False,54,8.0,0,0.0,0,-3.731929504244286,0.5570186661417584
4136,1992,7500.0,1,0.0,63,0,10,17,18,8.0,26,40.0,4,3,2,2,9,0,0,0,0,0,0,False,True,False,False,False,False,False,False,False,True,False,False,False,33,119.0,7,1.0,0,-2.8273802226744684,-0.3518230717912785
803,1968,40521.0,1,1.0,82,0,12,0,5,0.0,0,4.0,1,0,1,2,5,0,0,0,0,0,0,False,False,True,False,False,False,False,False,False,False,True,False,False,57,21.0,3,2.0,0,-1.6513757039102854,-0.5185430004640903
4298,1973,20427.0,1,0.0,63,0,5,0,4,0.0,0,1.0,1,1,0,2,8,0,0,0,0,0,0,False,False,False,False,True,False,False,False,False,False,True,False,False,52,10.0,3,1.0,0,-2.210046346667666,-1.2472321379192903
10833,1975,65106.0,0,1.0,55,0,790,19,133,12.0,0,19.0,3,8,3,13,6,0,0,0,1,0,0,False,False,True,False,False,False,False,False,True,False,False,False,False,50,973.0,24,1.0,1,1.0311654391092715,0.9618123820143198
9606,1965,69969.0,0,0.0,64,0,882,29,514,38.0,29,44.0,1,4,2,6,3,1,0,0,0,1,1,False,False,False,False,False,False,False,False,True,False,False,False,False,60,1536.0,12,0.0,1,2.1700091522840235,-0.7819324692101974
8534,1952,67433.0,0,2.0,51,0,615,28,259,12.0,48,30.0,4,6,5,13,4,0,0,0,1,0,0,False,False,True,False,False,False,False,False,True,False,False,False,False,73,992.0,24,2.0,1,1.0454185686571016,2.6354727987618016
5153,1967,77766.0,0,1.0,97,0,1004,59,265,115.0,59,27.0,2,11,10,11,6,0,0,1,0,0,1,False,False,False,False,True,False,False,False,True,False,False,False,False,58,1529.0,32,1.0,1,2.459468499237317,1.4474336191248864
961,1972,74716.0,0,1.0,92,0,133,27,421,13.0,81,71.0,2,7,3,5,4,0,0,0,0,0,0,False,False,True,False,False,False,False,False,True,False,False,False,False,53,860.0,15,1.0,1,1.0971928616169764,0.16134142715063318
5011,1963,68118.0,0,1.0,51,0,595,23,123,10.0,23,126.5,2,8,9,4,6,0,0,0,0,0,0,False,False,True,False,False,False,False,True,False,False,False,False,False,62,928.0,21,1.0,1,1.0842316638794764,0.7816090325123148
6653,1970,55158.0,1,1.0,72,0,293,0,87,4.0,11,23.0,4,7,2,5,7,0,0,0,0,0,1,False,False,False,False,True,False,False,False,True,False,False,False,False,55,418.0,14,2.0,0,-0.9951445273862879,1.606050744197033
9094,1955,62972.0,0,1.0,39,0,313,15,47,20.0,0,126.5,2,7,4,3,6,0,0,0,0,0,1,True,False,False,False,False,False,False,False,True,False,False,False,False,70,587.0,14,1.0,1,0.3168392720283905,0.5850488682166025
810,1975,74190.0,0,1.0,49,0,151,81,86,120.5,81,64.0,2,4,2,11,2,0,0,0,0,0,0,False,False,True,False,False,False,False,False,True,False,False,False,False,50,641.0,17,1.0,1,1.3428502573471115,-0.12490839742027793
5493,1976,39356.0,1,1.0,21,0,15,0,2,0.0,0,6.0,1,1,0,2,6,0,0,1,0,0,0,False,False,True,False,False,False,False,False,True,False,False,False,False,49,23.0,3,2.0,0,-1.9376165954656257,-0.8172887416975698
2147,1969,76653.0,0,0.0,91,0,736,63,556,120.5,81,126.0,1,4,7,11,2,1,0,0,0,1,0,False,False,True,False,False,False,False,False,False,False,True,False,False,56,2279.0,22,0.0,1,3.6983763990472056,-0.2568888012518174
5107,1973,35860.0,1,1.0,37,0,15,0,8,4.0,2,20.0,2,1,1,2,5,0,0,1,0,0,0,False,False,False,False,True,False,False,True,False,False,False,False,False,52,49.0,4,2.0,0,-1.837250612723526,-0.29444894391837484
3979,1983,90687.0,0,0.0,98,0,982,17,556,23.0,34,51.0,1,6,2,8,2,0,0,0,0,1,1,False,False,False,False,True,False,False,True,False,False,False,False,False,42,1779.0,16,0.0,1,3.131843838923648,-0.994483128520509
6049,1982,73450.0,0,0.0,85,0,1142,51,415,90.0,69,37.0,1,7,8,11,3,1,0,1,0,0,0,False,False,False,True,False,False,False,False,False,False,True,False,False,43,1804.0,26,0.0,1,3.2013775992260416,-0.5808834342884828
8147,1960,31454.0,1,1.0,40,0,28,0,11,0.0,0,9.0,3,2,0,3,8,0,0,0,0,0,0,False,False,True,False,False,False,False,False,True,False,False,False,False,65,48.0,5,2.0,0,-2.3997238351239423,0.8260842925894089
1857,1952,47139.0,1,1.0,2,0,46,0,12,0.0,2,23.0,2,2,1,2,7,0,0,0,0,0,1,False,False,True,False,False,False,False,False,False,True,False,False,False,73,83.0,5,2.0,0,-1.6699564784189205,0.6383526506607576
3910,1975,83829.0,0,0.0,78,0,897,81,430,120.5,81,27.0,0,4,7,6,1,1,0,1,0,1,1,False,False,True,False,False,False,False,True,False,False,False,False,False,50,1862.0,17,0.0,1,3.4438376333799483,-1.2730258227378122
5207,1963,53378.0,1,1.0,41,0,489,6,152,8.0,6,126.5,6,9,4,6,8,0,0,0,0,0,1,False,False,False,False,True,False,False,False,True,False,False,False,False,62,793.0,19,2.0,0,-0.7608249287061328,3.063657063932748
11114,1970,19656.0,1,0.0,94,0,25,4,9,6.0,8,32.0,3,2,1,3,7,0,0,0,0,0,0,False,False,True,False,False,False,False,False,False,False,True,False,False,55,84.0,6,1.0,0,-1.985026919778333,-0.12764299740970259
5429,1948,45579.0,0,1.0,10,0,145,1,33,2.0,1,1.0,1,4,1,4,6,0,0,0,0,0,0,False,False,False,False,True,False,False,False,True,False,False,False,False,77,183.0,9,1.0,0,-0.5695558476373992,-0.14087520716111077
9400,1958,85485.0,0,0.0,73,0,630,26,556,44.0,18,54.0,1,6,6,6,2,0,0,0,0,0,0,True,False,False,False,False,False,False,False,False,True,False,False,False,67,1383.0,18,0.0,1,3.015565734877963,-0.2513286477282537
1740,1944,55956.0,0,0.0,22,0,760,38,104,50.0,9,38.0,2,7,3,4,4,0,0,0,1,0,0,False,False,False,False,False,False,False,False,True,False,False,False,False,81,999.0,14,0.0,1,1.4143850123007302,0.2202208475786094
7488,1963,64191.0,0,1.0,30,0,420,15,186,120.5,38,15.0,3,5,3,13,3,0,0,0,0,0,0,False,False,False,True,False,False,False,False,False,True,False,False,False,62,825.0,21,1.0,1,1.3210848690501265,0.9137343760563986
195,1972,38808.0,1,0.0,21,0,125,17,52,3.0,19,30.0,4,5,1,4,8,0,0,1,0,0,1,False,False,True,False,False,False,False,False,False,True,False,False,False,53,246.0,10,1.0,0,-1.4805755124003421,0.5822374975220428
635,1966,57183.0,1,1.0,51,0,464,5,64,7.0,0,70.0,6,9,1,7,8,0,0,0,0,0,0,False,False,False,True,False,False,False,False,True,False,False,False,False,59,610.0,17,2.0,0,-0.9668856581020546,2.8748104639387644
7527,1968,23748.0,1,0.0,97,0,6,6,29,12.0,15,8.0,3,2,1,3,8,0,0,0,0,0,0,False,False,False,True,False,False,False,True,False,False,False,False,False,57,76.0,6,1.0,0,-2.053535873881461,0.04910900254730032
10319,1971,66303.0,0,1.0,56,0,1090,12,96,16.0,12,60.0,4,3,4,11,8,0,0,0,1,0,0,False,False,True,False,False,False,False,False,True,False,False,False,False,54,1286.0,18,1.0,1,0.5179992192258346,1.5061159322439266
2296,1975,37368.0,1,0.0,4,0,3,2,11,2.0,2,10.0,1,1,0,2,6,0,0,1,0,0,0,False,False,False,True,False,False,False,False,True,False,False,False,False,50,30.0,3,1.0,0,-1.4850412295458084,-1.4222206780698023
10637,1964,40800.0,1,2.0,77,1,24,0,27,8.0,30,10.0,2,3,0,3,7,0,0,0,0,0,0,False,False,True,False,False,False,False,False,True,False,False,False,False,61,99.0,6,2.5,0,-2.064673100674634,0.6604599520469668
2931,1978,71847.0,0,0.0,95,0,737,21,106,55.0,63,126.5,0,6,7,9,3,1,0,0,0,0,0,False,False,True,False,False,False,False,True,False,False,False,False,False,47,1192.0,22,0.0,1,2.5625997672874536,-1.2231036312913992
907,1975,46149.0,0,1.0,36,0,254,6,71,4.0,0,27.0,5,5,1,7,5,0,0,0,0,0,0,False,False,True,False,False,False,False,False,True,False,False,False,False,50,362.0,13,1.0,0,-0.6318364475032033,0.9522874454010768
3698,1983,78687.0,0,0.0,13,0,817,81,556,120.5,55,126.5,1,4,6,8,2,0,0,0,0,1,1,False,False,True,False,False,False,False,False,False,False,True,False,False,42,2130.0,18,0.0,1,3.2351817346258436,-1.0516218644213877
9516,1971,49118.0,0,0.0,90,0,620,54,239,99.0,81,119.0,2,9,7,10,7,0,1,0,1,0,1,True,False,False,False,False,False,False,True,False,False,False,False,False,54,1229.0,26,0.0,1,1.4569253459348688,0.21009885978816392
679,1957,37633.0,1,1.0,49,0,13,4,20,0.0,0,1.0,2,1,0,3,9,0,0,0,0,0,0,False,False,False,False,True,False,False,False,True,False,False,False,False,68,38.0,4,2.0,0,-2.3667179930570743,0.5682584200344082
7384,1951,39767.0,0,0.0,18,0,113,61,204,34.0,26,47.0,2,7,1,7,8,0,0,0,0,0,0,False,False,False,True,False,False,False,False,False,False,True,False,False,74,485.0,15,0.0,0,-0.07625951236547822,0.07567038810388031
5043,1951,26997.0,0,0.0,89,0,7,23,78,120.5,49,126.5,2,4,2,5,7,0,0,0,0,0,0,False,True,False,False,False,False,False,False,True,False,False,False,False,74,434.0,11,0.0,0,-0.4660692674889157,-0.17879535166665544
5267,1970,33986.0,1,0.0,43,0,16,2,18,2.0,1,5.0,1,1,0,3,7,0,0,0,0,0,0,False,False,True,False,False,False,False,True,False,False,False,False,False,55,44.0,4,1.0,0,-1.6112125216704047,-1.0949422932374349
339,1972,57091.0,0,1.0,82,0,462,0,24,6.0,0,4.0,2,9,2,5,7,0,0,0,1,0,1,False,False,False,False,True,False,False,False,True,False,False,False,False,53,496.0,16,1.0,0,-0.0735665438938867,0.1891749146107902
2516,1969,46831.0,1,1.0,84,0,22,2,10,6.0,4,34.0,2,1,2,2,4,0,0,0,0,0,0,True,False,False,False,False,False,False,False,True,False,False,False,False,56,78.0,5,2.0,0,-1.2735585165503645,-0.02101935833667164
9010,1972,83151.0,0,0.0,80,0,968,81,556,120.5,42,126.5,1,5,7,10,2,1,0,1,0,1,1,False,False,False,True,False,False,False,False,True,False,False,False,False,53,2346.0,22,0.0,1,3.8753099806668487,-0.30704136963859263
378,1971,52531.0,0,0.0,68,0,283,81,151,51.0,72,125.0,2,7,2,10,6,0,0,0,0,0,0,False,False,True,False,False,False,False,False,True,False,False,False,False,54,794.0,19,0.0,1,0.9171650257976953,-0.2989168241351606
4808,1956,15759.0,0,0.0,12,0,1,2,5,6.0,0,3.0,1,1,0,2,7,0,0,0,0,0,0,False,False,False,False,False,False,False,False,True,False,False,False,False,69,17.0,3,0.0,0,-1.521425265523178,-1.4730018551465112
5068,1971,22804.0,1,0.0,75,0,14,1,7,2.0,1,1.0,1,2,0,2,9,0,0,0,0,0,0,False,False,True,False,False,False,False,False,False,True,False,False,False,54,26.0,4,1.0,0,-2.234128814292915,-1.0178386861862638
7628,1973,43050.0,1,0.0,10,0,30,5,24,6.0,3,8.0,2,2,0,4,5,0,0,0,0,0,0,True,False,False,False,False,False,False,False,True,False,False,False,False,52,76.0,6,1.0,0,-1.0423126602983692,-0.7805860194929367
7128,1977,42997.0,1,1.0,91,0,4,0,5,0.0,1,5.0,1,1,0,2,7,0,0,0,0,0,0,False,False,False,False,True,False,False,False,False,True,False,False,False,48,15.0,3,2.0,0,-2.021013064162147,-0.6341194472926974
2811,1963,48918.0,1,1.0,21,0,52,0,9,0.0,0,1.0,2,1,0,4,4,0,0,0,0,0,0,False,False,False,False,True,False,False,False,False,True,False,False,False,62,62.0,5,2.0,0,-1.2072257489302076,0.08767488660925563
3551,1954,60033.0,0,1.0,28,0,62,1,57,19.0,11,48.0,2,2,1,5,2,0,0,0,0,0,0,False,False,False,True,False,False,False,False,False,False,True,False,False,71,198.0,8,1.0,0,0.26512641234029366,-0.09160934957273802
1663,1978,34043.0,1,0.0,97,0,20,2,14,3.0,0,10.0,1,2,0,2,9,0,0,0,0,0,0,False,False,False,False,True,False,False,False,False,False,True,False,False,47,49.0,4,1.0,0,-2.0058944753279286,-1.1201377173267328
5543,1966,57811.0,0,1.0,49,0,545,7,114,37.0,21,78.0,5,7,2,11,5,0,0,0,1,0,0,False,False,True,False,False,False,False,False,False,False,True,False,False,59,802.0,20,1.0,1,0.5100946557285713,1.79000995896068
1577,1946,78569.0,0,0.0,14,0,558,79,556,120.5,81,95.0,1,4,6,4,1,0,0,0,0,1,1,False,False,True,False,False,False,False,False,True,False,False,False,False,79,1736.0,14,0.0,1,3.1497906980386348,-0.17603367069733705
10641,1978,7500.0,1,1.0,5,0,6,5,4,13.0,4,25.0,4,2,1,3,6,0,0,0,0,0,0,False,False,True,False,False,False,False,False,False,True,False,False,False,47,57.0,6,2.0,0,-2.805784502091689,0.32817581759350045
5336,1971,116059.5,1,0.0,37,0,39,1,9,2.0,0,8.0,0,1,0,1,1,0,0,0,0,0,0,False,False,False,True,False,False,False,False,False,False,True,False,False,54,59.0,2,1.0,1,1.3312635257218872,-1.4783930021579967
6024,1953,94384.0,0,0.0,62,0,1111,24,556,120.5,45,126.5,0,5,8,5,2,1,0,0,1,1,1,False,False,True,False,False,False,False,False,False,False,True,False,False,72,2302.0,18,0.0,1,4.112633225696092,-0.2584481325817321
1878,1985,23148.0,0,0.0,83,0,4,6,8,6.0,3,10.0,1,2,0,3,7,0,0,0,0,0,0,True,False,False,False,False,False,False,False,True,False,False,False,False,40,37.0,5,0.0,0,-1.4301469202707633,-2.165182875219513
3099,1970,44267.0,1,1.0,48,0,183,5,65,3.0,5,49.0,5,5,2,4,9,0,0,0,0,0,0,False,False,True,False,False,False,False,True,False,False,False,False,False,55,310.0,11,2.0,0,-1.9858657793229204,1.9163393812403111
6055,1979,71626.0,0,0.0,94,0,546,72,376,94.0,81,72.0,1,5,5,8,3,0,0,0,1,0,0,False,False,True,False,False,False,False,False,True,False,False,False,False,46,1305.0,18,0.0,1,2.2856835413469647,-0.9668165028524108
5841,1966,60894.0,0,1.0,61,0,606,7,155,10.0,0,54.0,5,10,3,8,7,0,0,0,0,0,0,False,False,True,False,False,False,False,False,False,False,True,False,False,59,832.0,21,1.0,1,0.32215238104364435,2.0371650633730143
3972,1976,50200.0,1,1.0,70,0,266,6,51,8.0,6,64.0,6,7,1,5,8,0,0,0,0,0,0,False,False,True,False,False,False,False,False,False,False,True,False,False,49,401.0,13,2.0,0,-1.6249414793864434,2.28588467720903
4394,1965,81051.0,0,0.0,43,0,1142,29,249,38.0,29,14.0,1,5,5,12,2,0,0,0,1,1,0,False,False,False,False,True,False,False,False,True,False,False,False,False,60,1501.0,22,0.0,1,3.188481454066616,-0.35656176336629064
5758,1982,65169.0,0,0.0,23,0,1074,0,69,0.0,0,46.0,1,10,4,13,6,1,1,1,0,1,1,False,False,True,False,False,False,False,False,True,False,False,False,False,43,1189.0,27,0.0,1,2.0283396470419013,-0.6253381574334458
6658,1972,59868.0,0,1.0,37,0,771,51,154,54.0,10,126.5,6,11,2,12,6,0,0,0,0,0,0,False,False,True,False,False,False,False,False,False,False,True,False,False,53,1194.0,25,1.0,1,0.8508642501077088,2.4336297903287445
4603,1960,65695.0,0,1.0,50,0,371,32,189,0.0,58,6.0,2,5,4,10,4,0,0,0,0,0,0,False,False,False,False,True,False,False,False,True,False,False,False,False,65,656.0,19,1.0,1,1.0577606455325428,0.5529313518520119
8427,1956,52266.03129314312,0,0.0,78,0,556,14,556,120.5,0,43.0,1,7,5,10,4,0,0,0,0,0,0,False,False,False,True,False,False,False,False,False,True,False,False,False,69,1540.0,22,0.0,1,2.2870417992105203,-0.06743055956861269
10260,1965,45143.0,0,1.0,74,0,202,5,74,11.0,5,14.0,3,6,1,5,7,0,0,0,0,0,0,False,False,False,True,False,False,False,False,False,False,True,False,False,60,311.0,12,1.0,0,-0.8000341355997322,0.534973255803075
7143,1955,74805.0,0,1.0,14,0,209,81,209,41.0,81,37.0,5,4,7,10,2,0,0,0,0,0,0,True,False,False,False,False,False,False,False,False,False,True,False,False,70,820.0,21,1.0,1,1.5879801538017368,2.0560830676828123
8789,1989,59060.0,1,0.0,77,0,35,40,111,36.0,40,12.0,3,3,1,7,4,0,0,0,0,0,0,True,False,False,False,False,False,False,False,True,False,False,False,False,36,274.0,11,1.0,0,-0.24386905423900992,-0.42725673318234286
6197,1962,27238.0,1,1.0,39,0,37,0,17,0.0,0,3.0,3,3,0,3,9,0,0,0,0,0,0,False,False,False,False,True,False,False,False,False,True,False,False,False,63,57.0,6,2.0,0,-2.620358745417449,0.8478594700786405
4554,1965,47009.0,0,1.0,89,0,171,45,73,59.0,10,90.0,4,3,2,8,4,0,0,0,0,0,0,False,False,True,False,False,False,False,False,False,False,True,False,False,60,448.0,13,1.0,0,-0.16062507682555113,0.8753520857730587
4937,1973,46094.0,1,1.0,62,0,12,2,20,3.0,2,5.0,1,1,0,3,7,0,0,0,0,0,0,True,False,False,False,False,False,False,False,True,False,False,False,False,52,44.0,4,2.0,0,-1.838861291530619,-0.4717462920915633
1920,1972,40321.0,1,1.0,59,0,44,4,21,6.0,0,27.0,2,3,0,3,7,0,0,0,0,0,0,False,False,True,False,False,False,False,False,True,False,False,False,False,53,102.0,6,2.0,0,-1.900950419360123,0.06428196061591912
8749,1984,37235.0,1,0.0,68,0,20,2,9,4.0,6,20.0,1,1,1,2,4,0,0,0,0,0,0,False,False,True,False,False,False,False,False,False,False,True,False,False,41,61.0,4,1.0,0,-1.106750607373136,-1.7145956412504666
1650,1960,81843.0,0,0.0,13,0,779,81,537,34.0,69,126.5,1,5,9,12,3,0,0,0,0,0,0,False,False,False,True,False,False,False,False,True,False,False,False,False,65,1643.0,26,0.0,1,3.4280463407009663,0.05863629167443042
10377,1958,46692.0,0,1.0,37,0,170,6,97,24.0,12,88.0,3,6,1,5,6,0,0,0,0,0,0,False,False,False,True,False,False,False,False,False,False,True,False,False,67,397.0,12,1.0,0,-0.47220653316117217,0.664663827821337
9206,1968,77382.0,0,1.0,36,0,491,48,231,112.0,81,126.5,2,5,7,12,1,0,0,0,0,1,0,False,False,True,False,False,False,False,False,False,False,True,False,False,57,1121.0,24,1.0,1,2.4702914827089972,0.4717471778802111
10971,1977,37774.0,2,0.0,28,1,173,8,107,7.0,2,126.5,4,7,2,3,9,0,0,1,0,0,1,False,False,True,False,False,False,False,False,False,True,False,False,False,48,473.0,12,2.0,0,-1.9010390207615075,1.237403133115563
6398,1974,18393.0,1,0.0,2,0,7,10,13,16.0,0,4.0,2,3,0,3,8,0,0,0,0,0,0,False,True,False,False,False,False,False,False,True,False,False,False,False,51,50.0,6,1.0,0,-2.1723923460465455,-0.8017199518935901
9212,1962,72828.0,0,1.0,17,0,1205,0,235,19.0,14,126.5,6,6,3,13,7,0,0,0,0,0,0,False,False,False,True,False,False,False,False,True,False,False,False,False,63,1678.0,22,1.0,1,1.2612386467004304,2.8905396877070832
7937,1982,52266.03129314312,0,0.0,86,0,10,7,25,6.0,3,7.0,1,3,0,3,7,0,0,0,0,0,0,False,False,True,False,False,False,False,False,True,False,False,False,False,43,58.0,6,0.0,0,-0.6477250067932449,-1.7807521401587776
839,1975,45503.0,1,0.0,54,0,97,4,44,6.0,1,18.0,1,3,1,4,5,0,0,0,0,0,0,False,False,False,False,True,False,False,False,True,False,False,False,False,50,170.0,8,1.0,0,-0.681601076571253,-1.0896184022442177
4246,1982,6560.0,0,0.0,2,0,67,11,26,4.0,3,126.5,0,1,0,1,13,0,0,0,0,0,0,False,False,False,True,False,False,False,False,False,True,False,False,False,43,373.0,2,0.0,0,-2.6725227036196064,-2.3808084776006337
158,1945,71604.0,0,0.0,3,0,345,53,528,98.0,75,97.0,1,8,3,5,4,0,0,1,0,0,1,False,False,False,False,True,False,False,False,False,False,True,False,False,80,1196.0,16,0.0,1,2.15440376420566,-0.029765538436762707
4832,1979,27244.0,1,0.0,84,0,6,5,17,3.0,24,46.0,2,2,2,2,7,0,0,0,0,0,0,False,False,True,False,False,False,False,False,True,False,False,False,False,46,101.0,6,1.0,0,-1.7667992323213062,-0.8267492482067151
5621,1969,48752.0,1,1.0,8,0,73,57,100,71.0,15,0.0,5,6,1,5,9,0,0,0,0,0,1,False,False,True,False,False,False,False,False,True,False,False,False,False,56,316.0,12,2.0,0,-1.8186122180254045,1.9665120050340952
1945,1962,71434.0,0,1.0,4,0,711,36,217,120.5,81,126.5,3,7,4,7,4,1,0,0,1,0,0,False,False,True,False,False,False,False,False,True,False,False,False,False,63,1400.0,18,1.0,1,1.5950298594999073,1.0391725876306612
5147,1948,90842.0,0,0.0,57,0,774,70,118,120.5,81,93.0,1,4,9,13,1,0,0,0,0,0,0,False,False,True,False,False,False,False,False,False,True,False,False,False,77,1424.0,26,0.0,1,3.9236712894907573,0.3962381145217075
2535,1978,88097.0,1,0.0,24,0,163,0,480,0.0,81,75.0,1,6,5,8,9,1,0,0,1,1,1,False,False,False,True,False,False,False,False,True,False,False,False,False,47,844.0,19,1.0,1,0.8044690830493819,0.06298873896508139
11039,1975,51948.0,0,1.0,51,0,82,33,54,71.0,30,41.0,2,5,2,4,5,0,0,0,0,0,0,False,False,True,False,False,False,False,False,True,False,False,False,False,50,311.0,11,1.0,0,-0.3385123803074343,-0.4248532576514943
9495,1982,71853.0,0,0.0,29,0,358,81,413,120.5,81,32.0,1,2,8,6,1,0,0,0,0,0,0,False,False,True,False,False,False,False,False,False,False,True,False,False,43,1149.0,16,0.0,1,2.34484756973571,-1.4502845810769778
9635,1983,35876.0,0,0.0,13,0,66,2,40,4.0,3,14.0,1,3,1,3,6,0,0,0,0,0,0,False,False,False,True,False,False,False,False,True,False,False,False,False,42,129.0,7,0.0,0,-0.7653886987094853,-2.0746987072988556
2173,1952,40049.0,0,1.0,23,0,13,6,7,0.0,3,3.0,1,1,0,3,6,0,0,0,0,0,0,False,False,True,False,False,False,False,False,False,False,False,True,False,73,32.0,4,1.0,0,-1.1604561744798145,-0.5605847289409269
942,1982,39660.0,1,0.0,36,0,139,13,78,20.0,13,36.0,3,7,1,3,9,0,0,0,0,0,1,False,False,True,False,False,False,False,False,False,True,False,False,False,43,299.0,11,1.0,0,-1.5032819419014911,-0.0326923709515382
9386,1962,50127.0,0,1.0,88,0,274,0,21,4.0,6,15.0,1,5,1,6,6,0,0,0,1,0,0,False,False,True,False,False,False,False,False,False,False,True,False,False,63,320.0,12,1.0,0,-0.25960608424749665,-0.27215863656842787
5510,1977,43263.0,0,1.0,2,0,262,6,61,0.0,10,102.0,3,5,2,6,5,0,0,0,0,0,0,False,False,False,True,False,False,False,False,True,False,False,False,False,48,441.0,13,1.0,0,-0.44931376642543197,-0.06907411212640778
873,1949,62845.0,1,1.0,3,0,1099,0,45,0.0,0,34.0,6,3,4,10,8,0,0,0,1,0,1,False,False,False,True,False,False,False,False,True,False,False,False,False,76,1178.0,17,2.0,0,-0.24708285595870497,3.5428231341593053
2253,1990,18929.0,0,0.0,15,0,32,0,8,23.0,4,18.0,1,1,0,4,6,0,0,0,0,0,0,False,False,True,False,False,False,False,False,True,False,False,False,False,35,85.0,5,0.0,0,-1.3773992825099242,-2.539076618493061
5181,1982,24367.0,1,0.0,58,0,2,4,2,0.0,11,5.0,1,1,0,2,9,0,0,0,0,0,0,False,True,False,False,False,False,False,False,False,True,False,False,False,43,24.0,3,1.0,0,-2.3588667504505736,-1.4445120920343961
979,1975,33249.0,1,0.0,11,0,6,10,21,19.0,14,42.0,2,2,1,3,6,0,0,0,0,0,0,False,False,True,False,False,False,False,False,False,True,False,False,False,50,112.0,6,1.0,0,-1.4324100770514725,-0.8385809931670696
10390,1959,26887.0,0,1.0,27,0,6,7,4,3.0,4,6.0,1,1,0,3,6,0,0,0,0,0,0,True,False,False,False,False,False,False,False,True,False,False,False,False,66,30.0,4,1.0,0,-1.5256136125031332,-0.8904868978119285
4698,1983,50150.0,0,0.0,32,0,135,46,92,65.0,61,11.0,2,5,2,7,5,0,0,0,0,0,0,False,False,False,False,True,False,False,False,True,False,False,False,False,42,410.0,14,0.0,0,0.3032879513520906,-1.1711300265679694
7793,1976,62061.0,0,1.0,12,0,641,7,84,0.0,30,38.0,3,10,4,7,6,0,0,0,1,0,0,False,False,True,False,False,False,False,False,False,False,True,False,False,49,800.0,21,1.0,1,0.6121690098218199,0.6555759248927724
1745,1962,85696.0,0,0.0,88,0,714,76,395,116.0,0,12.0,1,4,6,9,1,0,0,0,0,0,1,False,False,False,False,True,False,False,True,False,False,False,False,False,63,1313.0,19,0.0,1,3.171801168559505,-0.4044481380394408
10590,1956,76542.0,0,0.0,91,0,794,73,556,0.0,29,14.0,1,4,8,10,2,0,0,0,0,0,0,False,False,False,False,True,False,False,False,False,False,True,False,False,69,1483.0,22,0.0,1,3.159248899074498,-0.01924152015793321
5080,1993,70515.0,0,0.0,12,0,420,0,452,120.5,64,126.5,1,6,6,4,2,0,0,0,0,0,1,False,False,True,False,False,False,False,False,False,True,False,False,False,32,1258.0,16,0.0,1,2.1298296186703913,-1.7520904013337455
8369,1987,18227.0,1,0.0,21,0,1,2,7,4.0,3,11.0,1,0,1,2,8,0,0,0,0,0,0,False,False,True,False,False,False,False,False,False,False,True,False,False,38,28.0,3,1.0,0,-2.376885620327048,-1.7935141108772907
5232,1965,69139.0,0,1.0,23,0,86,12,75,33.0,15,6.0,1,4,1,5,4,0,0,0,0,0,0,False,False,True,False,False,False,False,False,True,False,False,False,False,60,227.0,10,1.0,0,0.2875680655664915,-0.5924567586122172
2407,1982,69109.0,0,0.0,10,0,823,25,459,120.5,29,95.0,1,6,6,7,4,0,0,0,0,1,1,False,False,True,False,False,False,False,False,True,False,False,False,False,43,1555.0,19,0.0,1,2.2659229709258795,-1.0421331661086521
3834,1962,69627.0,0,1.0,35,0,231,81,215,120.5,30,53.0,2,8,2,11,5,0,0,0,0,0,0,False,False,True,False,False,False,False,False,False,True,False,False,False,63,861.0,21,1.0,1,1.2433086796886492,0.7090914585807855
7912,1978,38136.0,1,0.0,69,0,8,15,27,0.0,20,33.0,2,3,1,2,8,0,0,1,0,0,0,False,False,True,False,False,False,False,False,True,False,False,False,False,47,103.0,6,1.0,0,-1.6829821662378015,-0.656653144771984
7712,1946,62159.0,0,0.0,68,0,182,17,259,77.0,70,29.0,1,6,2,10,4,0,0,0,0,0,0,False,False,False,False,True,False,False,False,False,True,False,False,False,79,634.0,18,0.0,1,1.6148991205201948,-0.07605184634589493
1065,1963,80695.0,0,0.0,85,0,557,81,556,120.5,37,18.0,1,5,8,5,2,0,0,0,0,0,0,False,False,True,False,False,False,False,False,False,True,False,False,False,62,1918.0,18,0.0,1,3.299790589357453,-0.30569029573494305
7275,1971,33316.0,1,1.0,34,0,79,1,31,4.0,4,12.0,3,2,1,4,6,0,0,0,0,0,0,False,False,False,True,False,False,False,False,False,True,False,False,False,54,131.0,7,2.0,0,-1.9092078361253033,0.42681133753525397
1343,1968,58554.0,1,1.0,55,0,368,24,68,38.0,0,88.0,6,8,2,6,7,0,0,0,0,0,0,False,False,True,False,False,False,False,False,False,False,True,False,False,57,586.0,16,2.0,0,-0.8571632654278822,2.6991450637290333
1384,1992,17256.0,1,0.0,10,0,6,4,14,8.0,8,22.0,2,2,1,2,8,0,0,1,0,0,0,False,True,False,False,False,False,False,False,True,False,False,False,False,33,62.0,5,1.0,0,-2.3994771143429072,-1.437714505025437
9967,1974,53034.0,1,1.0,30,0,160,15,196,15.0,11,50.0,6,6,1,7,8,0,0,0,0,0,0,False,False,True,False,False,False,False,True,False,False,False,False,False,51,447.0,14,2.0,0,-1.4552787069351938,2.3659443036865495
6181,1950,52203.0,0,0.0,36,0,488,21,238,56.0,81,28.0,1,8,7,11,6,0,0,0,0,0,0,True,False,False,False,False,False,False,False,False,False,True,False,False,75,939.0,26,0.0,1,1.7340396801368054,0.24969580608529057
10507,1977,59601.0,0,1.0,14,0,691,7,69,0.0,7,23.0,4,2,2,7,8,0,0,0,1,0,0,True,False,False,False,False,False,False,True,False,False,False,False,False,48,797.0,11,1.0,0,-0.5321416890371661,0.7477251115013211
2674,1958,75154.0,0,1.0,79,0,543,10,205,120.5,81,82.0,1,6,3,6,3,0,0,0,0,0,1,False,False,False,True,False,False,False,False,False,True,False,False,False,67,1143.0,15,1.0,1,1.7314098065988304,0.1536922579995716
2698,1976,47025.0,0,1.0,52,0,254,7,108,20.0,0,26.0,3,6,3,5,6,0,0,0,0,0,0,False,False,True,False,False,False,False,False,False,True,False,False,False,49,415.0,14,1.0,0,-0.47185604277492377,0.18997917746825213
3231,1973,37971.0,1,0.0,97,0,5,4,10,2.0,2,7.0,1,1,0,3,8,0,0,0,0,0,0,False,False,True,False,False,False,False,False,True,False,False,False,False,52,30.0,4,1.0,0,-1.7131762767553869,-1.0030570400766448
4096,1968,41335.0,1,0.5063752276867031,24,0,112,19,21,16.0,14,5.0,3,4,1,4,7,0,0,0,0,0,0,False,False,False,True,False,False,False,True,False,False,False,False,False,57,187.0,9,1.506375227686703,0,-1.4640997191617,0.4587716126566402
10476,1958,67267.0,0,1.0,0,0,134,11,59,15.0,2,30.0,1,3,2,5,2,0,0,0,0,0,0,False,False,True,False,False,False,False,False,True,False,False,False,False,67,251.0,10,1.0,1,0.6647648447591088,-0.5570300144799342
5948,1975,57338.0,0,1.0,96,0,143,6,52,11.0,8,17.0,2,4,1,5,5,0,0,0,0,0,0,False,False,True,False,False,False,False,False,False,True,False,False,False,50,237.0,10,1.0,0,-0.32129454439736616,-0.37239612764424124
9140,1960,50523.0,1,1.0,89,0,51,4,24,4.0,7,1.0,2,2,0,4,6,0,0,0,0,0,0,True,False,False,False,False,False,False,False,False,False,True,False,False,65,91.0,6,2.0,0,-1.3878995352490284,0.5140745867448282
10258,1965,35791.0,2,1.0,94,0,27,0,5,0.0,0,3.0,2,1,0,3,8,0,0,0,0,0,0,False,False,False,True,False,False,False,False,False,True,False,False,False,60,35.0,4,2.5,0,-2.535211857100413,0.5840770768620036
5675,1960,50611.0,0,1.0,98,0,459,0,24,6.0,0,4.0,6,4,5,7,6,0,0,0,1,0,0,False,False,False,False,True,False,False,True,False,False,False,False,False,65,493.0,16,1.0,0,-0.372102592297305,2.278321721009416
4743,1969,56242.0,0,1.0,72,0,689,8,167,11.0,8,88.0,5,8,4,11,6,0,0,0,0,0,0,False,False,False,False,True,False,False,False,True,False,False,False,False,56,971.0,23,1.0,1,0.6039552455278546,1.9686816164893775
8805,1960,48904.0,0,1.0,1,0,283,10,38,0.0,13,27.0,4,7,2,4,8,0,0,0,0,0,0,False,False,True,False,False,False,False,False,False,True,False,False,False,65,371.0,13,1.0,0,-0.8638527192999685,1.1944437859233246
1542,1975,56243.0,1,2.0,26,0,347,0,35,4.0,3,7.0,6,4,2,8,5,0,0,0,0,0,0,False,False,True,False,False,False,False,False,False,True,False,False,False,50,396.0,14,2.5,0,-1.1519777676924707,2.411736480523449
6770,1985,21355.0,1,0.0,5,0,5,13,14,0.0,5,31.0,2,2,1,2,6,0,0,1,0,0,1,False,False,True,False,False,False,False,False,True,False,False,False,False,40,68.0,5,1.0,0,-1.8924245902678964,-1.3302116519424871
8773,1971,57420.0,0,1.0,22,0,280,0,18,0.0,0,24.0,3,5,1,6,7,0,0,0,1,0,0,False,False,False,True,False,False,False,False,False,False,True,False,False,54,322.0,12,1.0,0,-0.571907849974297,0.35014574459175823
10475,1970,52266.03129314312,0,0.5063752276867031,39,0,187,5,65,26.0,20,14.0,2,4,2,6,5,0,0,0,0,0,0,False,False,False,False,False,False,False,False,False,False,True,False,False,55,317.0,12,0.5063752276867031,0,0.015876781374241263,-0.5233363521664139
10420,1955,46390.0,0,1.0,56,0,95,14,64,2.0,9,38.0,1,4,2,3,7,0,0,0,0,0,0,False,False,False,True,False,False,False,True,False,False,False,False,False,70,222.0,9,1.0,0,-0.7383502017188077,-0.20697135334093492
7514,1956,54342.0,1,1.0,74,0,84,10,34,11.0,10,28.0,4,3,1,4,6,0,0,0,0,0,0,False,False,False,False,False,False,False,False,False,False,True,False,False,69,177.0,8,2.0,0,-1.289197930682668,1.660272369738395
2902,1958,52266.03129314312,1,1.0,87,0,19,4,12,2.0,2,6.0,1,1,0,3,5,0,0,0,0,0,0,False,False,True,False,False,False,False,False,False,False,True,False,False,67,45.0,4,2.0,0,-1.2113525538351015,-0.03456802582600037
4345,1964,52266.03129314312,1,1.0,49,0,5,1,9,2.0,0,4.0,1,1,0,2,7,0,0,0,0,0,0,True,False,False,False,False,False,False,False,False,True,False,False,False,61,21.0,3,2.0,0,-1.7046603035147785,-0.19688458276094145
793,1973,20895.0,1,0.0,24,0,18,3,17,3.0,0,4.0,1,2,0,3,9,0,0,0,0,0,0,False,False,True,False,False,False,False,False,True,False,False,False,False,52,45.0,5,1.0,0,-2.233586908038968,-1.132409960550056
10909,1948,92344.0,0,0.0,9,0,992,24,556,51.0,19,119.0,0,5,10,5,1,0,0,1,0,1,0,False,False,True,False,False,False,False,False,True,False,False,False,False,77,1899.0,20,0.0,1,4.062915366171483,-0.27685938435853863
3769,1972,52266.03129314312,1,0.0,17,0,25,1,13,0.0,0,3.0,1,1,0,3,7,0,0,0,0,0,0,False,False,False,False,True,False,False,False,False,False,True,False,False,53,42.0,4,1.0,0,-1.2124505937170404,-1.060390821612118
8702,1976,26907.0,1,1.0,10,0,9,1,7,0.0,3,2.0,2,1,0,3,7,0,0,0,0,0,0,True,False,False,False,False,False,False,False,False,False,True,False,False,49,22.0,4,2.0,0,-2.450628115065471,-0.36481587107042307
4791,1980,44964.0,1,1.0,35,0,19,1,17,2.0,0,2.0,1,1,0,3,8,0,0,0,0,0,0,False,False,True,False,False,False,False,False,False,False,True,False,False,45,41.0,4,2.0,0,-2.109445663414121,-0.6826522128951671
2963,1979,75507.0,0,0.0,56,0,709,81,374,104.0,80,80.0,1,8,6,6,3,0,0,0,0,0,0,False,False,True,False,False,False,False,False,False,False,True,False,False,46,1440.0,20,0.0,1,2.5978018284045614,-0.8744377856248954
8216,1972,53761.0,1,1.0,7,0,158,0,76,13.0,7,71.0,6,4,4,3,5,0,0,0,0,0,0,False,False,False,True,False,False,False,False,True,False,False,False,False,53,325.0,11,2.0,0,-1.1892295457911863,2.008467354580911
8140,1973,22682.0,1,0.0,51,0,10,14,29,4.0,2,36.0,3,2,1,4,4,0,0,0,0,0,0,False,False,True,False,False,False,False,False,False,False,True,False,False,52,95.0,7,1.0,0,-1.3574473634485533,-0.4509778221767525
10146,1972,38887.0,1,0.0,17,0,25,1,13,0.0,0,3.0,1,1,0,3,7,0,0,0,0,0,0,False,False,False,False,True,False,False,False,False,False,True,False,False,53,42.0,4,1.0,0,-1.5236378762825462,-1.165727276280304
5289,1975,41658.0,1,1.0,30,0,8,4,12,15.0,4,29.0,2,1,1,2,4,0,0,0,0,0,0,True,False,False,False,False,False,False,False,False,True,False,False,False,50,72.0,4,2.0,0,-1.527781823231387,-0.39623813137388225
2587,1972,29791.0,1,0.0,21,0,14,0,6,0.0,0,0.0,2,2,0,3,5,0,0,0,0,0,0,False,False,False,False,True,False,False,False,True,False,False,False,False,53,20.0,5,1.0,0,-1.4464068011804172,-0.8929904491257209
4405,1956,63915.0,0,2.0,2,0,622,7,115,30.0,0,15.0,2,6,3,12,5,0,0,0,0,0,0,False,False,False,True,False,False,False,False,True,False,False,False,False,69,789.0,21,2.0,1,0.6020941265237209,1.3882282253361675
8663,1974,39996.0,1,1.0,85,0,11,0,3,0.0,0,1.0,1,1,0,2,6,0,0,0,0,0,0,False,False,True,False,False,False,False,True,False,False,False,False,False,51,15.0,3,2.0,0,-1.8926617294803776,-0.6431761263584347
2589,1972,26759.0,1,0.0,65,0,25,3,16,8.0,5,2.0,2,2,1,3,6,0,0,0,0,0,0,False,False,True,False,False,False,False,True,False,False,False,False,False,53,59.0,6,1.0,0,-1.5845004614177722,-0.7146715120022885
3421,1968,63841.0,0,1.0,64,0,635,15,100,20.0,7,126.5,1,9,3,9,6,0,0,0,0,0,0,False,False,False,True,False,False,False,True,False,False,False,False,False,57,908.0,21,1.0,1,1.0371078826215883,0.15048010561797903
10490,1969,51039.0,1,1.0,11,0,100,64,79,65.0,0,109.0,2,6,2,4,7,0,0,0,0,0,0,False,False,False,False,True,False,False,False,True,False,False,False,False,56,417.0,12,2.0,0,-1.0135362013352358,0.5197922800921447
4094,1961,60544.0,1,0.5063752276867031,92,0,201,2,43,3.0,5,35.0,4,5,1,5,6,0,0,0,0,0,0,False,False,True,False,False,False,False,False,True,False,False,False,False,64,289.0,11,1.506375227686703,0,-0.6623397475066207,1.4421821648716884
9958,1972,52266.03129314312,0,1.0,54,0,642,14,49,0.0,7,57.0,1,9,2,9,5,0,0,0,0,0,0,False,False,True,False,False,False,False,False,True,False,False,False,False,53,769.0,20,1.0,1,0.7313832877836046,-0.24425597779374927
2534,1953,37716.0,0,1.0,4,0,97,1,41,6.0,2,41.0,2,4,1,3,7,0,0,0,0,0,0,False,False,True,False,False,False,False,False,True,False,False,False,False,72,188.0,8,1.0,0,-1.1355113794465526,0.10015870703709778
4188,1957,36864.0,0,1.0,53,0,204,5,39,17.0,0,89.0,3,5,2,4,8,0,0,0,0,0,1,False,False,True,False,False,False,False,False,False,True,False,False,False,68,354.0,11,1.0,0,-1.1341701307647418,0.7409768768621302
6613,1970,44511.0,1,0.0,39,0,513,7,133,46.0,14,14.0,6,8,4,8,8,0,0,0,0,0,0,False,False,False,True,False,False,False,False,True,False,False,False,False,55,727.0,20,1.0,0,-0.5277407477230747,2.191486918721329
10827,1967,36947.0,1,1.0,49,0,88,3,21,4.0,1,29.0,4,3,0,4,9,0,0,0,0,0,0,False,False,False,False,True,False,False,False,True,False,False,False,False,58,146.0,7,2.0,0,-2.405516887303101,1.2897973837253534
5491,1951,47352.0,0,1.0,70,0,172,12,112,8.0,0,15.0,4,6,1,5,7,0,0,0,0,0,0,False,False,False,True,False,False,False,False,False,False,True,False,False,74,319.0,12,1.0,0,-0.7325692902694864,1.4603345957345066
8402,1953,67087.0,0,1.0,40,0,329,35,222,120.5,35,43.0,2,7,5,8,4,0,0,0,0,0,0,False,False,False,True,False,False,False,False,True,False,False,False,False,72,794.0,20,1.0,1,1.3196460283035645,0.8589344308811583
8783,1950,57045.0,0,1.0,40,0,296,13,104,11.0,13,17.0,3,4,2,9,3,0,0,0,0,0,0,False,False,True,False,False,False,False,False,True,False,False,False,False,75,454.0,15,1.0,1,0.5936081178671822,0.9416854491654246
10010,1953,36957.0,1,1.0,43,0,100,2,16,2.0,1,31.0,4,3,2,2,9,0,0,0,0,0,1,False,False,False,False,True,False,False,True,False,False,False,False,False,72,152.0,7,2.0,0,-2.285007429426833,1.7461796052716059
618,1977,69389.0,0,1.0,17,0,422,7,238,69.0,46,15.0,1,7,2,12,4,0,0,0,0,0,0,False,False,False,False,True,False,False,False,True,False,False,False,False,48,797.0,21,1.0,1,1.335976871411278,-0.35867279225681387
9121,1972,80134.0,1,0.0,40,0,1218,16,272,104.0,0,80.0,2,5,3,6,6,1,0,0,1,1,1,False,False,True,False,False,False,False,False,True,False,False,False,False,53,1690.0,14,1.0,1,1.4682971521853205,0.4249393283903031
361,1969,43142.0,1,1.0,84,0,5,1,7,2.0,1,4.0,1,1,0,2,7,0,0,0,0,0,0,False,False,False,True,False,False,False,False,True,False,False,False,False,56,20.0,3,2.0,0,-1.9487417129205624,-0.3776909689077376
4310,1944,80589.0,0,0.0,25,0,507,81,520,120.5,40,26.0,1,5,10,5,1,1,0,0,0,0,1,False,False,True,False,False,False,False,False,True,False,False,False,False,81,1428.0,20,0.0,1,3.3396145332535,0.12325106857127482
2678,1990,34412.0,1,0.0,62,0,52,12,50,4.0,36,55.0,3,5,0,3,9,0,0,0,0,0,0,False,False,True,False,False,False,False,False,False,True,False,False,False,35,209.0,8,1.0,0,-1.9435019448801718,-0.45567636060089467
6376,1979,57537.0,1,0.0,83,0,191,56,139,51.0,8,100.0,4,4,3,8,4,0,0,0,0,0,0,False,False,True,False,False,False,False,False,False,True,False,False,False,46,545.0,15,1.0,0,0.16791886375141232,0.5985113336025512
524,1966,22634.0,0,0.0,47,0,2,23,11,8.0,6,46.0,1,2,1,2,8,0,0,0,0,0,0,False,True,False,False,False,False,False,False,False,False,True,False,False,59,96.0,5,0.0,0,-1.4211315910921272,-1.5079871900848014
10341,1948,51315.0,0,0.0,45,0,68,28,39,16.0,30,41.0,1,2,2,5,2,0,0,0,0,0,0,False,False,True,False,False,False,False,False,False,False,True,False,False,77,222.0,9,0.0,1,0.7958563158658251,-0.9261704529849589
5654,1972,36026.0,2,1.0,34,0,20,4,10,6.0,4,17.0,2,2,0,3,6,0,0,0,0,0,0,False,False,True,False,False,False,False,False,True,False,False,False,False,53,61.0,5,2.5,0,-2.1740319382387527,0.15704059202176515
4098,1973,24639.0,1,1.0,3,0,20,3,16,0.0,4,1.0,3,2,0,4,6,0,0,0,0,0,0,False,False,True,False,False,False,False,False,True,False,False,False,False,52,44.0,6,2.0,0,-2.2699888277606237,0.17473269725409143
5824,1972,52266.03129314312,2,1.0,1,0,7,0,1,0.0,0,0.0,1,1,0,2,6,0,0,0,0,0,0,False,False,False,False,True,False,False,False,False,False,True,False,False,53,8.0,3,2.5,0,-1.8671953682422864,-0.3210323700345281
7000,1972,65704.0,0,0.0,18,0,279,81,74,38.0,8,126.5,1,2,10,10,1,0,0,0,0,0,0,True,False,False,False,False,False,False,False,False,True,False,False,False,53,817.0,22,0.0,1,2.385408659672278,-0.9915824396278755
2561,1966,63810.0,0,1.0,45,0,977,12,253,16.0,12,101.0,4,4,3,12,8,0,0,0,1,0,0,False,False,True,False,False,False,False,False,False,True,False,False,False,59,1371.0,19,1.0,1,0.6294849505680546,1.7006697645053814
5229,1969,54132.0,0,1.0,81,0,30,1,8,0.0,0,3.0,1,1,0,3,7,0,0,0,0,0,0,False,False,False,False,True,False,False,False,False,False,True,False,False,56,42.0,4,1.0,0,-1.1241174009970472,-0.8414967884505021
4086,1959,18690.0,0,0.0,77,0,6,1,7,23.0,4,19.0,1,1,1,2,8,0,0,0,0,0,0,False,False,True,False,False,False,False,False,True,False,False,False,False,66,60.0,4,0.0,0,-1.5362111756300647,-1.3120020728314297
2428,1970,28164.0,1,0.0,23,0,3,18,26,11.0,8,12.0,3,2,0,4,7,0,0,0,0,0,0,False,False,True,False,False,False,False,False,True,False,False,False,False,55,78.0,6,1.0,0,-1.8139707185080953,-0.17818913762551908
8254,1974,34596.0,1,0.0,48,0,14,0,2,0.0,0,7.0,1,1,0,2,8,0,0,0,0,0,0,False,False,False,False,False,False,False,False,True,False,False,False,False,51,23.0,3,1.0,0,-1.882961511325096,-1.1902381908505884
2836,1972,43269.0,1,0.0,61,0,10,1,7,0.0,0,1.0,1,1,0,2,8,0,0,0,0,0,0,False,False,False,False,True,False,False,False,True,False,False,False,False,53,19.0,3,1.0,0,-1.6637016445834314,-1.0352896962457572
8418,1958,38741.0,1,1.0,60,0,7,10,17,8.0,6,13.0,2,2,0,3,7,0,0,0,0,0,0,True,False,False,False,False,False,False,False,False,True,False,False,False,67,61.0,5,2.0,0,-1.9154383369435393,0.4625848086766867
1362,1972,31907.0,0,0.0,75,0,33,81,64,120.5,16,74.0,1,6,1,6,7,0,0,0,0,0,0,False,False,True,False,False,False,False,False,False,True,False,False,False,53,449.0,13,0.0,0,-0.28936315723154493,-1.2130641470787233
7152,1983,27100.0,1,0.0,64,0,12,0,13,2.0,0,10.0,1,1,0,3,7,0,0,0,0,0,0,False,False,False,True,False,False,False,False,True,False,False,False,False,42,37.0,4,1.0,0,-1.8794463162021404,-1.5479900972431198
10033,1973,31163.0,1,0.0,54,0,2,3,10,11.0,2,10.0,1,1,0,3,6,0,0,0,0,0,0,True,False,False,False,False,False,False,True,False,False,False,False,False,52,38.0,4,1.0,0,-1.5285837794873032,-1.275398080547714
9349,1985,92533.0,0,0.0,84,0,693,21,118,110.0,81,42.0,1,6,5,11,2,1,0,0,0,1,0,False,False,True,False,False,False,False,False,True,False,False,False,False,40,1131.0,22,0.0,1,3.0006902687183943,-0.9526149144648856
274,1973,34853.0,1,1.0,75,0,9,3,15,2.0,3,2.0,2,2,0,3,6,0,0,0,0,0,0,False,False,True,False,False,False,False,False,False,True,False,False,False,52,34.0,5,2.0,0,-1.9738866478146782,-0.12308542554528519
3388,1967,70844.0,1,1.0,16,0,129,26,67,3.0,67,2.0,5,6,1,5,7,0,0,0,0,0,0,False,False,True,False,False,False,False,True,False,False,False,False,False,58,294.0,12,2.0,0,-0.953617467900321,2.0641952981713287
922,1979,31086.0,1,1.0,79,0,16,2,11,3.0,0,16.0,2,1,1,2,8,0,0,1,0,0,0,True,False,False,False,False,False,False,False,True,False,False,False,False,46,48.0,4,2.0,0,-2.511004155010642,-0.23718397154638168
8588,1961,60544.0,1,1.0,92,0,201,2,43,3.0,5,35.0,4,5,1,5,6,0,0,0,0,0,0,False,False,True,False,False,False,False,False,True,False,False,False,False,64,289.0,11,2.0,0,-0.904227160735144,1.736566851704052
2518,1986,20491.0,0,0.0,16,0,5,4,5,4.0,2,10.0,1,0,1,2,7,0,0,0,0,0,0,True,False,False,False,False,False,False,False,False,False,True,False,False,39,30.0,3,0.0,0,-1.6508725684274317,-2.4217516323270987
574,1964,42523.0,0,0.0,96,0,14,36,11,3.0,26,35.0,1,1,1,4,2,0,0,0,0,0,0,False,False,True,False,False,False,False,False,True,False,False,False,False,61,125.0,6,0.0,0,0.2082544215777715,-1.6034008231508243
3220,1983,39922.0,1,0.0,30,0,29,12,59,19.0,1,36.0,2,3,0,4,8,0,0,0,0,0,0,False,False,True,False,False,False,False,False,True,False,False,False,False,42,156.0,7,1.0,0,-1.5903439350422393,-0.8138422518001748
5967,1952,33402.0,1,1.0,60,0,26,2,19,10.0,5,8.0,3,2,1,3,8,0,0,0,0,0,0,False,False,True,False,False,False,False,False,False,False,True,False,False,73,70.0,6,2.0,0,-2.2013060198405423,1.1905836081440428
1183,1949,36408.0,1,1.0,11,0,9,1,4,3.0,2,3.0,1,1,0,2,6,0,0,0,0,0,0,False,False,False,True,False,False,False,False,True,False,False,False,False,76,22.0,3,2.0,0,-1.7839298946569806,0.03903664033234568
6856,1979,21645.0,1,0.0,75,0,14,0,23,4.0,5,19.0,3,3,0,3,9,0,0,0,0,0,1,False,False,True,False,False,False,False,False,False,False,True,False,False,46,65.0,6,1.0,0,-2.3851964942446617,-0.29598185902732
4530,1948,52266.03129314312,0,0.0,36,0,972,19,556,120.5,26,126.5,3,3,7,10,3,1,0,0,0,0,1,False,False,False,True,False,False,False,False,False,False,False,True,False,77,1930.0,20,0.0,1,2.4951618806220885,0.9533656795449429
1553,1946,82657.0,0,0.0,71,0,966,81,556,120.5,81,126.0,1,7,5,10,4,1,0,0,1,0,0,False,False,True,False,False,False,False,False,False,False,True,False,False,79,2283.0,22,0.0,1,3.6779750066961094,0.672400151263669
4682,1958,51876.0,0,0.0,88,0,99,27,102,28.0,48,6.0,1,2,2,8,1,0,0,0,0,0,0,False,False,True,False,False,False,False,False,True,False,False,False,False,67,310.0,12,0.0,1,1.1708950284695199,-1.1003729926455108
8204,1971,78041.0,0,0.0,93,0,482,35,553,72.0,81,17.0,1,4,4,9,2,0,0,0,0,0,0,True,False,False,False,False,False,False,False,True,False,False,False,False,54,1319.0,17,0.0,1,2.62575429128682,-0.7698337338526364
5221,1957,52852.0,0,1.0,93,0,714,8,99,11.0,0,47.0,4,10,7,5,8,0,0,1,0,0,0,False,False,True,False,False,False,False,False,True,False,False,False,False,68,879.0,22,1.0,1,0.25212240365157707,2.009157228032131
1232,1982,70038.0,0,0.0,54,0,587,54,348,71.0,54,126.5,1,4,4,8,2,0,0,0,0,0,0,False,False,False,False,False,False,False,False,False,False,True,False,False,43,1244.0,16,0.0,1,2.212518155115398,-1.3254852047484658
1927,1973,69401.0,0,1.0,41,0,399,27,159,58.0,8,39.0,4,4,4,5,2,0,0,0,0,0,0,True,False,False,False,False,False,False,False,False,False,True,False,False,52,690.0,13,1.0,1,0.8243214626775932,0.6159370585600957
5788,1972,46053.0,1,0.0,46,0,56,10,92,19.0,7,25.0,3,3,2,4,5,0,0,0,0,0,0,False,False,True,False,False,False,False,False,False,False,True,False,False,53,209.0,9,1.0,0,-0.7653255667290578,-0.0479090695730829
6652,1965,77343.0,0,0.0,28,0,227,81,556,98.0,54,31.0,1,3,4,9,1,0,0,0,0,0,0,False,False,True,False,False,False,False,False,True,False,False,False,False,60,1134.0,16,0.0,1,2.602466305417547,-0.8481031365050171
6246,1953,73892.0,0,0.0,40,0,703,81,556,0.0,58,43.0,1,3,10,8,1,0,0,0,0,0,1,False,False,True,False,False,False,False,False,False,True,False,False,False,72,1507.0,22,0.0,1,3.3013006414374404,-0.09328734535706787
5975,1967,40304.0,1,0.0,82,0,37,0,17,0.0,0,3.0,1,2,0,3,7,0,0,0,0,0,0,False,False,False,False,True,False,False,False,False,True,False,False,False,58,57.0,5,1.0,0,-1.354451594843106,-0.8331049359280771
6875,1965,32727.0,0,0.0,38,0,167,13,180,86.0,13,70.0,2,7,3,5,8,0,0,0,0,0,0,False,False,False,False,True,False,False,False,False,False,True,False,False,60,529.0,15,0.0,0,-0.3154075529499234,-0.40105247390109405
4399,1969,68695.0,0,0.0,3,0,458,81,356,106.0,50,40.0,1,4,4,7,2,0,0,0,0,0,0,False,False,True,False,False,False,False,False,False,False,True,False,False,56,1091.0,15,0.0,1,2.0882610229806353,-1.0706690731964765
4042,1971,43300.0,0,1.0,87,0,91,3,52,2.0,1,31.0,3,4,0,4,8,0,0,0,0,0,1,False,False,True,False,False,False,False,True,False,False,False,False,False,54,180.0,8,1.0,0,-1.418522111778851,0.20356245483870758
2157,1972,26290.0,1,1.0,49,0,15,8,16,11.0,5,22.0,4,2,0,4,6,0,0,0,0,0,0,False,False,True,False,False,False,False,False,False,False,True,False,False,53,77.0,6,2.0,0,-2.288652225864027,0.7520367198255058
10133,1970,93790.0,0,0.0,16,0,1225,68,556,89.0,81,45.0,0,6,7,12,2,1,0,0,1,1,1,False,False,True,False,False,False,False,False,False,True,False,False,False,55,2349.0,25,0.0,1,4.414793449744833,-0.5718776840987102
2525,1974,38410.0,0,0.0,65,0,153,64,123,116.0,64,14.0,2,5,2,9,6,0,0,0,0,0,1,False,False,False,False,True,False,False,False,True,False,False,False,False,51,534.0,16,0.0,0,0.16562852393155048,-0.7144299422406257
8233,1950,64866.0,0,1.0,9,0,508,5,21,7.0,5,10.0,4,7,3,7,5,0,0,0,1,0,0,False,False,False,True,False,False,False,False,False,False,False,True,False,75,556.0,17,1.0,1,0.5165832040888554,1.6668199544062625
9483,1959,57957.0,0,1.0,24,1,290,59,177,77.0,5,29.0,6,4,6,8,3,0,0,0,0,0,0,False,False,True,False,False,False,False,False,False,False,True,False,False,66,637.0,18,1.0,1,0.5497845928682954,2.148928454215652
2945,1955,46015.0,1,0.5063752276867031,25,0,38,0,2,0.0,0,6.0,1,1,0,3,7,0,1,1,0,0,0,False,False,False,False,True,False,False,False,False,False,True,False,False,70,46.0,4,1.506375227686703,0,-1.4578648019447293,-0.2293411686860764
10403,1978,16531.0,1,0.0,43,0,2,13,6,7.0,5,11.0,3,3,0,3,7,0,0,0,0,0,0,False,False,True,False,False,False,False,False,False,False,True,False,False,47,44.0,6,1.0,0,-2.1729374213681476,-0.5108413951617794
5074,1986,28072.0,1,0.0,10,0,30,0,10,2.0,0,5.0,1,1,0,3,7,0,0,0,0,0,0,False,False,False,True,False,False,False,False,True,False,False,False,False,39,47.0,4,1.0,0,-1.8905675155980892,-1.7257672065275202
10524,1963,49476.0,0,1.0,29,0,386,23,95,54.0,41,126.5,4,2,10,5,2,0,0,0,0,0,0,False,False,False,True,False,False,False,True,False,False,False,False,False,62,795.0,18,1.0,1,0.8364236858026775,1.0248570192549247
4690,1953,50725.0,0,1.0,45,0,443,10,75,0.0,10,48.0,4,8,1,8,8,0,0,0,0,0,0,False,False,True,False,False,False,False,False,True,False,False,False,False,72,586.0,17,1.0,0,-0.3266316937181014,1.7476107944448156
7521,1952,83844.0,0,0.0,57,0,901,31,345,75.0,31,126.5,1,4,4,11,1,0,0,0,0,1,0,False,False,True,False,False,False,False,False,False,False,True,False,False,73,1574.0,19,0.0,1,3.41452804982143,-0.0745467559232387
7196,1950,41145.0,1,1.0,20,0,9,0,3,0.0,0,1.0,1,0,0,3,3,0,0,0,0,0,0,False,False,False,False,True,False,False,False,True,False,False,False,False,75,13.0,3,2.0,0,-1.1619990196613292,-0.16989331714497097
4406,1970,67419.0,0,1.0,29,0,846,81,352,91.0,56,42.0,4,9,4,8,5,0,0,0,0,0,0,False,False,True,False,False,False,False,False,False,False,True,False,False,55,1471.0,21,1.0,1,1.4048395832624458,1.4600630471761775
9672,1970,23162.0,1,1.0,82,0,8,3,9,19.0,4,22.0,3,1,1,3,6,0,0,0,0,0,0,True,False,False,False,False,False,False,False,True,False,False,False,False,55,65.0,5,2.0,0,-2.299812604387047,0.3513078777325838
4864,1977,34380.0,1,0.0,68,0,72,7,58,13.0,1,24.0,4,4,1,3,8,0,0,0,0,0,0,False,False,True,False,False,False,False,False,True,False,False,False,False,48,175.0,8,1.0,0,-1.79261888774104,0.34983004911339316
4706,1966,34704.0,0,1.0,65,0,29,0,5,0.0,1,5.0,1,1,0,3,5,0,0,0,0,0,0,False,False,True,False,False,False,False,False,False,True,False,False,False,59,40.0,4,1.0,0,-1.207682791497948,-1.0719104317946917
4070,1969,94871.0,0,2.0,99,0,169,24,553,120.5,0,126.5,1,8,5,4,7,0,0,0,1,1,1,False,False,False,False,True,False,False,False,True,False,False,False,False,56,1078.0,17,2.0,1,0.9859560833002075,0.9491383908620779
25,1958,65148.0,0,1.0,9,0,460,35,422,33.0,12,126.5,2,6,6,7,4,0,0,0,0,0,0,False,False,True,False,False,False,False,False,True,False,False,False,False,67,1115.0,19,1.0,1,1.4212848366414308,0.6592337201452597
3697,1954,39898.0,0,1.0,20,0,69,8,26,12.0,7,12.0,2,3,0,4,7,0,0,0,0,0,0,False,False,True,False,False,False,False,False,False,False,True,False,False,71,134.0,7,1.0,0,-1.1940420247775205,0.05160460080155856
217,1956,64857.0,0,0.0,78,0,556,14,556,120.5,0,43.0,1,7,5,10,4,0,0,0,0,0,0,False,False,False,True,False,False,False,False,False,True,False,False,False,69,1540.0,22,0.0,1,2.5798992752792245,0.031701281545931305
4220,1970,59892.0,0,1.0,26,0,73,0,13,0.0,1,0.0,1,2,1,3,3,0,0,0,0,0,0,False,False,False,False,True,False,False,False,True,False,False,False,False,55,87.0,6,1.0,0,-0.15538716986737625,-1.1178804470120711
5286,1987,41020.0,0,0.0,68,0,112,1,54,7.0,7,36.0,1,3,2,4,3,0,0,0,0,0,0,False,False,False,False,False,False,False,False,False,True,False,False,False,38,217.0,9,0.0,0,0.0579078429066687,-2.190051368628376
9559,1961,57072.0,0,1.0,79,0,944,0,60,0.0,0,30.0,2,7,5,13,5,0,0,1,0,0,0,False,False,False,False,True,False,False,False,True,False,False,False,False,64,1034.0,25,1.0,1,1.3618400006466314,0.9397526458335869
2849,1979,60474.0,0,1.0,25,0,265,81,303,120.5,9,126.5,6,10,2,12,7,0,0,0,0,0,0,False,False,True,False,False,False,False,False,False,True,False,False,False,46,1180.0,24,1.0,1,0.5543090656029116,2.212636327911204
7787,1960,62807.0,0,1.0,83,0,526,28,135,10.0,21,99.0,3,5,3,12,5,0,0,0,0,0,0,False,False,True,False,False,False,False,False,False,False,True,False,False,65,819.0,20,1.0,1,0.913725818774591,1.1923686106686004
3102,1981,19414.0,1,0.0,32,0,2,3,12,3.0,5,7.0,1,1,0,3,8,0,0,0,0,0,0,True,False,False,False,False,False,False,False,False,False,True,False,False,44,32.0,4,1.0,0,-2.2303009026460816,-1.520463283843516
5868,1980,19107.0,1,0.0,49,0,2,4,9,10.0,5,16.0,2,1,0,3,7,0,0,0,0,0,0,False,False,True,False,False,False,False,False,True,False,False,False,False,45,46.0,4,1.0,0,-2.1440053201194496,-1.0857818688997773
8370,1976,75484.0,0,1.0,50,0,378,81,259,120.5,81,34.0,2,7,3,6,4,0,0,0,0,0,0,True,False,False,False,False,False,False,False,False,False,True,False,False,49,1159.0,16,1.0,1,1.3730705745365068,0.08405202675701406
9988,1976,70379.0,0,1.0,84,0,553,25,142,65.0,67,8.0,3,6,3,13,4,0,0,0,0,0,0,False,False,False,True,False,False,False,False,False,True,False,False,False,49,860.0,22,1.0,1,1.2884010550700005,0.7485554398891521
2939,1970,79419.0,0,0.0,96,0,751,81,556,20.0,15,31.0,1,4,6,4,2,0,0,0,0,0,0,False,False,False,True,False,False,False,False,False,False,True,False,False,55,1631.0,14,0.0,1,2.733882881081857,-0.7820998177187104
5529,1946,64014.0,2,0.5063752276867031,56,0,406,0,30,0.0,0,8.0,6,8,2,5,7,1,0,0,0,0,0,False,False,False,False,True,False,False,False,False,False,True,False,False,79,444.0,15,2.5,0,-0.9678024665274942,3.6920994023208618
9743,1955,76998.0,0,1.0,85,0,1225,81,161,69.0,35,107.0,2,11,8,8,6,0,0,0,0,1,0,False,False,True,False,False,False,False,False,True,False,False,False,False,70,1910.0,27,1.0,1,2.5369873587760106,1.6843372184631282
5763,1972,49854.0,1,0.0,63,0,123,17,171,39.0,0,30.0,5,6,2,5,6,0,0,0,0,0,0,False,False,False,True,False,False,False,False,False,False,True,False,False,53,380.0,13,1.0,0,-0.6724621588344953,1.2047221105797032
3478,1971,60585.0,1,1.0,17,0,267,42,309,55.0,42,21.0,6,7,4,9,5,0,0,0,0,0,1,False,False,False,False,True,False,False,False,True,False,False,False,False,54,736.0,20,2.0,0,-0.12713850572233545,2.621870861678243
7494,1950,42873.0,1,1.0,11,0,209,0,40,3.0,2,15.0,4,6,1,4,8,0,0,0,0,0,0,False,False,False,False,True,False,False,True,False,False,False,False,False,75,269.0,11,2.0,0,-1.6141440919814158,1.975631975573451
1763,1988,87679.0,0,0.0,62,0,1225,81,556,97.0,81,33.0,1,7,10,10,4,1,0,1,0,1,1,False,False,True,False,False,False,False,False,False,False,True,False,False,37,2510.625,28,0.0,1,3.9971896507134423,-0.36789919018046885
7250,1978,57867.0,1,0.0,48,0,344,35,178,15.0,23,17.0,6,7,2,9,6,0,0,0,0,0,0,False,False,True,False,False,False,False,False,False,False,True,False,False,47,612.0,18,1.0,0,-0.14894429778875354,1.7763575769952933
2005,1990,35765.0,1,0.0,86,0,22,3,30,0.0,5,15.0,2,2,0,4,6,0,0,0,0,0,0,False,False,True,False,False,False,False,False,True,False,False,False,False,35,75.0,6,1.0,0,-1.506328961443909,-1.2029719714205196
10770,1959,65492.0,0,0.0,73,0,247,81,295,120.5,81,47.0,2,4,7,13,2,0,0,0,0,0,0,False,False,True,False,False,False,False,False,True,False,False,False,False,66,1045.0,24,0.0,1,2.534091429945574,0.19772813433179687
6885,1977,32952.0,1,0.0,36,0,38,0,12,3.0,1,1.0,1,2,0,3,7,0,0,0,0,0,0,False,False,True,False,False,False,False,True,False,False,False,False,False,48,55.0,5,1.0,0,-1.6250724219932542,-1.298577823458762
2072,1969,53374.0,0,1.0,34,0,896,10,101,13.0,10,34.0,6,4,2,9,9,0,0,1,0,0,1,False,False,False,False,True,False,False,False,False,False,True,False,False,56,1064.0,15,1.0,0,-0.5267423682436493,2.215097179068445
9463,1959,71706.0,0,1.0,16,0,931,56,253,91.0,81,14.0,4,9,5,7,5,0,0,0,0,0,0,False,False,True,False,False,False,False,False,False,False,True,False,False,66,1443.0,21,1.0,1,1.5699653576289432,1.8308637680067792
6318,1988,68487.0,0,0.0,48,0,758,12,385,33.0,81,89.0,1,9,7,13,4,0,0,0,0,0,0,False,False,True,False,False,False,False,False,True,False,False,False,False,37,1366.0,29,0.0,1,2.6804149161772317,-0.7737312972494187
4093,1975,53253.0,1,1.0,61,0,216,9,57,20.0,9,125.0,6,4,3,5,5,0,0,0,0,0,0,False,False,False,True,False,False,False,False,False,False,True,False,False,50,436.0,12,2.0,0,-1.0573898500323735,2.0657007807958325
5751,1973,31163.0,1,0.0,54,0,2,3,10,11.0,2,10.0,1,1,0,3,6,0,0,0,0,0,0,True,False,False,False,False,False,False,True,False,False,False,False,False,52,38.0,4,1.0,0,-1.5285837794873032,-1.275398080547714
3340,1977,42014.0,1,0.0,56,0,244,15,108,4.0,15,50.0,6,7,1,6,8,0,0,0,0,0,1,False,False,True,False,False,False,False,False,True,False,False,False,False,48,436.0,14,1.0,0,-1.247576944407115,1.623078862357275
3594,1973,54108.0,1,1.0,74,0,539,6,91,8.0,6,97.0,6,8,2,9,8,0,0,0,0,0,0,False,False,False,True,False,False,False,False,True,False,False,False,False,52,747.0,19,2.0,0,-0.8546968816119597,2.7803068609648727
3584,1955,49667.0,0,0.0,35,0,1181,26,120,17.0,13,39.0,2,5,10,5,8,0,0,1,0,0,1,False,False,False,False,True,False,False,False,False,True,False,False,False,70,1396.0,20,0.0,1,1.1748033784853569,0.4975347661633511
3643,1974,63206.0,0,0.0,65,0,750,8,125,11.0,8,26.0,1,4,3,6,2,0,0,0,0,1,0,False,False,False,True,False,False,False,False,True,False,False,False,False,51,928.0,13,0.0,1,1.6815825225749668,-1.3092071003693049
851,1972,57136.0,1,1.0,48,0,306,5,109,21.0,81,92.0,6,5,2,10,6,0,0,0,0,0,0,False,False,False,True,False,False,False,False,True,False,False,False,False,53,642.0,17,2.0,0,-0.6434573162482248,2.5277743328074047
7706,1975,46772.0,0,1.0,88,0,350,81,189,120.5,81,57.0,6,11,8,5,8,0,0,1,0,0,0,True,False,False,False,False,False,False,False,False,False,True,False,False,50,1048.0,24,1.0,0,0.006696063506609252,2.3837079295200754
3967,1971,78931.0,0,0.0,19,0,331,81,170,58.0,81,35.0,1,2,8,13,1,0,0,0,0,0,0,False,False,False,False,True,False,False,False,True,False,False,False,False,54,943.0,23,0.0,1,2.865983792838379,-0.776463729102418
10128,1958,53977.0,0,1.0,21,0,620,16,165,0.0,24,82.0,5,5,5,12,5,0,0,0,0,0,0,False,False,True,False,False,False,False,False,False,False,True,False,False,67,907.0,22,1.0,1,0.6885463708576186,2.096242718608092
486,1988,84219.0,0,0.0,27,0,434,81,400,45.0,81,45.0,1,3,4,10,1,0,0,0,0,0,0,False,False,True,False,False,False,False,False,True,False,False,False,False,37,1198.0,17,0.0,1,2.6833984462437614,-1.497843156322538
9,1975,46098.0,1,1.0,86,0,57,0,27,0.0,0,36.0,4,3,2,2,8,0,0,0,0,0,0,False,False,False,True,False,False,False,False,False,True,False,False,False,50,120.0,7,2.0,0,-2.094434502338755,1.0753257190775305
9451,1965,73538.0,0,1.0,92,0,811,76,428,99.0,81,107.0,3,10,4,9,7,0,0,0,0,0,0,False,False,True,False,False,False,False,False,True,False,False,False,False,60,1658.0,23,1.0,1,1.6409818381413577,1.616207781273326
9264,1986,79529.0,0,0.0,1,0,423,42,556,73.0,81,126.5,1,4,8,9,2,0,0,0,0,0,0,False,False,True,False,False,False,False,False,True,False,False,False,False,39,1638.0,21,0.0,1,3.013198180535822,-1.146602293913367
3865,1977,20981.0,0,0.0,14,0,2,12,10,6.0,13,30.0,1,3,1,2,8,0,0,0,0,0,1,True,False,False,False,False,False,False,False,False,False,True,False,False,48,73.0,6,0.0,0,-1.5185081969419016,-1.9000045009520536
2853,1980,51766.0,1,0.0,74,0,60,51,87,6.0,20,51.0,2,4,2,4,5,0,0,0,0,0,0,False,False,True,False,False,False,False,False,False,True,False,False,False,45,275.0,10,1.0,0,-0.46877201720915007,-0.6089719090589786
1490,1962,55759.0,0,1.0,84,0,675,0,85,10.0,7,77.0,5,10,3,8,8,0,0,0,0,0,0,False,False,True,False,False,False,False,False,True,False,False,False,False,63,854.0,21,1.0,0,0.08629622572760894,2.2476201058604697
6310,1978,33039.0,1,0.0,4,0,30,8,12,8.0,8,12.0,1,2,0,4,5,0,0,0,0,0,0,False,False,True,False,False,False,False,False,True,False,False,False,False,47,78.0,6,1.0,0,-1.2108457433903175,-1.4825904029625578
10380,1972,37787.0,1,0.5063752276867031,50,0,40,1,40,4.0,3,18.0,1,3,0,3,8,0,0,0,0,0,0,False,False,False,True,False,False,False,False,True,False,False,False,False,53,106.0,6,1.506375227686703,0,-1.7859913221703465,-0.6365198812907417
3887,1970,27242.0,1,0.0,2,0,3,17,26,20.0,1,39.0,2,2,0,3,9,0,0,0,0,0,1,False,False,True,False,False,False,False,False,False,True,False,False,False,55,106.0,5,1.0,0,-2.124608833852061,-0.5561389771177676
4278,1983,87188.0,0,0.5063752276867031,73,0,910,81,556,49.0,74,55.0,1,10,2,6,3,0,0,0,0,0,1,False,False,False,False,True,False,False,False,False,True,False,False,False,42,1923.0,18,0.5063752276867031,1,2.8606128219728313,-0.5595957332776237
8643,1971,69930.0,0,0.0,21,0,252,81,556,120.5,70,126.5,1,4,5,12,3,0,0,0,0,0,0,False,False,True,False,False,False,False,False,False,False,True,False,False,54,1662.0,21,0.0,1,2.766345191637903,-0.6106245278490774
1998,1976,37697.0,1,0.0,82,0,34,6,21,11.0,4,8.0,1,2,1,3,6,0,0,0,0,0,0,False,False,True,False,False,False,False,False,False,True,False,False,False,49,84.0,6,1.0,0,-1.2316312484155643,-1.1753716548922235
10795,1973,37401.0,1,0.0,14,0,19,3,19,3.0,1,3.0,2,2,0,3,7,0,0,0,0,0,0,False,False,False,False,True,False,False,False,True,False,False,False,False,52,48.0,5,1.0,0,-1.6070021405434647,-0.720543318239612
11110,1973,3502.0,1,0.0,56,0,2,1,1,0.0,0,1.0,0,0,0,0,13,0,0,0,0,0,0,False,False,True,False,False,False,False,False,False,True,False,False,False,52,5.0,0,1.0,0,-3.5641122421828446,-1.6019451200470511
2408,1976,58597.0,1,1.0,20,0,490,0,184,10.0,28,21.0,6,7,4,9,7,0,0,0,0,0,0,False,False,True,False,False,False,False,False,True,False,False,False,False,49,733.0,20,2.0,0,-0.5665242662878701,2.594825623279412
202,1948,82032.0,0,0.5063752276867031,54,0,332,81,377,120.5,81,57.0,0,4,6,7,1,0,0,0,0,0,0,False,False,False,False,True,False,False,False,False,False,False,True,False,77,1234.0,17,0.5063752276867031,1,2.8634246474332543,-0.2805205161228408
7998,1958,28087.0,1,1.0,77,0,53,8,17,13.0,0,21.0,3,2,2,2,7,0,0,0,0,0,0,False,False,True,False,False,False,False,False,False,False,True,False,False,67,112.0,6,2.0,0,-2.1609910381147603,0.9123823832683915
830,1987,74004.0,0,0.0,5,0,784,48,556,42.0,81,48.0,1,4,6,4,3,1,0,0,0,1,1,False,False,False,False,True,False,False,False,False,True,False,False,False,38,1658.0,14,0.0,1,2.2843916666903237,-1.4560027572214758
3536,1960,19740.0,0,1.0,65,0,7,11,3,10.0,4,20.0,2,1,1,3,5,0,0,0,0,0,0,False,False,True,False,False,False,False,False,False,False,True,False,False,65,55.0,5,1.0,0,-1.5376762033789408,-0.4934266567494233
6050,1975,57036.0,0,1.0,33,0,1171,43,219,19.0,14,47.0,4,6,3,13,9,0,0,1,0,0,0,True,False,False,False,False,False,False,False,True,False,False,False,False,50,1513.0,22,1.0,1,0.5193000907654746,1.5754558772850664
125,1958,53083.0,1,1.0,65,0,215,7,33,3.0,0,13.0,6,5,1,5,7,0,0,0,1,0,0,True,False,False,False,False,False,False,False,False,False,True,False,False,67,271.0,11,2.0,0,-1.463330893068123,2.6999008786051517
3463,1975,69283.0,0,1.0,41,0,674,62,134,0.0,26,8.0,4,7,3,13,5,0,0,0,0,0,0,False,False,False,False,True,False,False,False,True,False,False,False,False,50,904.0,23,1.0,1,1.0744157635392095,1.2821944717925131
2804,1975,46098.0,1,1.0,86,0,57,0,27,0.0,0,36.0,4,3,2,2,8,0,0,0,0,0,1,False,False,False,True,False,False,False,False,False,True,False,False,False,50,120.0,7,2.0,0,-2.094434502338755,1.0753257190775305
3745,1988,23331.0,1,0.0,92,0,5,36,7,0.0,10,45.0,2,3,0,3,8,0,0,0,0,0,0,True,False,False,False,False,False,False,False,True,False,False,False,False,37,103.0,6,1.0,0,-2.1039828554008837,-1.0675129834820087
9771,1988,23331.0,1,0.0,97,0,104,20,101,24.0,15,5.0,6,5,1,5,9,0,0,0,0,0,0,True,False,False,False,False,False,False,False,False,True,False,False,False,37,269.0,11,1.0,0,-2.2580893505143638,1.0757963456721624
451,1989,9255.0,1,0.0,91,0,9,0,7,2.0,0,4.0,1,1,1,2,8,0,0,0,0,0,0,False,False,True,False,False,False,False,False,False,True,False,False,False,36,22.0,4,1.0,0,-2.523455412267383,-1.7719320528570484
10530,1959,67786.0,0,0.0,0,0,431,81,441,80.0,20,102.0,1,3,6,6,1,0,0,0,0,0,1,False,False,False,False,True,False,False,False,False,False,False,True,False,66,1156.0,15,0.0,1,2.377538630943248,-0.8102652503052408
1079,1971,71969.0,0,1.0,59,0,1000,0,76,0.0,0,10.0,3,3,4,9,8,0,0,0,1,0,0,False,False,False,False,True,False,False,False,True,False,False,False,False,54,1086.0,16,1.0,1,0.4708350088647974,0.9680148737619397
8920,1967,59235.0,1,0.0,4,0,448,40,469,80.0,0,91.0,3,11,2,12,7,0,0,0,0,0,0,False,False,False,True,False,False,False,False,False,True,False,False,False,58,1128.0,25,1.0,1,0.9587125450110636,1.256101451622659
6678,1989,31928.0,1,0.0,5,0,33,4,24,4.0,2,5.0,2,3,0,4,7,0,0,0,0,0,0,False,False,True,False,False,False,False,False,False,False,True,False,False,36,72.0,7,1.0,0,-1.7275037487270448,-1.2123433199104099
3852,1961,74881.0,1,1.0,48,0,505,72,270,36.0,27,54.0,4,9,2,12,5,0,0,0,0,0,0,False,False,False,True,False,False,False,False,False,False,True,False,False,64,964.0,23,2.0,1,0.8826839858962515,2.41328881646895
528,1978,65819.0,0,0.0,99,0,267,38,556,120.5,81,63.0,1,5,4,10,3,0,0,0,0,0,0,False,False,True,False,False,False,False,False,True,False,False,False,False,47,1383.0,19,0.0,1,2.2858574444394466,-0.9066526746388182
73,1953,51411.0,1,2.0,81,0,14,0,3,0.0,0,1.0,1,0,0,3,5,0,0,0,0,0,0,False,False,False,False,True,False,False,False,False,True,False,False,False,72,18.0,3,2.5,0,-1.5201904123698844,0.36086966899728184
5589,1964,51983.0,0,1.0,95,0,631,0,115,10.0,7,30.0,3,9,2,10,7,0,0,0,0,0,0,False,False,True,False,False,False,False,True,False,False,False,False,False,61,793.0,21,1.0,1,0.3234031588222412,1.1836966823634796
10212,1986,42386.0,1,0.0,43,0,65,4,16,0.0,4,11.0,1,3,0,3,8,0,0,0,0,0,0,False,False,False,True,False,False,False,False,False,False,True,False,False,39,100.0,6,1.0,0,-1.555185611139646,-1.3798566174169387
6365,1987,30390.0,0,0.0,5,0,10,12,12,25.0,1,20.0,1,2,0,3,6,0,0,0,0,0,0,True,False,False,False,False,False,False,False,True,False,False,False,False,38,80.0,5,0.0,0,-1.092843689292436,-2.3668325381981443
5636,1963,30983.0,0,0.0,50,0,51,4,50,12.0,1,49.0,1,4,0,3,8,0,0,0,0,0,1,False,False,True,False,False,False,False,False,False,True,False,False,False,62,167.0,7,0.0,0,-1.0191698363084296,-1.2293438823895848
591,1957,66033.0,0,1.0,76,0,293,35,179,46.0,59,65.0,2,8,3,7,7,0,0,0,0,0,0,False,False,True,False,False,False,False,False,False,False,False,True,False,68,677.0,18,1.0,1,0.5291125177111498,0.8827152931856285
2217,1975,37284.0,1,1.0,46,0,11,1,2,2.0,1,6.0,1,0,0,3,6,0,0,0,0,0,0,True,False,False,False,False,False,False,False,True,False,False,False,False,50,23.0,3,2.0,0,-1.969698033779899,-0.7595399105938023
2544,1951,57530.0,0,1.0,68,0,50,1,27,6.0,7,1.0,1,1,1,4,1,0,0,0,0,0,0,False,False,False,True,False,False,False,True,False,False,False,False,False,74,92.0,6,1.0,0,0.3156345610434031,-0.5863704200327232
7725,1965,76800.0,0,0.0,33,0,173,26,255,35.0,71,81.0,1,4,4,7,1,0,0,0,0,0,0,True,False,False,False,False,False,False,False,True,False,False,False,False,60,641.0,15,0.0,1,2.1295628816189383,-1.0093177020980042
8091,1956,63943.0,0,1.0,50,0,423,81,368,13.0,81,21.0,1,6,4,6,5,0,0,0,0,0,0,False,False,True,False,False,False,False,False,True,False,False,False,False,69,1106.0,16,1.0,1,1.1607379060015093,0.2714157720769869
7321,1962,76081.0,0,0.0,85,0,292,30,415,63.0,33,126.5,1,4,5,4,2,1,0,0,0,0,0,False,False,True,False,False,False,False,False,False,False,True,False,False,63,1033.0,13,0.0,1,2.1728899204958725,-0.7514108728081051
5462,1974,67445.0,0,1.0,63,0,757,80,217,29.0,80,11.0,5,9,6,12,6,0,0,0,0,0,0,False,False,True,False,False,False,False,False,True,False,False,False,False,51,1174.0,27,1.0,1,1.2327499545286464,2.1078787078049768
7791,1967,37054.0,1,1.0,89,0,12,1,6,0.0,1,5.0,2,1,0,3,7,0,0,0,0,0,0,False,False,False,True,False,False,False,False,True,False,False,False,False,58,25.0,4,2.0,0,-2.1123519506105737,0.14366670969474804
955,1962,47175.0,1,1.0,81,0,167,2,44,6.0,2,19.0,6,4,2,4,8,0,0,1,0,0,1,False,False,False,True,False,False,False,False,False,False,True,False,False,63,240.0,10,2.0,0,-1.891389042488405,2.5688469954870508
4037,1976,31859.0,1,0.0,77,0,3,1,3,8.0,0,5.0,1,1,0,2,7,0,0,0,0,0,0,False,False,True,False,False,False,False,True,False,False,False,False,False,49,20.0,3,1.0,0,-1.7819539859148683,-1.3066717334869173
6642,1961,27215.0,2,1.0,50,0,30,5,22,8.0,9,28.0,4,2,1,4,6,0,0,0,0,0,0,False,False,True,False,False,False,False,True,False,False,False,False,False,64,102.0,7,2.5,0,-2.337357692440517,1.475902305427387
2793,1976,70179.0,0,1.0,10,0,532,81,168,69.0,44,126.5,3,7,3,13,5,0,0,0,0,0,0,False,False,False,False,True,False,False,True,False,False,False,False,False,49,1034.0,23,1.0,1,1.289130797092781,0.788977583243548
5424,1983,39922.0,1,0.0,30,0,29,12,59,19.0,1,36.0,2,3,0,4,8,0,0,0,0,0,0,False,False,True,False,False,False,False,False,True,False,False,False,False,42,156.0,7,1.0,0,-1.5903439350422393,-0.8138422518001748
879,1976,49681.0,0,2.0,66,0,411,0,26,0.0,0,21.0,6,7,1,7,7,0,0,0,0,0,0,False,False,False,True,False,False,False,False,True,False,False,False,False,49,458.0,15,2.0,0,-1.2930100536608837,2.305111167296887
9530,1988,24645.0,1,0.0,16,0,5,3,4,4.0,1,0.0,1,1,0,2,8,0,0,0,0,0,0,False,False,True,False,False,False,False,False,True,False,False,False,False,37,17.0,3,1.0,0,-2.246450039417154,-1.7870143054263918
4828,1954,79865.0,0,1.0,12,0,71,81,278,120.5,81,38.0,1,5,10,5,1,0,0,0,0,0,0,False,False,True,False,False,False,False,True,False,False,False,False,False,71,792.0,20,1.0,1,2.2292648846095626,0.2066077583890174
10699,1985,44322.0,1,0.0,30,0,46,0,40,3.0,0,3.0,2,3,0,3,8,0,0,0,0,0,0,False,False,True,False,False,False,False,False,True,False,False,False,False,40,92.0,6,1.0,0,-1.618720984005771,-0.9067056234918341
1497,1952,47958.0,0,1.0,8,0,268,11,88,15.0,3,22.0,2,6,3,5,5,0,0,0,0,0,0,False,False,True,False,False,False,False,False,False,True,False,False,False,73,407.0,14,1.0,0,0.012087461713598233,0.3969072122768785
7476,1964,63972.0,0,1.0,93,0,928,63,254,0.0,12,12.0,4,5,4,10,4,0,0,0,1,0,0,False,False,False,True,False,False,False,False,False,True,False,False,False,61,1269.0,19,1.0,1,1.281671848237312,1.5213179527496286
4390,1954,75315.0,0,1.0,14,0,459,15,171,120.5,23,31.0,2,5,4,12,2,0,0,0,0,0,0,False,False,True,False,False,False,False,False,False,False,True,False,False,71,841.0,21,1.0,1,1.9445438727042146,0.7546448413841175
10478,1950,55517.0,1,1.0,53,0,483,0,108,0.0,6,36.0,5,11,1,6,9,0,0,0,0,0,1,False,False,False,False,True,False,False,False,True,False,False,False,False,75,633.0,18,2.0,0,-0.8587231426653127,3.074467417250092
1081,1957,75283.0,1,2.0,26,0,733,9,180,12.0,19,66.0,6,6,3,5,4,0,0,0,0,0,0,False,False,False,False,True,False,False,False,True,False,False,False,False,68,1019.0,14,2.5,0,0.12169398142056281,3.23488463678247
4261,1946,82800.0,0,0.0,23,0,1006,22,115,59.0,68,45.0,1,7,6,12,3,1,0,0,0,1,1,False,False,False,False,True,False,False,False,False,True,False,False,False,79,1315.0,25,0.0,1,3.242637801237319,0.4220599016775395
9916,1954,38998.0,1,1.0,92,1,34,1,14,0.0,0,5.0,3,2,0,3,8,0,0,0,0,0,0,False,False,True,False,False,False,False,False,True,False,False,False,False,71,54.0,5,2.0,0,-2.1530424988914487,1.1710882221052483
5350,1991,90638.0,0,0.0,29,0,1156,81,556,94.0,81,96.0,1,3,4,10,1,0,0,0,0,1,1,False,False,False,True,False,False,False,False,False,True,False,False,False,34,2510.625,17,0.0,1,3.8725338029081686,-1.2254293575325101
8135,1986,52266.03129314312,1,0.0,41,0,7,4,23,7.0,0,11.0,1,1,0,3,7,0,0,0,0,0,0,False,False,False,True,False,False,False,False,True,False,False,False,False,39,52.0,4,1.0,0,-1.3141842161716415,-1.483387905553214
8685,1977,42014.0,1,0.0,56,0,244,15,108,4.0,15,50.0,6,7,1,6,8,0,0,0,0,0,1,False,False,True,False,False,False,False,False,True,False,False,False,False,48,436.0,14,1.0,0,-1.247576944407115,1.623078862357275
4967,1960,38201.0,0,1.0,19,0,233,0,23,0.0,0,12.0,4,5,1,5,8,0,0,0,0,0,0,False,False,False,False,True,False,False,False,False,False,True,False,False,65,268.0,11,1.0,0,-1.3148873669568444,1.0234125857114431
2130,1982,45203.0,2,0.0,4,0,35,3,67,10.0,8,24.0,1,3,1,3,6,0,0,0,0,0,1,False,False,True,False,False,False,False,False,False,False,True,False,False,43,147.0,7,2.0,0,-1.5083078024699996,-0.785679105796555
9298,1947,81574.0,0,0.0,89,0,1225,0,465,46.0,35,0.0,1,4,5,8,1,0,0,0,1,1,0,False,False,False,False,True,False,False,False,False,False,True,False,False,78,1798.0,17,0.0,1,3.4710011830791725,0.08891866059958181
8175,1992,34935.0,0,0.0,71,0,34,4,66,3.0,10,20.0,1,2,1,4,7,0,0,0,0,0,0,False,False,True,False,False,False,False,False,True,False,False,False,False,33,137.0,7,0.0,0,-1.0131093229293544,-2.208864139126841
6257,1976,60482.0,0,1.0,81,0,255,43,134,37.0,14,24.0,1,7,2,7,7,0,0,0,0,0,0,False,False,False,True,False,False,False,False,False,True,False,False,False,49,507.0,16,1.0,0,0.0868429782844499,-0.36376625681054503
3790,1956,34633.0,2,1.0,31,0,8,1,5,0.0,0,1.0,1,1,0,2,6,0,0,0,0,0,0,False,False,True,False,False,False,False,False,False,False,True,False,False,69,15.0,3,2.5,0,-2.128348264208436,0.12192016940315
9952,1947,78093.0,0,0.0,53,0,368,32,556,13.0,43,10.0,1,4,7,5,1,0,0,0,0,0,0,False,False,False,True,False,False,False,False,False,False,True,False,False,78,1105.0,16,0.0,1,2.7549052185202307,-0.21093734519724708
3503,1950,82460.0,0,0.0,78,0,255,47,556,52.0,32,15.0,1,5,3,6,1,0,0,0,0,0,0,False,False,True,False,False,False,False,True,False,False,False,False,False,75,974.0,14,0.0,1,2.6087218537582335,-0.3582311886775237
5223,1966,45903.0,0,1.0,80,0,33,8,10,2.0,10,3.0,2,2,1,3,4,0,0,0,0,0,0,False,False,False,True,False,False,False,False,False,False,True,False,False,59,66.0,6,1.0,0,-0.7288883303936381,-0.4889652596576111
4608,1987,81361.0,0,0.0,18,0,163,23,424,27.0,65,76.0,1,3,10,13,1,0,0,0,0,0,1,False,False,True,False,False,False,False,True,False,False,False,False,False,38,778.0,26,0.0,1,2.8405961229952825,-1.1931626434069142
1626,1973,35860.0,1,1.0,37,0,15,0,8,4.0,2,20.0,2,1,1,2,5,0,0,1,0,0,1,False,False,False,False,True,False,False,True,False,False,False,False,False,52,49.0,4,2.0,0,-1.837250612723526,-0.29444894391837484
4764,1952,40442.0,1,1.0,52,0,45,12,52,25.0,22,13.0,4,3,1,4,7,0,0,0,0,0,1,False,False,False,True,False,False,False,False,False,False,True,False,False,73,169.0,8,2.0,0,-1.7671716909298079,1.7208763273449708
2471,1965,61482.0,0,0.0,39,0,48,58,68,16.0,66,43.0,1,3,2,6,2,0,0,0,0,0,0,False,False,True,False,False,False,False,False,True,False,False,False,False,60,299.0,11,0.0,1,1.0746576905271166,-1.3102710436185125
5892,1980,34968.0,1,0.0,11,0,158,6,45,8.0,2,2.0,6,3,2,5,7,0,0,0,0,0,0,False,False,True,False,False,False,False,False,True,False,False,False,False,45,221.0,10,1.0,0,-1.6982519581484692,1.0847094206758452
2612,1987,75794.0,0,0.0,33,0,754,81,556,63.0,32,48.0,1,7,5,12,3,1,0,0,0,0,0,False,False,True,False,False,False,False,False,True,False,False,False,False,38,1682.0,24,0.0,1,2.974860065387522,-0.934189804617273
4971,1962,31497.0,0,1.0,22,0,108,1,28,13.0,1,4.0,2,3,1,4,8,0,0,0,0,0,0,False,False,False,False,True,False,False,False,False,False,True,False,False,63,155.0,8,1.0,0,-1.5516165790576153,-0.15089568307287896
5185,1955,74268.0,0,0.0,83,0,199,66,315,97.0,81,41.0,1,4,3,5,2,0,0,0,0,0,0,False,False,True,False,False,False,False,False,True,False,False,False,False,70,892.0,12,0.0,1,2.012335022595115,-0.6164160219849344
10069,1988,13724.0,1,0.0,43,0,2,7,5,2.0,15,27.0,1,2,0,2,9,0,0,1,0,0,0,False,True,False,False,False,False,False,False,False,False,True,False,False,37,58.0,4,1.0,0,-2.5716750352729085,-1.6981158166898487
2262,1965,45143.0,0,1.0,74,0,202,5,74,11.0,5,14.0,3,6,1,5,7,0,0,0,0,0,0,False,False,False,True,False,False,False,False,False,False,True,False,False,60,311.0,12,1.0,0,-0.8000341355997322,0.534973255803075
1131,1967,52569.0,0,1.0,54,0,85,0,3,0.0,0,7.0,1,2,0,4,3,0,0,0,0,0,0,False,False,False,False,True,False,False,False,False,True,False,False,False,58,95.0,6,1.0,0,-0.2854356467909543,-1.0282504220749624
1041,1973,48432.0,0,1.0,3,0,322,3,50,4.0,3,42.0,5,7,1,6,8,0,0,0,0,0,1,False,False,False,False,True,False,False,False,False,True,False,False,False,52,424.0,14,1.0,0,-0.9844905752312189,1.2688996165517386
24,1960,17144.0,1,1.0,96,0,18,2,19,0.0,2,6.0,5,3,0,4,7,0,0,0,0,0,0,False,False,False,True,False,False,False,False,False,False,True,False,False,65,47.0,7,2.0,0,-2.629890638293384,1.7165878997642223
3409,1984,36108.0,1,0.0,68,0,141,8,129,3.0,11,47.0,3,7,1,4,9,0,0,1,0,0,0,False,False,True,False,False,False,False,False,False,True,False,False,False,41,339.0,12,1.0,0,-1.4982450966610696,-0.019412992075759295
7022,1971,76445.0,1,0.0,2,0,739,81,309,120.5,80,35.0,1,2,5,13,6,0,0,0,0,0,0,False,False,True,False,False,False,False,False,True,False,False,False,False,54,1410.0,20,1.0,1,1.6309316954467354,0.12485188736686771
7943,1975,36663.0,1,0.0,40,0,18,0,6,3.0,3,5.0,1,1,1,3,2,0,0,0,0,0,0,False,False,False,False,True,False,False,False,True,False,False,False,False,50,35.0,5,1.0,0,-0.662582782066562,-1.577235630043761
5272,1965,53843.0,0,1.0,64,0,378,0,88,19.0,4,73.0,4,8,5,3,7,0,0,0,0,0,0,False,False,False,True,False,False,False,False,True,False,False,False,False,60,562.0,16,1.0,0,-0.2553969731191365,1.2783244447488886
5453,1956,90226.0,0,0.0,26,0,1083,81,556,120.5,81,108.0,1,4,7,12,2,1,0,0,0,0,0,False,False,False,True,False,False,False,False,True,False,False,False,False,69,2352.0,23,0.0,1,4.224117879031786,0.2384828329376092
2565,1955,70638.0,0,0.0,69,0,1016,12,215,16.0,12,63.0,1,4,5,10,3,0,0,0,1,0,0,False,False,False,True,False,False,False,True,False,False,False,False,False,70,1334.0,19,0.0,1,2.5415847882790006,-0.16626819217263683
800,1960,44512.0,1,0.5063752276867031,57,0,23,1,6,0.0,0,2.0,2,1,0,3,4,0,0,0,0,0,0,False,False,True,False,False,False,False,False,False,False,True,False,False,65,32.0,4,1.506375227686703,0,-1.117947309159432,-0.13585795394114775
11092,1961,27116.0,1,1.0,78,0,12,1,21,2.0,2,3.0,2,2,0,3,7,0,0,0,0,0,0,False,False,True,False,False,False,False,False,True,False,False,False,False,64,41.0,5,2.0,0,-2.221604358045493,0.2960687512406869
5062,1963,54072.0,1,1.0,71,0,35,0,4,0.0,0,0.0,1,2,0,2,8,0,0,0,0,0,0,False,False,False,False,False,False,False,False,True,False,False,False,False,62,39.0,4,2.0,0,-1.7456849463126676,0.011656824462732633
8969,1977,71855.0,0,1.0,59,0,548,31,422,0.0,81,28.0,4,5,5,11,3,0,0,0,0,0,0,False,False,True,False,False,False,False,False,True,False,False,False,False,48,1141.0,21,1.0,1,1.5408459553546359,1.0813368389120774
4656,1990,51250.0,1,0.0,28,0,342,32,230,34.0,32,40.0,5,10,5,4,9,0,0,1,0,0,0,True,False,False,False,False,False,False,False,False,True,False,False,False,35,710.0,19,1.0,0,-0.6862291661997323,1.1403079594859764
4480,1973,60432.0,0,1.0,61,0,365,3,15,4.0,3,11.0,5,7,2,5,6,0,0,0,0,0,0,False,False,False,True,False,False,False,False,True,False,False,False,False,52,401.0,14,1.0,0,-0.3563212659656613,1.3022485241629354
9971,1964,65526.0,0,1.0,22,0,397,19,69,12.0,0,9.0,1,4,4,8,2,0,0,0,0,0,0,False,False,False,False,True,False,False,False,True,False,False,False,False,61,506.0,16,1.0,1,1.1600128782546912,-0.3984228201198915
6729,1988,68655.0,0,0.0,95,0,456,19,556,75.0,81,38.0,1,4,5,11,3,0,0,0,0,0,0,False,False,True,False,False,False,False,False,False,True,False,False,False,37,1538.0,20,0.0,1,2.454573094103284,-1.1395786712915517
1773,1978,12393.0,0,0.0,38,0,5,6,15,11.0,7,13.0,1,2,0,3,9,0,0,0,0,0,0,True,False,False,False,False,False,False,False,True,False,False,False,False,47,57.0,5,0.0,0,-1.9691342684111734,-1.9358739385113086
9242,1990,64509.0,0,0.0,19,0,836,81,556,24.0,25,77.0,1,6,3,9,4,0,0,1,0,0,1,False,False,True,False,False,False,False,False,False,True,False,False,False,35,1722.0,18,0.0,1,2.1680456054075647,-1.3342875763144375
1764,1975,33955.0,1,0.0,92,0,100,2,128,23.0,7,10.0,4,5,1,5,8,0,0,0,0,0,0,False,False,True,False,False,False,False,False,False,True,False,False,False,50,270.0,11,1.0,0,-1.5150814725879957,0.6119663588816208
6215,1977,31353.0,1,1.0,24,0,10,0,10,3.0,1,7.0,2,1,1,2,8,0,0,0,0,0,1,False,False,True,False,False,False,False,False,True,False,False,False,False,48,31.0,4,2.0,0,-2.51884405732869,-0.2627418589068406
10099,1984,55434.0,1,0.0,21,0,238,81,215,120.5,69,76.0,3,5,3,13,4,0,0,0,0,0,0,False,False,True,False,False,False,False,False,True,False,False,False,False,41,882.0,21,1.0,1,0.8100540063373857,0.22209254952010968
5423,1983,28359.0,1,0.0,35,0,6,0,5,2.0,1,2.0,1,1,0,2,7,0,0,0,0,0,0,False,False,True,False,False,False,False,False,False,False,True,False,False,42,16.0,3,1.0,0,-1.938234968881189,-1.6361924135770711
940,1987,57100.0,1,0.0,9,0,158,11,99,15.0,11,17.0,2,3,2,7,3,0,0,0,0,0,0,False,False,True,False,False,False,False,False,False,True,False,False,False,38,311.0,12,1.0,0,0.07963960582852721,-0.9560006608716813
3011,1965,69139.0,0,1.0,23,0,86,12,75,33.0,15,6.0,1,4,1,5,4,0,0,0,0,0,0,False,False,True,False,False,False,False,False,True,False,False,False,False,60,227.0,10,1.0,0,0.2875680655664915,-0.5924567586122172
3298,1956,52973.0,0,1.0,92,0,856,0,76,12.0,9,126.5,6,9,6,9,8,0,0,0,0,0,0,False,False,False,True,False,False,False,False,True,False,False,False,False,69,1152.0,24,1.0,1,0.39564322711635563,3.094886644779177
8286,1965,51717.0,0,1.0,55,0,98,1,17,0.0,1,5.0,1,3,0,4,7,0,0,0,1,0,0,False,False,False,False,True,False,False,False,False,False,True,False,False,60,122.0,7,1.0,0,-0.9037473729423079,-0.6140290355253549
9668,1971,18793.0,1,0.0,14,0,4,16,20,0.0,17,20.0,3,2,0,4,8,0,0,0,0,0,0,False,False,True,False,False,False,False,False,True,False,False,False,False,54,77.0,6,1.0,0,-2.218786051789188,-0.2249263079323444
5120,1982,66664.0,0,0.0,78,0,398,81,447,120.5,81,32.0,1,5,7,6,3,0,0,0,0,0,0,True,False,False,False,False,False,False,False,False,False,True,False,False,43,1289.0,18,0.0,1,2.1272174377071074,-1.135489859616666
6097,1959,50664.0,1,1.0,64,0,313,8,104,6.0,4,126.0,6,8,1,6,9,0,0,0,0,0,0,False,False,False,False,False,False,False,False,False,True,False,False,False,66,561.0,15,2.0,0,-1.3946104679342146,3.049154478373795
7019,1963,54414.0,1,1.0,49,0,109,18,16,24.0,26,18.0,4,3,1,5,4,0,0,0,0,0,0,False,False,True,False,False,False,False,False,False,False,True,False,False,62,211.0,9,2.0,0,-0.9144926546893487,1.2911129543526583
7408,1952,54549.0,0,1.0,8,0,216,2,6,0.0,0,9.0,2,5,1,4,7,0,0,0,0,0,0,False,False,False,False,True,False,False,False,True,False,False,False,False,73,233.0,10,1.0,0,-0.5737428089662208,0.374551476191738
8041,1971,47111.0,0,1.0,35,0,595,71,153,120.0,81,41.0,6,3,2,10,9,0,0,0,0,0,0,False,False,False,False,True,False,False,False,False,False,False,True,False,54,1092.0,15,1.0,0,-0.6661548936231537,2.107829220697635
252,1963,41003.0,0,0.0,11,0,123,81,142,71.0,44,88.0,1,6,2,8,6,0,0,0,0,0,0,False,False,False,False,True,False,False,True,False,False,False,False,False,62,601.0,16,0.0,1,0.46212994631921944,-0.8488807284362705
9986,1982,19444.0,1,0.0,8,0,16,0,23,3.0,2,10.0,3,4,1,2,7,0,0,0,0,0,1,False,False,True,False,False,False,False,False,False,False,True,False,False,43,54.0,7,1.0,0,-2.079338536497533,-0.6298509250096662
3276,1976,36301.0,1,0.0,53,0,11,12,35,3.0,5,12.0,1,3,0,3,7,0,0,0,0,0,0,True,False,False,False,False,False,False,False,False,False,True,False,False,49,78.0,6,1.0,0,-1.4528198543485942,-1.1600396001635616
3859,1947,73059.0,0,1.0,36,0,410,81,420,0.0,81,71.0,1,9,3,13,4,0,0,0,0,0,0,False,False,False,False,True,False,False,False,False,False,True,False,False,78,1095.0,25,1.0,1,2.1684245351858755,0.9516659065104278
3570,1969,42731.0,1,0.0,64,0,159,2,51,6.0,2,24.0,3,4,1,5,5,0,0,0,0,0,0,False,False,False,False,True,False,False,False,False,False,True,False,False,56,244.0,10,1.0,0,-0.7214437251401534,0.10903013254756731
3783,1959,52854.0,1,1.0,43,0,105,0,10,0.0,1,0.0,2,2,1,4,5,0,0,0,0,0,0,False,False,False,False,True,False,False,False,True,False,False,False,False,66,116.0,7,2.0,0,-1.0823167323887046,0.46689502999570454
10207,1978,22775.0,1,0.0,40,0,5,1,8,0.0,0,1.0,1,1,0,2,8,0,0,0,0,0,0,False,False,True,False,False,False,False,False,False,False,True,False,False,47,15.0,3,1.0,0,-2.2003774576202964,-1.4310857481199504
10906,1948,46681.0,0,2.0,52,0,269,15,69,15.0,19,38.0,2,4,6,4,5,0,0,0,0,0,0,False,False,False,False,False,False,False,False,False,False,True,False,False,77,425.0,14,2.0,0,-0.44592236247326583,1.1922844446985148
3427,1955,59821.0,0,1.0,11,0,629,0,70,0.0,0,35.0,6,11,2,7,8,0,0,0,0,0,0,False,False,False,False,True,False,False,False,True,False,False,False,False,70,734.0,20,1.0,0,-0.04898372028454881,2.765794511657513
5209,1954,50002.0,0,1.0,21,0,443,5,71,21.0,16,82.0,2,8,2,7,7,0,0,0,0,0,0,False,False,True,False,False,False,False,True,False,False,False,False,False,71,638.0,17,1.0,0,0.07065866600950413,0.7110838224105789
10711,1945,69755.0,0,0.0,23,0,217,77,373,111.0,23,93.0,1,3,6,12,1,0,0,0,0,0,0,False,False,True,False,False,False,False,False,True,False,False,False,False,80,894.0,21,0.0,1,2.707704166672184,-0.08233442516803299
10785,1969,44078.0,1,1.0,17,0,24,1,10,2.0,0,4.0,2,2,0,3,5,0,0,0,0,0,0,False,False,True,False,False,False,False,False,True,False,False,False,False,56,41.0,5,2.0,0,-1.5632045106761272,-0.08601150265909237
2814,1976,30560.0,1,0.0,6,0,9,1,5,4.0,5,7.0,1,1,0,3,7,0,0,0,0,0,0,False,False,False,True,False,False,False,False,False,False,True,False,False,49,31.0,4,1.0,0,-1.763146553288423,-1.384697565200409
6866,1969,35924.0,1,1.0,56,0,8,0,14,2.0,3,7.0,1,1,0,3,5,0,0,0,0,0,0,False,False,False,True,False,False,False,False,False,False,True,False,False,56,34.0,4,2.0,0,-1.7021080905879025,-0.5816697426876033
1665,1964,64140.0,0,0.5063752276867031,71,0,1225,0,61,0.0,15,126.5,5,2,5,6,5,0,1,1,0,1,1,False,False,False,False,True,False,False,True,False,False,False,False,False,61,1750.0,13,0.5063752276867031,1,1.2569404601138336,1.5583063378097362
6575,1981,56386.0,1,1.0,51,0,230,48,214,13.0,32,75.0,6,9,1,7,9,0,0,0,0,0,0,False,False,True,False,False,False,False,False,False,False,True,False,False,44,612.0,17,2.0,0,-1.2843264417725997,2.4463612912352146
3829,1979,24594.0,1,0.0,94,0,1,3,6,10.0,0,9.0,1,1,0,3,5,0,0,0,0,0,0,False,True,False,False,False,False,False,False,False,False,True,False,False,46,29.0,4,1.0,0,-1.5516726797053455,-1.5382320372201064
3091,1981,75774.0,1,0.0,27,0,340,21,134,120.5,14,56.0,1,7,5,8,4,0,0,0,0,0,0,True,False,False,False,False,False,False,False,False,False,True,False,False,44,823.0,20,1.0,1,1.4130878336952546,-0.4641229617934171
10141,1960,39228.0,0,0.0,1,0,7,1,6,0.0,3,3.0,1,0,0,3,4,0,0,0,0,0,0,False,False,False,True,False,False,False,True,False,False,False,False,False,65,20.0,3,0.0,0,-0.48538782147044984,-1.6638088670242843
5177,1974,58494.0,0,1.0,56,0,298,7,68,4.0,0,19.0,2,6,2,6,6,0,0,0,0,0,0,False,False,False,True,False,False,False,False,True,False,False,False,False,51,396.0,14,1.0,0,-0.09607824945454302,-0.09931996221990445
7005,1981,58684.0,0,0.0,71,0,479,35,179,28.0,7,85.0,1,5,3,12,2,0,0,0,1,0,0,False,False,True,False,False,False,False,False,False,True,False,False,False,44,813.0,20,0.0,1,1.8608752619308528,-1.2759176407572013
6409,1967,57136.0,0,0.0,18,0,267,81,556,34.0,12,126.5,1,7,5,7,6,0,0,0,0,0,1,False,False,True,False,False,False,False,True,False,False,False,False,False,58,1179.0,19,0.0,1,1.4609185031324796,-0.5662343077428982
7485,1950,56551.0,1,1.0,48,0,67,4,32,17.0,2,16.0,3,2,1,4,4,0,0,0,0,0,0,False,False,False,False,True,False,False,False,False,False,False,True,False,75,138.0,7,2.0,0,-0.8331066128040735,1.1809405198283425
8079,1982,22448.0,1,0.0,86,0,3,1,8,23.0,2,18.0,3,2,1,3,3,0,0,0,0,0,0,False,False,True,False,False,False,False,False,True,False,False,False,False,43,55.0,6,1.0,0,-1.3470718399327757,-0.8248056914463405
8395,1961,82014.0,0,0.0,48,0,980,37,265,35.0,81,31.0,1,3,6,12,6,0,0,0,0,0,1,False,False,True,False,False,False,False,False,False,True,False,False,False,64,1511.0,21,0.0,1,2.4924492596004413,0.04952312050370559
10352,1963,34213.0,1,1.0,2,0,50,4,28,6.0,3,26.0,3,3,1,2,9,0,0,0,0,0,1,False,False,True,False,False,False,False,False,False,False,False,True,False,62,117.0,6,2.0,0,-2.4292988166990455,0.823638242942518
4931,1977,116059.5,0,0.0,13,0,1,0,556,2.0,1,1.0,0,0,10,0,1,0,0,0,0,0,0,False,False,True,False,False,False,False,False,False,False,True,False,False,48,1730.0,28,0.0,1,4.73238080994261,-0.7221732723369785
13,1947,25358.0,0,1.0,57,0,19,0,5,0.0,0,8.0,2,1,0,3,6,0,0,0,0,0,0,False,False,False,False,True,False,False,False,False,False,False,True,False,78,32.0,4,1.0,0,-1.5561894655795014,-0.006803576475538715
1834,1978,35544.0,1,0.0,77,0,30,5,23,4.0,1,4.0,1,2,0,3,7,0,0,0,0,0,0,False,False,False,True,False,False,False,False,False,True,False,False,False,47,67.0,5,1.0,0,-1.5507439764556226,-1.2414209013683513
2285,1954,52266.03129314312,0,1.0,0,0,213,9,76,4.0,3,30.0,3,5,2,5,7,0,0,0,0,0,0,False,False,False,True,False,False,False,False,False,False,True,False,False,71,335.0,12,1.0,0,-0.5456547290694479,0.8409789147362521
2295,1954,62670.0,0,1.0,57,0,539,30,92,80.0,46,38.0,1,5,3,13,3,0,0,0,0,0,0,False,False,False,False,True,False,False,False,True,False,False,False,False,71,825.0,21,1.0,1,1.5823134726285142,0.3487877476492869
1378,1972,50334.0,0,1.0,24,0,284,16,160,84.0,16,126.5,6,7,4,6,6,0,0,0,0,0,0,True,False,False,False,False,False,False,False,False,False,True,False,False,53,694.0,17,1.0,0,-0.27690631504433616,1.8512142621472099
2781,1981,72066.0,0,0.0,55,0,1003,34,536,120.5,51,34.0,1,4,6,6,2,1,0,0,0,1,1,False,False,True,False,False,False,False,False,False,True,False,False,False,44,1792.0,16,0.0,1,2.712720363293738,-1.1418603606390212
1165,1958,50729.0,1,1.0,62,0,239,13,143,45.0,4,52.0,6,6,2,7,6,0,0,0,0,0,0,False,False,False,False,True,False,False,False,False,True,False,False,False,67,496.0,15,2.0,0,-0.9134058957848137,2.838262474487211
1404,1968,34916.0,2,0.0,89,0,51,23,82,33.0,0,42.0,4,5,1,3,9,0,0,0,0,0,0,False,False,True,False,False,False,False,False,False,False,True,False,False,57,231.0,9,2.0,0,-2.2556916062038743,1.4178413684293836
6457,1976,64892.0,0,1.0,77,0,527,24,230,32.0,24,65.0,2,6,4,12,4,0,0,0,0,0,0,False,False,True,False,False,False,False,True,False,False,False,False,False,49,902.0,22,1.0,1,1.2990993401930269,0.25618004577912334
2639,1966,43602.0,1,1.0,45,0,19,5,12,10.0,3,19.0,3,3,1,2,6,0,0,0,0,0,0,False,False,True,False,False,False,False,False,False,True,False,False,False,59,68.0,6,2.0,0,-1.7378318219576185,0.6308453618373967
8299,1989,33996.0,0,0.0,46,0,40,2,15,8.0,0,6.0,1,1,1,3,4,0,0,0,0,0,0,False,False,False,False,True,False,False,False,False,True,False,False,False,36,71.0,5,0.0,0,-0.6705740735978752,-2.490351096890034
6437,1985,41473.0,1,0.0,80,0,21,8,20,15.0,3,9.0,1,2,0,3,7,0,0,0,0,0,0,True,False,False,False,False,False,False,False,False,True,False,False,False,40,76.0,5,1.0,0,-1.463247634006766,-1.419983393930696
6912,1967,63246.0,0,2.0,60,0,593,30,91,29.0,22,7.0,1,6,3,12,4,0,0,0,0,0,0,False,False,False,False,True,False,False,False,True,False,False,False,False,58,772.0,21,2.0,1,0.7798689635024858,0.5854746214420693
7327,1959,36732.0,1,1.0,71,0,21,5,3,10.0,1,7.0,3,1,1,4,2,0,0,0,0,0,0,False,False,False,False,True,False,False,False,True,False,False,False,False,66,47.0,6,2.0,0,-1.148451338183195,0.5457447653037087
5299,1970,69084.0,1,0.0,43,0,1181,81,199,39.0,30,30.0,2,7,3,13,8,0,0,0,0,0,0,False,False,False,False,True,False,False,False,True,False,False,False,False,55,1586.0,23,1.0,1,1.3535124385749617,0.9449067213925454
4127,1967,77766.0,0,1.0,97,0,1004,59,265,115.0,59,27.0,2,11,10,11,6,0,0,1,0,0,1,False,False,False,False,True,False,False,False,True,False,False,False,False,58,1529.0,32,1.0,1,2.459468499237317,1.4474336191248864
8143,1985,37929.0,0,0.5063752276867031,49,0,202,2,46,3.0,2,10.0,2,4,2,5,7,1,0,0,1,0,1,False,False,False,False,True,False,False,False,False,True,False,False,False,40,265.0,11,0.5063752276867031,0,-0.8941389683264674,-1.0255532019831541
1964,1951,86610.0,0,0.0,66,0,446,81,556,33.0,81,53.0,1,5,6,6,2,0,0,0,0,0,0,False,False,True,False,False,False,False,False,False,False,True,False,False,74,1603.0,17,0.0,1,3.214516977811317,-0.013871628417988701
3690,1986,80141.0,0,0.0,20,0,1184,81,556,52.0,40,40.0,1,7,4,10,6,0,0,0,0,1,1,False,False,False,True,False,False,False,False,True,False,False,False,False,39,2091.0,21,0.0,1,2.701106816713272,-0.7001579424854758
3433,1955,72635.0,0,0.0,54,0,390,22,323,104.0,35,107.0,1,6,8,6,3,1,0,0,0,0,0,True,False,False,False,False,False,False,False,True,False,False,False,False,70,981.0,20,0.0,1,2.3592327690318866,-0.2150220213920127
3389,1970,69016.0,0,1.0,61,0,726,53,363,120.5,81,126.5,4,8,9,13,5,0,0,0,0,0,0,False,False,True,False,False,False,False,False,True,False,False,False,False,55,1533.0,30,1.0,1,2.0607979861666,1.95049455440458
4712,1991,20193.0,0,0.0,18,0,8,8,22,24.0,11,9.0,1,1,1,4,4,0,0,0,0,0,0,True,False,False,False,False,False,False,False,False,False,True,False,False,34,82.0,6,0.0,0,-0.9460486938663427,-2.6629034442516
1170,1975,27573.0,1,0.0,45,0,50,15,110,39.0,15,15.0,4,5,1,4,8,0,0,0,0,0,0,False,False,True,False,False,False,False,False,True,False,False,False,False,50,244.0,10,1.0,0,-1.7612185304795587,0.43296449422481315
6347,1979,15862.0,1,0.0,26,0,1,1,4,11.0,9,10.0,1,1,0,3,8,0,0,0,0,0,0,False,True,False,False,False,False,False,False,False,True,False,False,False,46,36.0,4,1.0,0,-2.2947785578197326,-1.4908890565049542
4065,1976,49544.0,1,0.0,0,0,308,0,73,0.0,0,23.0,2,5,1,8,7,0,0,0,0,0,0,False,False,False,False,True,False,False,False,True,False,False,False,False,49,404.0,14,1.0,0,-0.506722946404621,-0.2505907696302406
8230,1980,33228.0,1,0.0,28,0,22,2,31,7.0,4,5.0,1,2,0,3,7,0,0,0,0,0,0,False,False,True,False,False,False,False,False,True,False,False,False,False,45,71.0,5,1.0,0,-1.633283532434806,-1.405175279594564
1215,1978,70440.0,0,0.0,49,0,690,81,499,76.0,81,88.0,1,5,10,7,3,1,0,0,0,0,0,False,False,True,False,False,False,False,False,False,False,True,False,False,47,1572.0,22,0.0,1,2.7173315208691404,-0.7693645357053255
5939,1971,38232.0,1,1.0,84,0,43,5,28,7.0,6,33.0,4,3,1,3,5,0,0,0,0,0,0,False,False,True,False,False,False,False,False,False,False,True,False,False,54,122.0,7,2.0,0,-1.7182437002140465,0.9178011875941845
2156,1955,22554.0,1,1.0,38,0,27,0,10,0.0,0,4.0,4,2,0,4,5,0,0,0,0,0,0,False,False,False,False,True,False,False,False,True,False,False,False,False,70,41.0,6,2.0,0,-2.090865967881902,1.184950943950842
7788,1983,23536.0,1,0.0,53,0,6,0,3,0.0,0,1.0,1,0,0,3,3,0,0,0,0,0,0,False,False,False,False,True,False,False,False,True,False,False,False,False,42,10.0,3,1.0,0,-1.3501894038340725,-1.946948899226691
10323,1952,49413.0,0,1.0,88,0,205,7,41,3.0,2,46.0,2,4,2,5,5,0,0,0,0,0,0,False,False,True,False,False,False,False,False,True,False,False,False,False,73,304.0,11,1.0,0,-0.19904701615754591,0.37734978772147953
7947,1969,42231.0,1,1.0,99,0,24,0,8,0.0,1,4.0,1,1,0,3,5,0,0,0,0,0,0,False,False,True,False,False,False,False,False,True,False,False,False,False,56,37.0,4,2.0,0,-1.5396737489769334,-0.4609855878473688
1891,1980,78789.0,0,0.0,12,0,667,50,556,21.0,81,83.0,1,4,6,5,2,0,0,0,0,0,1,False,False,False,True,False,False,False,True,False,False,False,False,False,45,1754.0,15,0.0,1,2.7712805876832283,-1.180862580912457
2570,1968,56534.0,0,1.0,35,0,691,7,61,10.0,0,46.0,4,10,4,7,8,0,1,0,1,0,1,False,False,True,False,False,False,False,False,False,False,True,False,False,57,815.0,21,1.0,0,0.11371184184863455,1.5171080797470011
9256,1971,58350.0,0,1.0,5,0,493,26,206,116.0,80,80.0,4,8,3,12,6,0,0,0,0,0,0,False,False,True,False,False,False,False,False,False,True,False,False,False,54,1001.0,23,1.0,1,0.7462598996527519,1.3687214651649127
295,1989,81217.0,0,0.0,77,0,493,70,324,120.5,40,84.0,1,3,7,11,1,0,0,0,0,0,0,False,False,True,False,False,False,False,False,False,True,False,False,False,36,1157.0,21,0.0,1,2.8357078608940993,-1.3004120240091908
7397,1951,49090.0,0,1.0,45,0,494,5,82,7.0,0,100.0,3,7,2,9,7,0,0,0,0,0,0,False,False,True,False,False,False,False,False,False,True,False,False,False,74,688.0,18,1.0,0,0.07818237469592235,1.3483541192920656
6349,1987,61787.0,0,0.0,71,0,621,73,414,78.0,48,85.0,1,8,4,6,5,0,0,0,0,0,0,False,False,False,True,False,False,False,True,False,False,False,False,False,38,1319.0,18,0.0,1,1.6442993398441965,-1.1936307679613742
10790,1985,18169.0,1,0.0,40,0,9,0,5,0.0,0,7.0,1,1,0,2,8,0,0,0,0,0,0,False,False,False,False,True,False,False,False,True,False,False,False,False,40,21.0,3,1.0,0,-2.3612789640522864,-1.6982247929543675
10398,1981,24336.0,1,0.0,82,0,1,6,2,8.0,2,12.0,1,1,0,2,7,0,0,0,0,0,0,True,False,False,False,False,False,False,False,False,True,False,False,False,44,31.0,3,1.0,0,-1.9883489659622704,-1.5210108230293755
2431,1990,18222.0,0,0.0,70,0,12,4,19,12.0,6,14.0,1,2,0,3,8,0,0,0,0,0,0,False,False,True,False,False,False,False,False,True,False,False,False,False,35,67.0,5,0.0,0,-1.7411810666312242,-2.3087083009571954
550,1952,62335.0,0,1.0,87,0,243,81,217,85.0,6,26.0,2,3,3,13,2,0,0,0,0,0,0,False,False,True,False,False,False,False,True,False,False,False,False,False,73,708.0,19,1.0,1,1.4499930895959787,0.714713237842083
1890,1971,42033.0,1,1.0,95,0,11,1,4,2.0,0,7.0,1,1,0,2,7,0,0,0,0,0,0,True,False,False,False,False,False,False,False,False,False,True,False,False,54,25.0,3,2.0,0,-1.983831008301095,-0.433606384797157
10742,1983,86580.0,0,0.0,72,0,532,21,127,26.0,20,20.0,0,4,2,5,1,0,0,0,0,1,0,False,False,False,False,True,False,False,False,True,False,False,False,False,42,746.0,11,0.0,1,2.1616209545637437,-2.0708843382911595
10356,1957,41437.0,1,1.0,5,0,29,0,2,0.0,0,1.0,1,1,0,3,7,0,0,0,0,0,0,False,False,False,False,True,False,False,True,False,False,False,False,False,68,32.0,4,2.0,0,-1.8405264203792493,-0.07347139806924581
4676,1951,73705.0,0,2.0,86,0,612,81,520,120.5,81,107.0,2,9,6,8,5,0,0,0,0,0,0,False,False,False,True,False,False,False,False,False,False,False,True,False,74,1695.0,23,2.0,1,1.7564493850408385,2.079423780721255
8852,1976,61064.0,0,1.0,80,0,387,81,342,0.0,45,126.5,5,8,4,11,6,0,0,0,0,0,0,False,False,True,False,False,False,False,False,True,False,False,False,False,49,1080.0,23,1.0,1,0.7483357667674257,1.8138175179863534
3565,1955,38452.0,1,1.0,62,0,56,0,14,0.0,0,2.0,3,3,0,3,7,0,0,0,0,0,0,False,False,False,True,False,False,False,False,True,False,False,False,False,70,72.0,6,2.0,0,-1.931854584018,1.0593390524876882
5294,1989,18358.0,1,0.0,49,0,6,8,19,16.0,4,4.0,3,3,0,4,7,0,0,0,0,0,0,False,False,True,False,False,False,False,False,False,True,False,False,False,36,57.0,7,1.0,0,-2.1481134045604198,-0.8029727242795256
1958,1973,55012.0,0,1.0,85,0,582,0,65,0.0,0,13.0,6,8,2,9,5,0,0,0,0,0,0,False,False,False,False,True,False,False,False,False,False,True,False,False,52,660.0,19,1.0,0,0.11385257379992465,1.9623781041113442
7349,1973,9722.0,1,0.0,7,0,6,17,16,6.0,16,42.0,4,3,1,3,8,0,0,0,0,0,1,False,True,False,False,False,False,False,False,False,False,True,False,False,52,103.0,7,1.0,0,-2.471969294450375,0.12565751379429319
8799,1984,38175.0,1,0.0,6,0,70,6,69,2.0,3,3.0,3,3,1,4,7,0,0,0,0,0,0,False,False,False,False,True,False,False,False,True,False,False,False,False,41,153.0,8,1.0,0,-1.5186942378607404,-0.48241689420981554
1351,1956,58656.0,0,1.0,25,0,962,12,194,16.0,24,12.0,4,7,8,13,6,0,0,0,0,1,0,False,False,False,True,False,False,False,False,False,False,True,False,False,69,1220.0,28,1.0,1,1.3731417347534913,2.1828243212962746
1045,1965,52117.0,0,1.0,55,0,112,10,107,30.0,0,20.0,2,5,2,4,7,0,0,0,0,0,0,False,False,True,False,False,False,False,False,False,False,True,False,False,60,279.0,11,1.0,0,-0.6252884332643489,0.05753786459508926
7732,1978,64813.0,1,0.5063752276867031,81,0,293,0,124,120.5,81,52.0,1,7,2,10,5,0,0,0,0,0,0,False,False,True,False,False,False,False,False,True,False,False,False,False,47,745.0,19,1.506375227686703,1,0.6516470897662133,-0.049909126316947314
8070,1973,54222.0,0,1.0,98,0,199,12,31,3.0,12,7.0,1,3,3,5,3,0,0,0,0,0,0,False,False,False,False,True,False,False,False,True,False,False,False,False,52,264.0,11,1.0,0,0.16375764987884772,-0.8734123873599083
477,1986,83512.0,0,0.0,31,0,1060,61,556,80.0,20,101.0,1,4,7,10,1,1,1,1,0,1,1,False,False,True,False,False,False,False,False,True,False,False,False,False,39,2157.0,21,0.0,1,3.710834853811071,-1.0155821149981858
7832,1959,77520.0,0,1.0,30,0,940,44,396,0.0,81,58.0,1,8,7,7,4,1,0,1,0,1,1,False,False,False,True,False,False,False,False,True,False,False,False,False,66,1526.0,22,1.0,1,2.333076150125122,0.5463355880334325
2202,1978,41154.0,0,1.0,98,0,44,2,11,2.0,3,7.0,1,1,0,4,5,0,0,0,0,0,0,False,False,True,False,False,False,False,False,False,False,True,False,False,47,69.0,5,1.0,0,-1.0623791542449905,-1.3128131797149083
7396,1966,80398.0,0,0.0,92,0,342,51,556,120.5,35,26.0,1,5,8,12,3,0,0,0,0,1,0,False,False,True,False,False,False,False,False,True,False,False,False,False,59,1597.0,25,0.0,1,3.2692530577895744,-0.07948614308457197
4055,1992,52266.03129314312,1,0.0,41,0,2,10,11,12.0,9,20.0,2,3,0,3,6,0,0,0,0,0,0,False,True,False,False,False,False,False,False,False,True,False,False,False,33,64.0,6,1.0,0,-1.1621220844805145,-1.2156715354447063
10340,1984,35196.0,1,0.0,68,0,75,12,141,43.0,39,126.5,6,6,1,5,8,0,0,0,0,0,0,False,False,True,False,False,False,False,False,False,False,True,False,False,41,497.0,12,1.0,0,-1.535760161890682,1.2802496230611478
10091,1956,60230.0,0,1.0,78,0,520,20,367,39.0,81,40.0,2,6,3,6,5,0,0,0,0,0,0,False,False,True,False,False,False,False,False,False,True,False,False,False,69,1067.0,15,1.0,1,0.8829132522366964,0.6808046673928287
7629,1977,22108.0,1,1.0,46,0,5,3,9,6.0,2,6.0,2,2,0,3,7,0,0,0,0,0,0,False,False,True,False,False,False,False,False,True,False,False,False,False,48,31.0,5,2.0,0,-2.4901180451377853,-0.3291392556546529
10640,1974,44392.0,1,1.0,71,0,87,5,71,7.0,12,29.0,5,4,1,4,7,0,0,0,0,0,0,False,False,True,False,False,False,False,False,False,False,True,False,False,51,211.0,9,2.0,0,-1.8640027271759965,1.5565654691317408
3498,1976,55424.0,0,1.0,6,0,462,61,184,10.0,53,107.0,4,7,5,9,6,0,0,1,0,0,1,False,False,False,False,True,False,False,False,True,False,False,False,False,49,877.0,21,1.0,1,0.4119434388707711,1.060087582103765
6742,1979,17688.0,1,0.0,82,1,2,2,1,3.0,1,2.0,1,1,0,2,8,0,0,0,0,0,0,False,False,True,False,False,False,False,False,True,False,False,False,False,46,11.0,3,1.0,0,-2.3173215937501954,-1.4366309572256506
1172,1983,92491.0,0,0.0,71,0,979,44,556,29.0,25,22.0,1,7,5,12,3,1,0,0,1,1,1,False,False,False,False,True,False,False,False,True,False,False,False,False,42,2034.0,24,0.0,1,3.6939040739536737,-0.5225212163781663
569,1991,90273.0,0,0.0,32,0,704,81,556,120.0,74,111.0,1,5,6,7,2,1,0,0,1,1,1,False,False,True,False,False,False,False,False,False,True,False,False,False,34,1991.0,18,0.0,1,3.330824559017177,-1.2285516284245748
4686,1962,82571.0,0,0.0,28,0,861,31,556,62.0,81,79.0,0,6,5,13,2,0,0,0,0,1,0,False,False,False,False,True,False,False,False,False,False,False,True,False,63,1686.0,24,0.0,1,3.6249051184709162,-0.5813910436406525
1381,1982,38513.0,1,0.0,20,0,172,3,115,16.0,0,18.0,5,6,1,5,8,0,0,0,0,0,1,False,False,False,False,True,False,False,False,False,True,False,False,False,43,324.0,12,1.0,0,-1.4905535404677122,0.8044243254455579
2634,1979,16653.0,1,0.0,10,0,5,7,31,15.0,4,7.0,3,2,1,3,6,0,0,0,0,0,1,False,False,False,True,False,False,False,False,False,True,False,False,False,46,69.0,6,1.0,0,-1.9935355768369112,-0.6661516718621284
10905,1955,42586.0,1,1.0,7,0,194,2,56,0.0,0,0.0,5,4,1,6,8,0,0,0,0,0,1,False,False,True,False,False,False,False,False,False,False,True,False,False,70,252.0,11,2.0,0,-1.7841556456468737,2.24467385956872
1744,1965,23529.0,0,1.0,67,0,9,7,13,3.0,2,20.0,1,1,1,2,6,0,0,0,0,0,0,False,True,False,False,False,False,False,False,False,True,False,False,False,60,54.0,4,1.0,0,-1.622138912030578,-1.044851402604889
1000,1961,74881.0,1,1.0,48,0,505,72,270,36.0,27,54.0,4,9,2,12,5,0,0,0,0,0,0,False,False,False,True,False,False,False,False,False,False,True,False,False,64,964.0,23,2.0,1,0.8826839858962515,2.41328881646895
3828,1951,71107.0,0,1.0,61,0,533,10,217,120.5,81,126.5,2,7,6,13,4,0,0,0,0,0,0,False,False,True,False,False,False,False,False,True,False,False,False,False,74,1327.0,26,1.0,1,2.2410087699351795,1.3941697886330549
8605,1964,46910.0,1,1.0,36,0,48,0,14,0.0,0,6.0,2,2,0,3,6,0,0,0,0,0,0,False,False,False,False,True,False,False,False,False,False,True,False,False,61,68.0,5,2.0,0,-1.602560726115506,0.21503202172711414
10304,1959,18690.0,0,0.0,77,0,6,1,7,23.0,4,19.0,1,1,1,2,8,0,0,0,0,0,0,False,False,True,False,False,False,False,False,True,False,False,False,False,66,60.0,4,0.0,0,-1.5362111756300647,-1.3120020728314297
4351,1955,52266.03129314312,1,1.0,90,0,18,2,10,0.0,0,25.0,1,1,1,2,7,0,0,1,0,0,0,False,False,True,False,False,False,False,True,False,False,False,False,False,70,55.0,4,2.0,0,-1.526947246503884,0.22270903086357052
10129,1966,82427.0,0,0.0,35,0,482,81,509,104.0,81,107.0,1,3,5,12,1,0,0,0,0,1,0,False,False,True,False,False,False,False,False,False,False,True,False,False,59,1456.0,20,0.0,1,3.2238844997375113,-0.5693194710126989
2499,1958,75342.0,0,1.0,38,0,204,81,97,21.0,81,26.0,1,5,2,10,4,0,0,0,0,0,0,True,False,False,False,False,False,False,False,False,True,False,False,False,67,563.0,17,1.0,1,1.2020641837268986,0.11396648522843908
10092,1954,70044.0,0,1.0,46,0,1073,0,250,120.5,14,14.0,4,7,10,5,5,0,0,0,0,0,0,False,False,True,False,False,False,False,True,False,False,False,False,False,71,1504.0,22,1.0,1,1.6940055141407786,2.0931733573484443
7500,1967,79146.0,1,1.0,33,0,245,16,223,21.0,43,16.0,2,8,1,8,6,0,0,0,0,0,0,False,False,True,False,False,False,False,False,False,True,False,False,False,58,564.0,17,2.0,1,0.2682039787151355,1.0319386623720879
5796,1963,77437.0,0,0.0,70,0,560,21,442,29.0,44,29.0,1,4,5,13,1,0,0,0,0,1,0,False,False,True,False,False,False,False,False,True,False,False,False,False,62,1125.0,22,0.0,1,2.9995293620281207,-0.440824146866576
10556,1959,54984.0,0,1.0,51,0,173,13,131,32.0,3,6.0,4,6,1,6,7,1,0,0,0,0,0,False,False,True,False,False,False,False,False,True,False,False,False,False,66,358.0,13,1.0,0,-0.5342493986596665,1.2789071397479028
1064,1971,42403.0,1,0.0,18,0,22,1,11,0.0,5,3.0,1,1,0,3,8,0,0,0,0,0,0,False,False,False,False,True,False,False,False,True,False,False,False,False,54,42.0,4,1.0,0,-1.6080525459877997,-1.0280307743221793
48,1964,55761.0,0,1.0,97,0,136,1,12,0.0,3,32.0,2,4,1,3,6,0,0,0,1,0,0,False,False,True,False,False,False,False,False,False,False,True,False,False,61,184.0,8,1.0,0,-0.6075230112721322,-0.04697124639348574
7610,1983,37292.0,1,0.0,32,0,275,0,86,10.0,23,66.0,5,6,3,5,8,0,0,0,0,0,0,False,False,True,False,False,False,False,False,False,False,True,False,False,42,460.0,14,1.0,0,-1.2891986358881542,0.9054308562518499
263,1945,45576.0,0,0.0,9,0,56,19,29,2.0,14,25.0,1,3,1,3,8,0,0,0,0,0,1,False,False,False,False,True,False,False,False,False,True,False,False,False,80,145.0,7,0.0,0,-0.5594980202228782,-0.5893948306854575
10814,1947,70321.0,0,0.0,6,0,303,23,556,82.0,26,126.5,1,6,5,13,4,0,0,0,0,0,1,False,False,True,False,False,False,False,False,False,False,True,False,False,78,1376.0,24,0.0,1,2.7512588831850815,0.30718956074780307
9710,1969,58086.0,0,1.0,80,0,708,7,62,0.0,0,15.0,2,11,3,7,8,0,0,0,0,0,0,False,False,False,False,True,False,False,True,False,False,False,False,False,56,792.0,21,1.0,1,0.3495733309094911,0.668309996392166
9292,1952,81795.0,0,0.0,74,0,324,81,556,27.0,81,88.0,1,4,10,7,2,0,0,0,0,0,0,False,False,True,False,False,False,False,False,True,False,False,False,False,73,1382.0,22,0.0,1,3.2277791919925582,0.10260103436577049
10250,1947,28389.0,0,0.0,49,0,1,5,3,7.0,4,8.0,1,1,0,2,7,0,0,0,0,0,0,False,True,False,False,False,False,False,False,False,False,True,False,False,78,28.0,3,0.0,0,-1.1319051574287013,-1.0116963133747845
7881,1946,66835.0,0,0.0,21,0,620,26,195,34.0,17,126.5,1,6,4,13,2,0,0,0,0,0,0,False,False,False,True,False,False,False,False,True,False,False,False,False,79,1033.0,23,0.0,1,2.6927619012510347,0.05832351980748728
5847,1969,69901.0,0,1.0,95,0,312,21,206,102.0,81,126.5,3,7,3,10,5,0,0,0,0,0,0,False,False,True,False,False,False,False,True,False,False,False,False,False,56,882.0,20,1.0,1,1.058137449924673,0.9844021001746238
737,1949,80360.0,0,0.0,56,0,1225,81,454,112.0,43,43.0,2,4,4,5,2,1,0,0,1,1,0,False,False,False,False,True,False,False,False,True,False,False,False,False,76,2231.0,13,0.0,1,3.2373028357847415,0.40463735221273267
3571,1961,63342.0,0,1.0,48,0,918,21,118,13.0,10,21.0,3,8,3,5,6,0,0,0,1,0,1,False,False,False,False,True,False,False,False,False,False,True,False,False,64,1101.0,16,1.0,1,0.7124593628034485,1.0672646325132644
7807,1974,44989.0,0,1.0,26,0,98,0,106,49.0,10,106.0,5,5,1,5,6,0,0,0,0,0,0,False,False,True,False,False,False,False,False,True,False,False,False,False,51,369.0,11,1.0,0,-0.9468814166137128,0.945656519629379
3878,1980,31859.0,1,0.0,3,0,3,4,7,15.0,8,11.0,1,1,0,3,7,0,0,0,0,0,0,True,False,False,False,False,False,False,False,False,True,False,False,False,45,48.0,4,1.0,0,-1.7535817096094581,-1.5080137183755864
5092,1949,51569.0,0,1.0,39,0,380,0,47,6.0,0,34.0,4,7,1,7,8,0,0,0,1,0,1,False,False,False,False,True,False,False,False,False,False,False,True,False,76,467.0,15,1.0,0,-0.4959854309211568,1.7571358106022321
2154,1971,30372.0,1,1.0,33,0,15,0,12,7.0,3,7.0,3,2,0,3,7,0,0,0,0,0,0,False,False,True,False,False,False,False,False,False,False,False,True,False,54,44.0,5,2.0,0,-2.3475589743682086,0.36487343516969734
5394,1979,16014.0,1,1.0,42,0,3,9,4,7.0,8,7.0,4,1,1,4,3,0,0,0,0,0,0,False,True,False,False,False,False,False,False,False,True,False,False,False,46,38.0,6,2.0,0,-2.0954478043312266,0.19233615425007528
3798,1968,41120.0,1,1.0,80,0,24,2,23,0.0,8,24.0,3,2,1,3,6,0,0,0,0,0,0,False,False,True,False,False,False,False,False,True,False,False,False,False,57,81.0,6,2.0,0,-1.7909432042098332,0.6052965650349453
3524,1971,39763.0,1,0.0,9,0,80,1,60,4.0,6,16.0,2,5,1,2,9,0,0,0,0,0,1,False,False,False,True,False,False,False,False,False,True,False,False,False,54,167.0,8,1.0,0,-1.6039142175852494,-0.32767989167611344
5247,1955,38725.0,1,1.0,52,0,31,0,6,2.0,1,5.0,2,1,0,4,4,0,0,0,0,0,0,False,False,False,False,True,False,False,False,True,False,False,False,False,70,45.0,5,2.0,0,-1.3814899786735204,0.3195029104020243
5883,1972,77981.0,1,0.0,78,0,138,81,204,16.0,81,60.0,3,7,4,7,5,0,0,0,0,0,0,False,False,True,False,False,False,False,False,True,False,False,False,False,53,664.0,18,1.0,1,0.9147761209916069,0.7765876771047722
2118,1964,62905.0,0,1.0,68,0,166,75,96,119.0,81,59.0,3,7,2,8,4,0,0,0,0,0,0,True,False,False,False,False,False,False,False,True,False,False,False,False,61,622.0,17,1.0,1,0.7067881565801342,0.776078216376869
8812,1979,13533.0,1,0.0,45,0,12,3,8,8.0,0,17.0,2,2,0,3,7,0,0,0,0,0,0,True,False,False,False,False,False,False,True,False,False,False,False,False,46,48.0,5,1.0,0,-2.2028215088807346,-1.0569197167756172
6616,1975,59481.0,0,1.0,47,0,178,3,85,71.0,66,58.0,2,3,3,8,2,0,0,0,0,0,0,False,False,True,False,False,False,False,False,False,False,True,False,False,50,461.0,14,1.0,1,0.667943725280834,-0.4244547272771683
2797,1977,72117.0,0,1.0,34,0,707,20,171,65.0,60,50.0,1,9,7,9,5,0,0,0,0,0,0,False,False,True,False,False,False,False,False,True,False,False,False,False,48,1073.0,25,1.0,1,1.7018872658228974,0.015139461160941222
4328,1986,21955.0,1,0.0,81,0,5,1,7,17.0,14,11.0,2,2,1,3,6,0,0,0,0,0,0,True,False,False,False,False,False,False,False,True,False,False,False,False,39,55.0,6,1.0,0,-1.8117992035811,-1.1919643748156334
9167,1956,67131.0,0,1.0,72,0,465,71,250,93.0,35,62.0,3,9,2,12,6,0,0,0,0,0,0,False,False,True,False,False,False,False,False,True,False,False,False,False,69,976.0,23,1.0,1,1.183037169103637,1.5912714612226222
10560,1980,36802.0,1,0.0,23,0,16,1,2,0.0,0,1.0,1,1,0,3,5,0,0,0,0,0,0,False,False,False,False,True,False,False,False,False,True,False,False,False,45,20.0,4,1.0,0,-1.305365824378555,-1.5935642324755854
2631,1982,71853.0,0,0.0,29,0,358,81,413,120.5,81,32.0,1,2,8,6,1,0,0,0,0,0,0,False,False,True,False,False,False,False,False,False,False,True,False,False,43,1149.0,16,0.0,1,2.34484756973571,-1.4502845810769778
8312,1961,28249.0,0,0.0,80,0,1,9,7,2.0,14,10.0,1,2,0,3,6,0,0,0,0,0,0,False,True,False,False,False,False,False,False,True,False,False,False,False,64,43.0,5,0.0,0,-0.9316526841715614,-1.4071037291266546
5534,1975,47808.0,0,1.0,30,0,123,1,26,2.0,0,72.0,2,3,2,3,7,0,0,1,0,0,0,False,False,False,True,False,False,False,False,True,False,False,False,False,50,224.0,8,1.0,0,-1.0478213319393368,-0.4993285786948933
5093,1974,25509.0,1,0.0,15,0,40,3,30,10.0,7,11.0,3,3,0,3,9,0,0,0,0,0,1,False,False,False,False,True,False,False,True,False,False,False,False,False,51,101.0,6,1.0,0,-2.242815664821661,-0.18897746039555105
7592,1946,51012.0,0,0.0,86,0,102,9,63,2.0,9,24.0,1,4,1,4,6,0,0,0,0,0,0,False,False,False,False,True,False,False,False,True,False,False,False,False,79,209.0,9,0.0,0,0.10818584732311125,-0.49753933087262336
8895,1985,70596.0,0,0.0,68,0,347,44,534,17.0,0,26.0,1,3,5,12,2,0,0,0,0,0,0,False,False,True,False,False,False,False,False,False,True,False,False,False,40,968.0,20,0.0,1,2.2291888493337106,-1.2822243206026214
8584,1952,85431.0,0,0.0,54,0,376,53,462,120.5,53,53.0,1,2,7,7,0,0,0,0,0,0,0,False,False,False,False,True,False,False,False,False,False,True,False,False,73,1165.0,16,0.0,1,3.1075413410833184,-0.3781236001957987
2694,1967,42664.0,0,1.0,44,0,21,0,3,0.0,0,0.0,1,1,0,3,6,0,0,0,0,0,0,False,False,True,False,False,False,False,False,True,False,False,False,False,58,24.0,4,1.0,0,-1.2252665549890318,-1.0054509643836878
8910,1955,42586.0,1,1.0,7,0,194,2,56,0.0,0,0.0,5,4,1,6,8,0,0,0,0,0,1,False,False,True,False,False,False,False,False,False,False,True,False,False,70,252.0,11,2.0,0,-1.7841556456468737,2.24467385956872
7433,1985,29760.0,1,0.0,87,0,64,4,68,7.0,5,17.0,4,3,1,4,8,0,0,0,0,0,0,False,False,True,False,False,False,False,False,False,True,False,False,False,40,165.0,8,1.0,0,-1.9693169105557118,0.07657550794260166
164,1977,28973.0,0,0.0,59,0,206,0,46,3.0,2,12.0,2,5,1,5,8,0,0,0,0,0,0,False,False,False,False,True,False,False,False,True,False,False,False,False,48,269.0,11,0.0,0,-0.955846190636831,-1.0400277386787262
10477,1973,39435.0,1,0.0,16,0,71,0,18,0.0,0,13.0,1,3,1,2,7,0,0,0,0,0,0,False,False,False,False,True,False,False,False,False,False,True,False,False,52,102.0,6,1.0,0,-1.3467844284511916,-1.0904686802081953
2681,1984,65370.0,0,0.0,1,0,71,22,112,120.5,81,29.0,1,2,3,13,1,0,0,0,0,0,0,True,False,False,False,False,False,False,False,True,False,False,False,False,41,461.0,18,0.0,1,1.7349171054327954,-1.68902714160607
5150,1979,20194.0,1,0.0,64,0,0,4,7,11.0,10,15.0,2,2,0,3,6,0,0,0,0,0,0,False,True,False,False,False,False,False,False,False,True,False,False,False,46,47.0,5,1.0,0,-1.8679427319167203,-1.0488448105446968
5283,1976,42473.0,1,1.0,72,0,93,1,21,0.0,4,25.0,3,2,1,4,5,0,0,0,0,0,0,False,False,False,False,True,False,False,False,False,True,False,False,False,49,144.0,7,2.0,0,-1.5409243471486336,0.3230449278097608
9645,1968,64590.0,0,0.0,98,0,920,81,168,36.0,46,30.0,1,9,4,10,6,0,0,0,0,0,0,False,False,True,False,False,False,False,False,True,False,False,False,False,57,1338.0,23,0.0,1,2.0278804328439843,-0.18895446185078427
10678,1959,71232.0,0,1.0,91,0,653,17,170,34.0,26,17.0,2,11,2,10,7,0,0,0,0,0,0,False,False,True,False,False,False,False,False,False,False,True,False,False,66,917.0,23,1.0,1,1.1428857922796616,1.1680296785610493
7261,1971,34600.0,1,1.0,8,0,199,33,60,8.0,3,15.0,5,5,2,5,8,0,0,0,0,0,1,False,False,True,False,False,False,False,False,False,False,True,False,False,54,318.0,12,2.0,0,-1.9880289459890657,1.714005413241934
9648,1967,46904.0,1,1.0,20,0,153,4,56,0.0,9,31.0,4,5,1,4,8,0,0,0,0,0,0,False,False,True,False,False,False,False,False,False,True,False,False,False,58,253.0,10,2.0,0,-1.7350427597142464,1.4083640669481412
2870,1973,49094.0,0,1.0,6,0,376,0,38,11.0,8,69.0,5,6,3,6,6,0,0,0,0,0,0,False,False,True,False,False,False,False,False,True,False,False,False,False,52,502.0,15,1.0,0,-0.4930868330797061,1.1931570761282104
8008,1983,36075.0,1,0.0,54,0,46,0,30,12.0,1,30.0,1,2,0,4,6,0,0,0,0,0,0,False,False,True,False,False,False,False,False,False,False,True,False,False,42,119.0,6,1.0,0,-1.3082760819281756,-1.4577644248037014
1513,1979,60839.0,1,1.0,72,0,600,21,128,120.5,81,126.5,6,2,2,12,8,0,0,0,0,0,0,True,False,False,False,False,False,False,False,False,False,True,False,False,46,1250.0,16,2.0,0,-0.5273697567732487,2.6159802582494023
6173,1979,77298.0,0,1.0,46,0,425,81,292,23.0,35,79.0,1,6,6,11,3,0,0,0,0,0,0,False,False,False,False,False,False,False,False,False,False,True,False,False,46,969.0,23,1.0,1,1.9506441825582572,-0.2576433183291206
1419,1950,34026.0,1,1.0,11,0,18,6,15,12.0,8,17.0,3,2,1,3,5,0,0,0,0,0,0,False,False,True,False,False,False,False,False,False,False,True,False,False,75,76.0,6,2.0,0,-1.655695624307778,0.9576528202631867
9150,1963,48918.0,1,1.0,21,0,52,0,9,0.0,0,1.0,2,1,0,4,4,0,0,0,0,0,0,False,False,False,False,True,False,False,False,False,True,False,False,False,62,62.0,5,2.0,0,-1.2072257489302076,0.08767488660925563
7960,1962,82122.0,0,0.0,89,0,734,22,350,120.5,25,100.0,1,3,9,13,1,0,0,0,0,1,0,True,False,False,False,False,False,False,False,False,False,True,False,False,63,1382.0,25,0.0,1,3.517356446457249,-0.14055170193448244
1250,1976,37697.0,1,0.0,82,0,34,6,21,11.0,4,8.0,1,2,1,3,6,0,0,0,0,0,0,False,False,True,False,False,False,False,False,False,True,False,False,False,49,84.0,6,1.0,0,-1.2316312484155643,-1.1753716548922235
9905,1952,34074.0,1,1.0,69,0,135,1,41,10.0,1,67.0,5,3,3,3,6,0,0,1,0,0,0,False,False,True,False,False,False,False,False,False,False,True,False,False,73,255.0,9,2.0,0,-1.7097749134490163,2.1377131440934023
10691,1960,28520.0,1,1.0,55,0,11,0,10,0.0,2,20.0,1,1,1,2,6,0,0,0,0,0,0,False,False,False,True,False,False,False,False,True,False,False,False,False,65,43.0,4,2.0,0,-1.9668253556346516,-0.2655182231746335
7002,1955,62535.0,0,1.0,13,0,163,48,90,0.0,45,52.0,1,3,2,8,3,0,0,0,0,0,0,False,False,True,False,False,False,False,False,False,True,False,False,False,70,398.0,13,1.0,1,0.7143810562559234,-0.22580374449138724
2952,1977,36273.0,1,0.0,80,0,29,3,30,3.0,2,9.0,2,3,0,3,6,0,0,0,0,0,0,False,False,False,True,False,False,False,False,False,True,False,False,False,48,76.0,6,1.0,0,-1.3866669218321328,-0.7770707429599896
8439,1964,63404.0,0,2.0,97,0,734,26,70,11.0,44,17.0,2,6,3,4,4,1,0,0,0,0,0,False,False,True,False,False,False,False,False,False,False,True,False,False,61,902.0,13,2.0,1,0.3225318449348734,0.8613017920126207
762,1981,75774.0,1,0.0,27,0,340,21,134,120.5,14,56.0,1,7,5,8,4,0,0,0,0,0,0,True,False,False,False,False,False,False,False,False,False,True,False,False,44,823.0,20,1.0,1,1.4130878336952546,-0.4641229617934171
2831,1976,78416.0,0,1.0,99,0,453,38,279,120.5,38,126.5,2,7,7,10,3,0,0,0,0,0,0,False,False,True,False,False,False,False,False,False,False,True,False,False,49,1179.0,24,1.0,1,2.1440938263766793,0.4818049497632291
6977,1974,75702.0,0,1.0,87,0,1073,0,556,120.5,37,37.0,1,10,5,13,6,0,0,0,0,1,0,False,False,True,False,False,False,False,False,False,False,True,False,False,51,1921.0,28,1.0,1,2.525735067021673,0.6471629789056405
6289,1951,59385.0,1,1.0,85,0,135,0,10,0.0,4,36.0,2,3,1,4,5,0,0,0,0,0,0,False,False,False,True,False,False,False,False,False,False,True,False,False,74,185.0,8,2.0,0,-0.7323840865822829,0.9148377062713601
4168,1966,37070.0,1,1.0,30,0,231,7,137,4.0,15,39.0,6,5,1,8,7,0,0,0,0,0,1,False,False,True,False,False,False,False,False,False,True,False,False,False,59,433.0,14,2.0,0,-1.5960518914015271,2.4271919495811733
8397,1951,44689.0,1,1.0,82,0,18,0,5,0.0,0,11.0,2,1,1,2,7,0,0,1,0,0,0,False,False,True,False,False,False,False,False,True,False,False,False,False,74,34.0,4,2.0,0,-1.7956143690784414,0.7255545375607597
9284,1958,53977.0,0,1.0,21,0,620,16,165,0.0,24,82.0,5,5,5,12,5,0,0,0,0,0,0,False,False,True,False,False,False,False,False,False,False,True,False,False,67,907.0,22,1.0,1,0.6885463708576186,2.096242718608092
6237,1966,7144.0,0,2.0,92,0,81,4,33,5.0,2,126.5,0,12,1,1,0,0,0,0,0,0,0,False,False,False,False,True,False,False,False,False,True,False,False,False,59,416.0,25,2.0,0,0.2588260663419988,-0.4232356473729664
3130,1964,18701.0,1,1.0,95,0,12,4,2,10.0,6,10.0,4,2,0,4,5,0,0,0,0,0,0,False,False,True,False,False,False,False,False,False,True,False,False,False,61,44.0,6,2.0,0,-2.2358012380996444,0.9498223625940506
1619,1956,90369.0,0,0.0,2,0,292,51,556,120.5,23,17.0,1,4,6,6,1,0,0,0,0,0,1,False,False,True,False,False,False,False,False,True,False,False,False,False,69,1588.0,16,0.0,1,3.3409106020950583,-0.37929650833161177
1990,1974,63159.0,0,0.0,74,0,965,34,556,89.0,81,37.0,1,3,5,8,3,0,0,1,0,0,0,False,False,False,False,True,False,False,False,False,True,False,False,False,51,1797.0,16,0.0,1,2.3992367749686334,-0.8721938500410129
5513,1966,37758.0,1,1.0,49,0,27,2,10,0.0,0,1.0,2,1,0,3,8,0,0,0,0,0,0,False,False,True,False,False,False,False,False,False,False,True,False,False,59,40.0,4,2.0,0,-2.262695437533688,0.19582898115082747
269,1963,46757.0,0,1.0,71,0,777,30,163,0.0,51,122.0,6,4,4,7,9,0,0,0,0,0,0,False,False,False,False,True,False,False,False,False,True,False,False,False,62,1143.0,15,1.0,0,-0.554885580250862,2.4417795522301127
8093,1969,79734.0,0,0.0,72,0,572,8,232,23.0,62,17.0,1,4,3,6,1,1,0,0,0,0,0,False,False,False,True,False,False,False,False,True,False,False,False,False,56,914.0,13,0.0,1,2.2735884792767616,-1.080267247509537
10513,1992,63207.0,0,0.0,68,0,438,81,556,91.0,81,70.0,1,2,3,6,7,1,0,0,0,0,0,False,False,True,False,False,False,False,False,False,False,True,False,False,33,1502.0,11,0.0,1,0.9986462484176775,-1.4778553705460649
10177,1954,72071.0,0,1.0,4,0,531,69,300,120.5,81,126.5,3,5,4,8,2,0,0,0,0,0,0,False,False,True,False,False,False,False,True,False,False,False,False,False,71,1338.0,17,1.0,1,1.9142731264355966,1.0986871291799583
2549,1983,21840.0,1,0.0,80,0,17,0,9,0.0,0,1.0,1,1,0,3,9,0,0,0,0,0,0,False,False,False,False,True,False,False,False,False,False,True,False,False,42,27.0,4,1.0,0,-2.354708521338167,-1.4152903261952092
5782,1982,58582.0,0,1.0,15,0,402,35,106,101.0,77,42.0,2,9,2,9,5,0,0,0,1,0,0,True,False,False,False,False,False,False,False,False,False,True,False,False,43,763.0,20,1.0,1,0.6711603660191876,-0.14373160634799872
10057,1951,72282.0,0,0.0,70,0,503,27,419,90.0,81,126.5,1,5,7,9,7,0,0,0,0,0,1,False,False,True,False,False,False,False,False,False,True,False,False,False,74,1331.0,21,0.0,1,2.035826409400547,0.37232525469409644
10307,1956,50387.0,0,2.0,91,0,369,9,87,12.0,14,34.0,3,6,2,8,5,0,0,0,0,0,0,False,False,True,False,False,False,False,False,True,False,False,False,False,69,525.0,16,2.0,0,-0.31587154011921437,1.583080344471185
8566,1961,32583.0,1,1.0,10,0,5,0,3,0.0,0,1.0,1,1,0,2,7,0,0,0,0,0,0,False,False,False,False,True,False,False,False,False,False,True,False,False,64,9.0,3,2.0,0,-2.1591431982394567,-0.3189538963932243
2415,1962,62568.0,0,1.0,99,0,362,17,398,80.0,35,61.0,3,5,3,5,4,1,0,0,0,0,0,False,False,True,False,False,False,False,False,False,False,True,False,False,63,953.0,13,1.0,1,0.7454023432098493,0.7882693854790409
5684,1971,52266.03129314312,1,1.0,25,0,56,0,9,0.0,0,3.0,2,2,0,3,7,0,0,0,0,0,0,False,False,False,True,False,False,False,True,False,False,False,False,False,54,68.0,5,2.0,0,-1.7149010386694186,0.08207771467584256
8334,1971,33316.0,1,1.0,34,0,79,1,31,4.0,4,12.0,3,2,1,4,6,0,0,0,0,0,0,False,False,False,True,False,False,False,False,False,True,False,False,False,54,131.0,7,2.0,0,-1.9092078361253033,0.42681133753525397
9166,1968,63967.0,0,1.0,57,0,387,81,141,73.0,35,126.5,3,4,4,12,2,0,0,0,0,0,0,False,False,True,False,False,False,False,False,True,False,False,False,False,57,882.0,20,1.0,1,1.4413754112276382,0.6831780910264842
1440,1978,52513.0,0,0.0,84,0,367,17,241,104.0,81,126.5,2,9,5,9,7,0,0,0,0,0,0,True,False,False,False,False,False,False,False,False,False,True,False,False,47,1149.0,23,0.0,1,1.224318992513977,-0.16153934193380698
78,1969,25293.0,1,0.0,51,0,15,0,11,0.0,2,9.0,1,1,1,2,8,0,0,0,0,0,0,False,False,True,False,False,False,False,False,True,False,False,False,False,56,37.0,4,1.0,0,-1.9831103282460534,-1.0436228227482989
5441,1965,54111.0,0,1.0,97,0,267,6,54,8.0,3,50.0,2,5,2,6,5,0,0,0,0,0,0,False,False,False,False,True,False,False,False,False,False,False,True,False,60,388.0,13,1.0,0,-0.0036283713678702152,0.10917011807534598
5302,1986,78394.0,0,0.0,13,0,298,27,556,120.5,24,126.5,1,4,6,5,2,0,0,0,0,0,1,False,False,True,False,False,False,False,False,False,False,True,False,False,39,1428.0,15,0.0,1,2.4478071829432526,-1.460498122132357
4687,1958,80739.0,0,0.0,92,0,674,81,556,39.0,0,92.0,1,3,10,9,1,0,0,0,0,0,0,False,False,False,True,False,False,False,False,True,False,False,False,False,67,1633.0,23,0.0,1,3.599004007993203,-0.04415979065368946
1087,1975,22669.0,1,0.0,30,0,16,14,36,37.0,22,48.0,3,4,1,2,9,0,0,0,0,0,1,False,False,False,True,False,False,False,False,False,False,True,False,False,50,173.0,7,1.0,0,-2.19215482312315,-0.1569389327460233
6859,1987,29236.0,1,0.0,30,0,37,4,24,16.0,9,9.0,2,4,0,3,9,0,0,0,0,0,0,False,False,True,False,False,False,False,False,False,True,False,False,False,38,99.0,7,1.0,0,-2.093497073486493,-0.9693625705034321
9860,1959,44911.0,0,1.0,11,0,159,0,22,2.0,1,31.0,3,4,1,4,7,0,0,0,0,0,0,False,False,True,False,False,False,False,False,False,False,True,False,False,66,215.0,9,1.0,0,-1.0387208357869857,0.46918013902477346
7129,1962,54693.0,0,1.0,72,0,686,17,142,23.0,26,35.0,6,6,4,13,6,0,0,0,0,0,0,False,False,False,False,True,False,False,False,True,False,False,False,False,63,929.0,23,1.0,1,0.4860725105728302,2.6265458111348554
5866,1974,48186.0,1,0.0,39,0,97,3,66,12.0,7,34.0,3,4,1,4,7,0,0,0,0,0,0,False,False,True,False,False,False,False,False,False,False,True,False,False,51,219.0,9,1.0,0,-1.076283879594932,0.04386325058999011
10521,1977,54809.0,1,1.0,0,0,63,6,57,13.0,13,22.0,4,2,1,5,4,0,0,0,0,0,1,False,False,True,False,False,False,False,False,True,False,False,False,False,48,174.0,8,2.0,0,-1.1298077521617598,0.6948734927135098
7393,1978,41580.0,1,1.0,15,0,56,5,24,4.0,0,3.0,3,2,1,3,5,0,0,0,0,0,0,False,False,True,False,False,False,False,False,False,False,True,False,False,47,92.0,6,2.0,0,-1.7003199345468276,0.09822832345654205
7849,1970,80336.0,0,0.0,12,0,209,19,456,120.5,81,66.0,1,2,9,13,1,0,0,0,0,0,0,False,False,False,False,True,False,False,False,True,False,False,False,False,55,1052.0,24,0.0,1,3.0553272854008324,-0.6716224526953786
332,1957,47743.0,0,1.0,56,0,198,2,43,0.0,12,20.0,3,4,1,6,6,0,0,0,1,0,0,False,False,True,False,False,False,False,False,True,False,False,False,False,68,275.0,11,1.0,0,-0.5945004894771527,0.6620065941310924
9847,1955,62972.0,0,1.0,39,0,313,15,47,20.0,0,126.5,2,7,4,3,6,0,0,0,0,0,0,True,False,False,False,False,False,False,False,True,False,False,False,False,70,587.0,14,1.0,1,0.3168392720283905,0.5850488682166025
531,1954,57333.0,0,1.0,55,0,941,14,397,76.0,58,126.5,6,8,5,9,6,0,0,0,0,0,1,False,False,False,False,True,False,False,True,False,False,False,False,False,71,1662.0,22,1.0,1,1.1415104710400277,3.0171210127069643
9576,1982,32313.0,1,0.0,60,0,86,4,56,2.0,4,7.0,3,4,0,4,9,0,0,0,0,0,0,False,False,False,False,True,False,False,False,False,False,True,False,False,43,159.0,8,1.0,0,-1.9664742361976393,-0.2220727821187096
6906,1953,84953.0,0,0.0,73,0,167,48,556,63.0,72,72.0,1,3,10,4,2,1,0,0,1,1,1,False,False,False,True,False,False,False,False,False,False,False,True,False,72,1024.0,17,0.0,1,2.6919066672481353,-0.22220052870094673
7419,1968,27071.0,1,0.0,90,0,8,3,19,0.0,2,3.0,2,2,0,3,6,0,0,0,0,0,0,False,False,False,True,False,False,False,True,False,False,False,False,False,57,35.0,5,1.0,0,-1.6175341649078285,-0.5900132239771199
3170,1957,68148.0,0,0.0,86,0,389,66,408,37.0,57,85.0,1,4,4,6,2,0,0,0,0,0,0,False,False,False,True,False,False,False,False,False,False,True,False,False,68,1042.0,14,0.0,1,2.0999332798924564,-0.5984909186195847
8527,1965,65735.0,1,1.0,37,0,239,7,119,4.0,15,11.0,5,6,2,6,7,0,0,0,0,0,0,False,False,False,True,False,False,False,False,False,False,True,False,False,60,395.0,14,2.0,0,-0.8431609000908636,2.2403904720539525
7872,1975,86836.0,0,0.0,7,0,179,21,273,0.0,21,63.0,1,6,10,6,5,1,0,1,0,1,1,False,False,False,False,True,False,False,False,True,False,False,False,False,50,557.0,22,0.0,1,1.9380500553515216,-0.7050239333556552
9931,1963,4023.0,1,1.0,29,0,5,0,1,1.0,1,1.0,6,0,0,0,13,0,0,0,0,0,0,False,False,False,False,True,False,False,False,True,False,False,False,False,62,9.0,0,2.0,0,-4.601959479365401,1.974724228260383
10595,1990,30093.0,0,0.0,19,0,2,6,28,13.0,4,16.0,1,2,0,3,7,0,0,0,0,0,0,False,False,True,False,False,False,False,False,True,False,False,False,False,35,69.0,5,0.0,0,-1.304348267659367,-2.373329054342953
4609,1966,57705.0,0,1.0,14,0,383,0,53,6.0,4,40.0,3,8,1,6,6,0,0,0,0,0,0,False,False,False,False,True,False,False,False,True,False,False,False,False,59,486.0,15,1.0,0,-0.03179999333761542,0.6066611353883414
5010,1988,25008.0,1,0.0,72,0,2,8,8,6.0,1,9.0,2,1,0,3,8,0,0,0,0,0,0,False,False,True,False,False,False,False,False,False,True,False,False,False,37,34.0,4,1.0,0,-2.251256156831591,-1.1949577988842321
4427,1995,83257.0,0,0.0,56,1,536,27,556,38.0,81,67.0,1,5,10,12,6,0,0,1,0,1,1,True,False,False,False,False,False,False,False,False,True,False,False,False,30,1365.0,27,0.0,1,2.4930832038062847,-0.8177822094103967
11148,1975,22280.0,1,0.0,85,0,2,1,4,3.0,1,2.0,1,1,0,2,8,0,0,0,0,0,0,False,False,True,False,False,False,False,False,False,False,True,False,False,50,13.0,3,1.0,0,-2.174459557455858,-1.2623279622686128
1168,1978,72159.0,0,0.0,62,0,322,53,556,34.0,40,53.0,1,4,6,10,2,0,0,0,0,0,0,False,False,False,False,True,False,False,False,True,False,False,False,False,47,1401.0,20,0.0,1,2.673419438260074,-0.9424410039492973
9595,1961,64260.0,0,0.0,1,0,539,81,556,20.0,0,30.0,1,4,5,4,3,0,0,0,0,0,1,False,False,True,False,False,False,False,False,False,False,True,False,False,64,1574.0,13,0.0,1,2.144116548240735,-0.7422959326505008
10163,1984,82733.0,0,0.0,28,0,712,50,420,65.0,38,38.0,1,8,4,7,4,0,0,0,0,0,1,False,False,False,False,True,False,False,False,False,True,False,False,False,41,1323.0,19,0.0,1,2.3835075455514185,-1.028055641977181
2886,1971,74290.0,0,1.0,70,0,1121,0,72,0.0,12,12.0,4,10,8,10,6,1,0,0,1,0,0,False,False,False,True,False,False,False,True,False,False,False,False,False,54,1217.0,28,1.0,1,1.6226249675927449,1.880909326656509
6710,1951,58217.0,2,1.0,84,0,68,1,13,3.0,5,13.0,1,2,0,4,6,0,0,0,0,0,0,False,False,False,True,False,False,False,False,False,True,False,False,False,74,103.0,6,2.5,0,-1.2639513959177915,0.7183701147591219
5316,1976,21024.0,0,0.0,89,0,36,4,18,6.0,2,18.0,1,2,0,4,7,0,0,0,0,0,0,False,False,False,True,False,False,False,False,False,False,True,False,False,49,84.0,6,0.0,0,-1.3021254253269572,-1.8163821332780894
9029,1972,70116.0,0,0.0,73,0,707,44,556,95.0,58,29.0,1,2,8,12,1,0,0,0,0,0,0,False,False,False,False,True,False,False,False,True,False,False,False,False,53,1536.0,22,0.0,1,3.088049246879073,-0.692643712315252
521,1985,54006.0,1,0.0,42,0,174,77,203,6.0,24,97.0,2,8,1,7,7,0,0,0,0,0,0,False,False,True,False,False,False,False,False,False,False,True,False,False,40,581.0,16,1.0,0,-0.1976681267378168,-0.311374664185185
1459,1966,69063.0,0,1.0,16,0,666,35,124,69.0,8,26.0,1,5,3,5,3,0,0,0,0,0,0,False,False,False,False,True,False,False,False,True,False,False,False,False,59,928.0,13,1.0,1,1.2047580814439514,-0.40612130904536853
10241,1975,11448.0,0,0.0,16,0,0,0,0,6.0,2,6.0,1,1,0,2,6,0,0,0,0,0,0,True,False,False,False,False,False,False,True,False,False,False,False,False,50,14.0,3,0.0,0,-1.6071607231620857,-2.206928345783213
1630,1979,61825.0,0,1.0,56,0,162,50,100,55.0,30,27.0,1,4,2,8,4,0,0,0,0,0,0,False,False,True,False,False,False,False,False,False,True,False,False,False,46,424.0,14,1.0,1,0.41841370020473373,-0.8305465369726859
3254,1971,70886.0,1,0.0,65,0,407,70,239,103.0,81,53.0,1,5,4,4,2,0,0,0,0,0,0,False,False,True,False,False,False,False,False,True,False,False,False,False,54,960.0,13,1.0,1,1.4212674888953445,-0.5450407866377823
9064,1982,69109.0,0,0.0,10,0,823,25,459,120.5,29,95.0,1,6,6,7,4,0,0,0,0,1,1,False,False,True,False,False,False,False,False,True,False,False,False,False,43,1555.0,19,0.0,1,2.2659229709258795,-1.0421331661086521
3678,1973,60208.0,1,1.0,13,0,488,23,71,15.0,0,59.0,6,8,3,7,7,0,0,0,1,0,1,False,False,True,False,False,False,False,False,False,False,False,True,False,52,656.0,18,2.0,0,-0.6926680705654469,2.585745278765088
4227,1968,32889.0,1,1.0,78,0,28,0,13,4.0,2,8.0,3,2,1,3,5,0,0,0,0,0,0,False,False,False,True,False,False,False,False,False,False,True,False,False,57,55.0,6,2.0,0,-1.8292115204384092,0.45573038764018986
9467,1984,34738.0,1,0.0,51,0,3,2,10,3.0,0,2.0,1,1,0,3,6,0,0,0,0,0,0,False,False,True,False,False,False,False,False,False,True,False,False,False,41,20.0,4,1.0,0,-1.5530946510277985,-1.6216078175099764
8486,1971,30538.0,1,0.0,27,0,284,0,52,8.0,3,20.0,4,9,0,4,10,0,0,0,0,0,0,False,False,False,True,False,False,False,False,False,False,True,False,False,54,367.0,13,1.0,0,-1.728131716492589,0.8766712528691124
2186,1977,82326.0,0,0.0,30,0,938,81,556,120.5,81,126.5,1,5,10,6,2,1,0,0,1,1,1,True,False,False,False,False,False,False,False,False,False,True,False,False,48,2257.0,21,0.0,1,3.6645315689756637,-0.6284166755640943
3286,1967,26642.0,1,0.0,71,0,13,2,15,2.0,2,8.0,2,2,0,3,6,0,0,0,0,0,0,False,False,False,False,True,False,False,True,False,False,False,False,False,58,42.0,5,1.0,0,-1.619339193489087,-0.5895671429603914
8602,1964,69932.0,0,1.0,97,0,412,81,153,120.5,81,57.0,2,7,6,11,4,0,0,0,0,0,0,False,False,True,False,False,False,False,True,False,False,False,False,False,61,1049.0,24,1.0,1,1.7663676411835112,0.8536950685453694
3722,1972,44503.0,1,1.0,83,0,31,1,8,0.0,0,8.0,2,2,0,3,6,0,0,0,0,0,0,False,False,True,False,False,False,False,False,False,True,False,False,False,53,48.0,5,2.0,0,-1.7272305157881582,0.0025540120947503096
6715,1948,60200.0,0,1.0,3,0,502,19,132,0.0,6,26.0,6,6,2,11,6,0,0,0,0,0,0,False,False,False,False,True,False,False,False,False,True,False,False,False,77,685.0,19,1.0,1,0.263948014432406,2.7801598741901774
4796,1952,49638.0,0,1.0,71,0,18,10,3,3.0,5,0.0,1,1,0,3,2,0,0,0,0,0,0,False,False,True,False,False,False,False,True,False,False,False,False,False,73,39.0,4,1.0,0,-0.2173734005410378,-0.7056740120295796
9612,1987,23830.0,0,0.0,3,0,1,8,6,4.0,8,16.0,1,1,0,3,7,0,0,0,0,0,0,True,False,False,False,False,False,False,False,False,True,False,False,False,38,43.0,4,0.0,0,-1.512996421600013,-2.4011426612990627
3766,1959,33051.0,0,0.0,15,0,100,71,243,108.0,81,126.5,3,9,1,8,9,0,0,0,0,0,1,False,False,False,True,False,False,False,False,False,False,False,True,False,66,835.0,18,0.0,0,-0.11170955095450895,0.4971467445769608
1399,1958,72905.0,0,0.0,52,0,407,81,445,120.5,81,126.5,1,3,7,9,1,1,0,0,0,0,0,False,False,True,False,False,False,False,False,True,False,False,False,False,67,1515.0,19,0.0,1,3.0604490666916035,-0.38228741582157055
1570,1951,69702.0,0,1.0,8,0,664,9,240,50.0,19,57.0,2,7,7,10,4,0,0,0,0,0,0,False,False,False,False,True,False,False,False,False,False,True,False,False,74,1039.0,24,1.0,1,1.8342627947485861,1.1354233980035524
3426,1975,70300.0,1,0.0,89,0,1045,61,338,60.0,46,46.0,3,5,5,13,8,0,0,0,0,0,0,False,False,True,False,False,False,False,True,False,False,False,False,False,50,1596.0,23,1.0,1,1.255823809467698,1.3140714248949574
3074,1984,70643.0,0,0.0,66,0,1218,81,304,23.0,81,33.0,1,5,8,4,6,0,0,0,0,0,1,False,False,False,False,True,False,False,False,True,False,False,False,False,41,1828.0,17,0.0,1,2.049637922033664,-0.8795535609949937
8341,1969,30396.0,1,0.0,22,0,15,0,6,0.0,1,12.0,2,1,1,2,7,0,0,1,0,0,1,False,False,False,False,True,False,False,False,True,False,False,False,False,56,34.0,4,1.0,0,-1.8073760327107606,-0.6788628102521898
5180,1968,50616.0,0,1.0,56,0,128,0,16,0.0,1,4.0,2,4,0,4,7,0,0,0,0,0,0,False,False,False,False,True,False,False,True,False,False,False,False,False,57,149.0,8,1.0,0,-0.9766438370736641,-0.22056376719937604
6461,1969,62772.0,0,1.0,74,0,581,49,157,43.0,8,108.0,1,5,6,11,2,0,0,0,1,0,0,False,False,False,True,False,False,False,False,False,True,False,False,False,56,946.0,22,1.0,1,1.7993657254269593,-0.12071126575038892
7679,1985,30298.0,0,0.0,48,0,6,3,12,6.0,1,0.0,1,1,1,3,3,0,0,0,0,0,0,False,False,False,False,True,False,False,False,False,True,False,False,False,40,28.0,5,0.0,0,-0.5824494069267725,-2.469049436056224
10702,1984,52413.0,1,0.0,67,0,185,8,133,56.0,56,12.0,2,7,1,7,7,0,0,0,0,0,0,False,False,True,False,False,False,False,False,False,True,False,False,False,41,450.0,15,1.0,0,-0.3869008698505402,-0.3272209805045907
7505,1957,44155.0,1,1.0,24,0,22,1,9,0.0,0,14.0,1,1,1,2,4,0,0,0,0,0,0,False,False,False,False,True,False,False,False,True,False,False,False,False,68,46.0,4,2.0,0,-1.2354360073531774,-0.24318351833032317
5113,1971,86979.0,0,0.0,67,0,584,81,556,65.0,81,35.0,1,5,5,5,2,0,0,1,0,0,1,False,False,False,False,True,False,False,True,False,False,False,False,False,54,1702.0,15,0.0,1,3.0120152602467916,-0.7403571616683572
10858,1975,76532.0,1,1.0,38,0,355,30,177,90.0,81,30.0,4,9,5,7,5,0,0,0,0,0,0,False,False,True,False,False,False,False,False,False,False,True,False,False,50,820.0,21,2.0,1,0.559818024967028,1.8191500408596382
2961,1982,42081.0,1,0.0,86,0,175,10,110,54.0,6,27.0,2,6,3,4,6,0,0,1,0,0,0,False,False,True,False,False,False,False,False,True,False,False,False,False,43,382.0,13,1.0,0,-0.6089842724733023,-0.4940220376927894
2747,1988,67546.0,0,0.0,90,0,864,81,556,120.5,38,126.5,1,4,10,5,3,0,0,0,0,0,0,False,False,False,False,True,False,False,False,True,False,False,False,False,37,2126.0,19,0.0,1,2.8419410062626755,-1.0595681435620246
3010,1989,88420.0,0,0.5063752276867031,87,0,957,81,556,99.0,81,126.5,1,4,7,8,1,1,0,1,0,1,0,False,False,False,True,False,False,False,False,False,False,True,False,False,36,2069.0,19,0.5063752276867031,1,3.3735580910006435,-0.7955231055701576
5790,1985,31158.0,1,0.0,62,0,25,6,16,20.0,0,5.0,2,2,0,3,8,0,0,0,0,0,0,False,False,True,False,False,False,False,False,True,False,False,False,False,40,72.0,5,1.0,0,-1.9932932556995704,-1.0084929783843501
6892,1968,61671.0,0,1.0,23,0,641,7,56,0.0,0,28.0,6,10,4,6,8,1,0,0,1,0,0,False,False,True,False,False,False,False,True,False,False,False,False,False,57,732.0,20,1.0,0,-0.11275457492520156,2.368025365271123
1743,1974,69719.0,0,0.0,99,0,273,81,208,120.5,14,43.0,1,2,3,5,1,0,0,0,0,0,0,False,False,True,False,False,False,False,False,False,True,False,False,False,51,801.0,10,0.0,1,1.7292800198592833,-1.445153566854478
3578,1949,49160.0,0,1.0,29,0,122,21,43,25.0,10,15.0,2,3,1,6,6,0,0,0,0,0,0,False,False,True,False,False,False,False,True,False,False,False,False,False,76,236.0,10,1.0,0,-0.49014776642808916,0.3915627644754129
8462,1978,24882.0,1,0.0,52,0,1,4,10,29.0,0,36.0,1,1,1,2,6,0,0,1,0,0,0,False,True,False,False,False,False,False,False,False,False,True,False,False,47,80.0,4,1.0,0,-1.6831202439801312,-1.483888560043234
5558,1954,90933.0,0,0.0,90,0,1020,31,430,62.0,63,79.0,1,4,6,4,1,0,0,0,0,1,0,False,False,False,False,True,False,False,False,False,True,False,False,False,71,1685.0,14,0.0,1,3.3525213318044123,-0.2323183059074686
4619,1945,113734.0,0,0.0,9,0,6,2,3,1.0,81,3.0,0,12,0,0,1,0,0,0,0,0,0,False,False,False,False,True,False,False,False,False,True,False,False,False,80,277.0,27,0.0,1,3.7048573119651524,-0.08275978162258543
8780,1950,59292.0,0,1.0,71,0,378,14,68,19.0,14,14.0,2,3,5,8,3,0,0,0,0,0,0,False,False,False,False,True,False,False,False,False,False,True,False,False,75,507.0,16,1.0,1,0.8669424921065887,0.6206065774986739
10789,1964,45759.0,1,1.0,13,0,42,1,18,3.0,0,4.0,2,2,0,3,7,0,0,0,0,0,0,False,False,False,False,True,False,False,False,True,False,False,False,False,61,68.0,5,2.0,0,-1.811329148285973,0.24355675513641123
10779,1983,22148.0,0,0.0,16,0,15,5,14,0.0,4,11.0,1,1,0,3,7,0,0,0,0,0,0,False,False,True,False,False,False,False,False,False,True,False,False,False,42,49.0,4,0.0,0,-1.5097257728560327,-2.258917924852035
5896,1987,73395.0,0,0.0,94,0,272,7,80,20.0,7,11.0,1,4,4,6,2,0,0,0,0,0,0,False,False,False,True,False,False,False,False,True,False,False,False,False,38,397.0,14,0.0,1,1.4501620119183847,-1.6961430930718624
2337,1971,29819.0,1,0.0,77,0,9,1,24,2.0,1,2.0,3,3,0,3,6,0,0,0,0,0,0,False,False,True,False,False,False,False,True,False,False,False,False,False,54,39.0,6,1.0,0,-1.6238869825381599,-0.19470742556694717
10951,1968,45688.0,0,1.0,20,0,279,0,18,0.0,0,9.0,2,3,1,8,4,0,0,0,1,0,0,False,False,True,False,False,False,False,False,True,False,False,False,False,57,306.0,12,1.0,0,-0.2021768181551615,-0.3232810569872768
544,1954,62820.0,0,0.0,51,0,398,61,265,120.5,61,53.0,1,3,4,6,1,0,0,0,0,0,0,False,False,True,False,False,False,False,False,True,False,False,False,False,71,976.0,13,0.0,1,2.0495996978345272,-0.7348912160128872
17,1971,60491.0,0,1.0,81,0,637,47,237,12.0,19,76.0,4,6,10,7,5,0,0,0,0,0,0,False,False,False,False,True,False,False,False,True,False,False,False,False,54,1028.0,24,1.0,1,1.0784184723337937,1.4867977853654133
10680,1986,33235.0,1,0.0,71,0,45,0,16,2.0,1,6.0,1,3,0,3,7,0,0,0,0,0,0,False,False,True,False,False,False,False,False,False,False,True,False,False,39,70.0,6,1.0,0,-1.6088132151319887,-1.4885889924663513
3265,1959,35701.0,0,0.0,36,0,21,1,9,7.0,3,5.0,1,1,0,3,6,0,0,0,0,0,0,False,False,True,False,False,False,False,False,True,False,False,False,False,66,46.0,4,0.0,0,-0.8148246189721126,-1.398873108706681
5623,1980,31535.0,1,0.0,95,0,15,4,13,0.0,0,19.0,1,1,1,2,7,0,0,1,0,0,0,False,False,False,True,False,False,False,False,True,False,False,False,False,45,51.0,4,1.0,0,-1.7302182314471886,-1.3594273470388636
5832,1960,92556.0,0,0.0,32,0,493,81,352,120.5,23,28.0,0,3,5,13,0,0,0,0,0,0,0,True,False,False,False,False,False,False,False,False,False,True,False,False,65,1263.0,21,0.0,1,3.6956971058896917,-0.8196072270142658
5544,1970,67384.0,0,1.0,32,0,957,40,175,120.5,53,107.0,2,7,8,5,5,0,0,0,1,0,0,False,False,True,False,False,False,False,False,False,True,False,False,False,55,1490.0,20,1.0,1,1.5711538119563067,0.5278626257301289
6417,1971,80573.0,0,0.0,85,0,829,81,430,60.0,81,15.0,1,4,6,13,2,0,0,0,0,0,0,False,False,False,True,False,False,False,False,False,False,True,False,False,54,1564.0,23,0.0,1,3.2532560625190317,-0.4299155389477467
5831,1967,77870.0,0,1.0,93,0,1017,50,500,65.0,50,126.5,3,5,5,5,8,1,0,0,1,0,1,False,False,True,False,False,False,False,False,True,False,False,False,False,58,1815.0,15,1.0,1,1.181153596061444,1.3339151165621879
7101,1963,52278.0,0,1.0,24,0,953,0,71,0.0,0,126.5,6,10,5,10,8,0,0,0,0,0,0,False,False,False,False,True,False,False,False,False,False,False,True,False,62,1198.0,25,1.0,1,0.3991732145009808,2.8026755664962315
10176,1968,57107.0,0,1.0,44,0,159,0,120,0.0,0,126.5,6,4,4,8,8,0,1,0,1,0,1,False,False,True,False,False,False,False,False,False,True,False,False,False,57,416.0,16,1.0,0,-0.7169252637763497,2.107377267978094
2326,1990,18929.0,0,0.0,15,0,32,0,8,23.0,4,18.0,1,1,0,4,6,0,0,0,0,0,0,False,False,True,False,False,False,False,False,True,False,False,False,False,35,85.0,5,0.0,0,-1.3773992825099242,-2.539076618493061
4385,1981,36038.0,1,0.0,82,0,23,0,15,0.0,2,7.0,2,3,0,3,6,0,0,0,0,0,0,False,False,False,False,True,False,False,False,False,True,False,False,False,44,47.0,6,1.0,0,-1.4485339350645947,-0.9154402230373565
2929,1976,20180.0,0,0.0,27,0,18,42,24,15.0,20,18.0,1,2,1,4,7,0,0,0,0,0,0,False,False,True,False,False,False,False,False,False,True,False,False,False,49,137.0,7,0.0,0,-1.2358944300567227,-1.8659309634427501
10686,1965,34230.0,1,1.0,72,0,15,0,4,0.0,0,2.0,1,1,0,2,7,0,0,0,0,0,0,False,False,False,False,True,False,False,False,False,False,True,False,False,60,21.0,3,2.0,0,-2.1254258487287196,-0.3344741230729227
2546,1977,31878.0,0,1.0,7,0,23,4,5,10.0,5,23.0,1,1,0,4,3,0,0,0,0,0,0,True,False,False,False,False,False,False,False,False,True,False,False,False,48,70.0,5,1.0,0,-0.9473426521718759,-1.6515671263058276
3283,1972,70932.0,0,1.0,57,0,200,81,100,46.0,81,126.5,2,6,2,12,3,0,0,0,0,0,0,True,False,False,False,False,False,False,False,True,False,False,False,False,53,909.0,20,1.0,1,1.5233166200617307,0.23907851852122952
3138,1956,91249.0,0,0.0,84,0,1225,27,119,71.0,81,27.0,0,7,9,6,4,1,1,0,1,1,1,False,False,True,False,False,False,False,False,False,True,False,False,False,69,1676.0,22,0.0,1,3.4123242242278913,-0.16564393916467685
4994,1943,77598.0,0,0.0,53,0,1193,33,281,120.5,66,33.0,1,7,5,13,3,0,0,0,0,1,0,False,False,False,True,False,False,False,False,False,True,False,False,False,82,1735.0,25,0.0,1,3.4966119778829197,0.6315261035400842
7966,1959,80982.0,1,1.0,48,1,505,81,401,104.0,22,22.0,3,11,5,11,5,0,0,0,0,0,0,False,False,True,False,False,False,False,False,False,True,False,False,False,66,1191.0,27,2.0,1,1.5801214179076981,2.317266098094908
3112,1977,22701.0,1,0.0,2,0,2,4,9,0.0,4,5.0,1,1,0,3,5,0,0,0,0,0,0,False,False,False,True,False,False,False,False,True,False,False,False,False,48,24.0,4,1.0,0,-1.6114711779607769,-1.6383784145652065
10872,1969,55212.0,0,1.0,65,0,1103,0,45,0.0,0,34.0,3,4,2,11,8,0,1,0,1,0,0,False,False,False,False,True,False,False,False,True,False,False,False,False,56,1182.0,17,1.0,1,0.2396003211092584,0.9811545317593582
2181,1970,70617.0,0,0.0,45,0,353,61,556,40.0,46,27.0,1,3,3,7,2,0,0,0,0,0,0,False,False,True,False,False,False,False,False,True,False,False,False,False,55,1280.0,13,0.0,1,2.166693854419824,-1.0654732778164526
1867,1957,64849.0,0,0.0,42,0,652,48,350,94.0,81,108.0,1,9,3,6,5,0,0,0,0,0,1,False,False,True,False,False,False,False,False,False,True,False,False,False,68,1336.0,18,0.0,1,1.971619806666056,-0.21711731072924847
1518,1965,62694.0,1,1.0,29,0,379,6,157,25.0,81,91.0,5,9,3,7,7,0,0,0,0,0,0,False,False,False,False,False,False,False,False,True,False,False,False,False,60,749.0,19,2.0,0,-0.31897155632014534,2.5172396970138537
5734,1974,61917.0,1,1.0,83,0,46,4,36,2.0,2,1.0,1,2,0,4,5,0,0,0,0,0,0,False,False,False,False,True,False,False,False,True,False,False,False,False,51,91.0,6,2.0,0,-0.9606949599421798,-0.39378606586109877
2878,1947,67472.0,0,1.0,93,0,162,31,127,8.0,17,69.0,2,4,2,7,3,0,0,0,0,0,0,False,False,False,False,True,False,False,False,True,False,False,False,False,78,414.0,13,1.0,1,0.8275178790736974,0.6611666223007487
1458,1982,21059.0,1,0.0,40,0,8,3,19,3.0,3,8.0,3,3,0,3,6,0,0,0,0,0,0,False,False,False,True,False,False,False,False,True,False,False,False,False,43,44.0,6,1.0,0,-1.9271724812734794,-0.6880449328879398
7007,1968,29543.0,2,0.0,47,0,17,3,18,3.0,4,18.0,2,3,1,2,7,0,0,0,0,0,0,False,False,False,True,False,False,False,False,True,False,False,False,False,57,63.0,6,2.0,0,-2.1534705174411823,0.0831114749479168
6200,1951,75903.0,0,1.0,50,0,340,81,185,120.5,38,100.0,2,6,6,9,3,0,0,0,0,0,0,False,False,True,False,False,False,False,False,True,False,False,False,False,74,901.0,21,1.0,1,1.8682594029600539,1.0074332600354903
1403,1975,34984.0,1,1.0,40,0,8,4,15,3.0,5,3.0,2,1,0,3,7,0,0,0,0,0,0,True,False,False,False,False,False,False,False,False,False,True,False,False,50,38.0,4,2.0,0,-2.232129890573111,-0.2151086265382371
4827,1956,54998.0,0,1.0,3,0,154,22,202,39.0,30,8.0,5,4,2,9,4,0,0,0,0,0,1,False,False,False,False,True,False,False,False,False,True,False,False,False,69,455.0,15,1.0,0,0.09735557067652284,1.6371928374120606
6250,1949,54356.0,0,1.0,62,0,710,15,30,20.0,0,0.0,3,11,2,8,8,0,0,0,0,0,1,False,False,False,False,True,False,False,False,False,False,False,True,False,76,775.0,21,1.0,1,0.3045556548072938,1.717103048692607
9291,1959,34242.0,0,1.0,25,0,8,2,4,0.0,0,1.0,1,0,0,3,5,0,0,0,0,0,0,False,False,False,True,False,False,False,False,True,False,False,False,False,66,15.0,3,1.0,0,-1.2545136624145172,-0.9602867802139488
2478,1973,25410.0,1,0.0,48,0,2,2,4,13.0,13,4.0,1,1,0,4,4,0,0,0,0,0,0,False,False,True,False,False,False,False,False,True,False,False,False,False,52,38.0,5,1.0,0,-1.2524198471884411,-1.4352684537154103
1139,1984,73356.0,0,0.0,56,0,1050,14,322,0.0,14,112.0,1,5,10,5,2,1,0,1,0,1,1,False,False,False,False,True,False,False,False,True,False,False,False,False,41,1512.0,21,0.0,1,2.80122196849159,-1.0694469122009223
5138,1950,28320.0,0,1.0,68,0,19,1,14,3.0,2,4.0,1,1,0,3,8,0,0,0,0,0,0,False,False,True,False,False,False,False,False,False,False,True,False,False,75,43.0,4,1.0,0,-1.7434292055993064,-0.3599350252033869
5393,1977,23763.0,1,0.0,64,0,22,0,6,6.0,2,6.0,1,1,0,3,7,0,0,0,0,0,0,False,False,True,False,False,False,False,False,False,True,False,False,False,48,42.0,4,1.0,0,-1.9027505968981402,-1.3739118075669314
10413,1984,72570.0,0,0.0,67,0,274,81,216,120.5,81,126.5,1,4,6,12,1,0,0,0,0,0,0,False,False,True,False,False,False,False,False,True,False,False,False,False,41,1089.0,22,0.0,1,2.680304846391197,-1.1897618947260218
5015,1976,34529.0,1,0.0,94,0,68,6,38,3.0,6,41.0,2,2,2,3,7,0,0,0,0,0,0,False,False,False,True,False,False,False,False,True,False,False,False,False,49,162.0,7,1.0,0,-1.4575989449452624,-0.5930753257089784
10868,1951,70792.0,0,0.0,82,0,344,45,556,104.0,11,114.0,2,3,4,10,3,0,0,0,0,0,0,False,False,True,False,False,False,False,False,False,False,False,True,False,74,1272.0,17,0.0,1,2.3018472616653822,0.3306150877114227
10676,1982,63211.0,0,0.0,3,0,145,81,459,120.5,26,126.5,2,3,8,7,2,0,0,0,0,0,1,False,False,True,False,False,False,False,False,True,False,False,False,False,43,1173.0,18,0.0,1,1.9980852395120672,-0.9406891988997047
2495,1974,83891.0,0,1.0,24,0,217,38,350,111.0,81,15.0,1,4,7,10,1,0,0,0,0,0,0,False,False,False,True,False,False,False,False,True,False,False,False,False,51,816.0,21,1.0,1,2.2406253079362193,-0.35444359580888246
7842,1968,36065.0,1,1.0,54,0,18,7,34,10.0,2,3.0,3,3,0,3,8,0,0,0,0,0,0,False,False,True,False,False,False,False,False,False,True,False,False,False,57,74.0,6,2.0,0,-2.272000472743081,0.6716720532429443
9955,1954,39898.0,0,1.0,20,0,69,8,26,12.0,7,12.0,2,3,0,4,7,0,0,0,0,0,0,False,False,True,False,False,False,False,False,False,False,True,False,False,71,134.0,7,1.0,0,-1.1940420247775205,0.05160460080155856
6663,1940,51141.0,0,0.0,96,0,144,0,7,0.0,0,6.0,1,3,1,4,5,0,0,0,0,0,0,False,False,False,False,True,False,False,False,False,True,False,False,False,85,157.0,8,0.0,0,0.2351833102751018,-0.41444192095991605
2162,1976,56939.0,0,1.0,19,0,256,34,103,90.0,29,49.0,2,3,3,10,3,0,0,0,0,0,0,False,False,True,False,False,False,False,False,True,False,False,False,False,49,561.0,16,1.0,1,0.622125275318057,-0.3327813518062202
3434,1951,80872.0,0,0.0,60,0,483,72,556,94.0,12,108.0,1,4,4,10,1,0,0,0,0,0,0,False,False,True,False,False,False,False,False,False,True,False,False,False,74,1336.0,18,0.0,1,3.099652281181459,-0.16315431202059752
7919,1976,72335.0,0,0.0,2,0,1225,81,556,28.0,21,0.0,1,10,4,8,8,0,0,0,0,0,1,False,False,False,False,True,False,False,False,False,False,True,False,False,49,2092.0,22,0.0,1,2.310859393665723,-0.2629120155772494
5626,1964,61798.0,0,0.0,13,0,338,4,89,11.0,8,13.0,1,4,2,9,4,0,0,0,0,0,0,False,False,False,False,True,False,False,False,False,True,False,False,False,61,463.0,15,0.0,1,1.113842134594849,-0.9445185583906606
6428,1950,76842.0,0,0.0,37,0,605,10,345,84.0,54,32.0,1,1,8,7,0,0,0,0,0,0,0,False,False,False,False,True,False,False,False,False,False,False,True,False,75,1130.0,16,0.0,1,2.890879588021323,-0.415644201283229
8514,1976,29478.0,1,0.0,59,0,8,0,7,3.0,1,1.0,1,1,0,3,6,0,0,0,0,0,0,False,False,True,False,False,False,False,False,False,False,True,False,False,49,20.0,4,1.0,0,-1.6059528767829352,-1.3844228464847064
10448,1956,46998.0,0,1.0,55,0,172,41,86,45.0,6,27.0,5,5,3,5,7,0,0,1,0,0,0,False,False,True,False,False,False,False,False,False,True,False,False,False,69,377.0,13,1.0,0,-0.7846580301308805,1.774657401386222
2109,1990,96843.0,0,0.0,60,0,448,71,556,40.0,17,17.0,1,6,10,10,2,0,0,0,0,1,1,False,False,True,False,False,False,False,False,False,True,False,False,False,35,1544.0,27,0.0,1,3.696866859739293,-0.7956957892112648
7530,1950,56551.0,1,1.0,48,0,67,4,32,17.0,2,16.0,3,2,1,4,4,0,0,0,0,0,0,False,False,False,False,True,False,False,False,False,False,False,True,False,75,138.0,7,2.0,0,-0.8331066128040735,1.1809405198283425
8925,1965,70053.0,0,1.0,38,0,512,53,98,81.0,81,89.0,3,8,5,10,5,0,0,0,0,0,0,False,False,False,True,False,False,False,False,True,False,False,False,False,60,1012.0,23,1.0,1,1.3691646200861163,1.193518625124847
3009,1962,71670.0,0,0.0,8,0,1225,16,128,0.0,0,126.5,1,5,3,6,6,0,1,0,1,1,1,False,False,False,False,True,False,False,False,False,False,False,True,False,63,1766.0,14,0.0,1,2.003371690114977,-0.38798007483731156
6355,1978,44359.0,1,1.0,19,0,20,0,14,7.0,3,1.0,3,2,0,4,3,0,0,0,0,0,0,False,False,False,False,False,False,False,False,True,False,False,False,False,47,45.0,6,2.0,0,-1.3227941856177972,-0.03512371162915205
3517,1952,40887.0,1,0.5063752276867031,32,0,50,4,44,10.0,10,43.0,3,3,1,3,9,0,0,0,0,0,1,False,False,True,False,False,False,False,False,False,True,False,False,False,73,161.0,7,1.506375227686703,0,-1.8330081177125055,1.0522131632417207
1158,1966,48877.0,0,1.0,27,0,102,1,15,2.0,0,24.0,1,3,0,4,7,0,0,0,0,0,0,False,False,True,False,False,False,False,True,False,False,False,False,False,59,144.0,7,1.0,0,-0.969005295226823,-0.7100232309271947
6203,1947,74485.0,0,0.0,58,0,499,81,556,120.5,49,49.0,1,6,7,12,3,0,0,0,0,0,0,False,False,False,False,False,False,False,False,False,False,True,False,False,78,1734.0,25,0.0,1,3.391436726327771,0.482189181632546
7165,1972,64474.0,0,1.0,59,0,381,35,172,56.0,81,93.0,2,8,2,10,5,0,0,0,0,0,0,False,False,True,False,False,False,False,False,False,False,True,False,False,53,823.0,20,1.0,1,0.9542331074743676,0.32103553029052145
3595,1963,77226.0,0,1.0,29,0,631,43,239,120.5,76,21.0,2,6,8,12,3,0,0,0,0,0,0,False,False,True,False,False,False,False,False,False,False,True,False,False,62,1138.0,26,1.0,1,2.294544657826388,0.8707487034126474
8537,1949,72643.0,0,0.0,60,0,526,80,553,120.5,81,53.0,1,3,10,7,2,1,0,0,0,0,1,False,False,True,False,False,False,False,False,False,False,False,True,False,76,1429.0,20,0.0,1,2.9496748447608194,0.027393782157249632
4331,1978,85738.0,0,0.0,41,0,913,26,376,17.0,26,13.0,1,3,6,11,1,0,0,0,1,1,0,False,False,False,True,False,False,False,False,False,False,True,False,False,47,1371.0,20,0.0,1,3.1333146256814723,-0.9523241479092851
6281,1966,55686.0,0,1.0,27,0,673,0,199,37.0,47,26.0,2,6,3,5,4,0,0,1,0,0,0,False,False,True,False,False,False,False,True,False,False,False,False,False,59,982.0,14,1.0,1,0.7215660446308948,0.08834461247534073
4338,1983,39062.0,1,0.0,28,0,23,0,9,0.0,0,12.0,1,1,0,3,4,0,0,1,0,0,0,False,False,True,False,False,False,False,False,False,True,False,False,False,42,44.0,4,1.0,0,-1.0820409143000527,-1.7365377611076929
2452,1971,34600.0,1,1.0,8,0,199,33,60,8.0,3,15.0,5,5,2,5,8,0,0,0,0,0,1,False,False,True,False,False,False,False,False,False,False,True,False,False,54,318.0,12,2.0,0,-1.9880289459890657,1.714005413241934
9507,1975,40794.0,0,1.0,18,0,261,23,73,4.0,23,50.0,2,6,3,5,7,0,0,0,0,0,0,False,False,True,False,False,False,False,False,True,False,False,False,False,50,434.0,14,1.0,0,-0.6719706015054192,-0.24959186261812383
8360,1971,54690.0,1,1.0,76,0,111,16,37,7.0,9,18.0,3,3,1,5,3,0,0,0,0,0,0,True,False,False,False,False,False,False,False,True,False,False,False,False,54,198.0,9,2.0,0,-0.6959575494412981,0.5456571583585738
10311,1969,4428.0,0,1.0,0,0,16,4,12,2.0,4,126.5,0,12,0,0,1,0,0,0,0,0,0,False,False,True,False,False,False,False,False,True,False,False,False,False,56,359.0,25,1.0,1,0.4109819765638694,-1.2295997969739156
5117,1963,32632.0,0,0.0,32,0,63,81,137,120.5,19,53.0,2,4,4,8,5,0,0,0,0,0,0,True,False,False,False,False,False,False,False,True,False,False,False,False,62,576.0,16,0.0,1,0.3221004869626114,-0.5137929709788404
4867,1968,38236.0,1,1.0,2,0,58,0,18,2.0,0,10.0,4,3,0,4,7,0,0,0,0,0,0,False,False,False,False,True,False,False,False,False,True,False,False,False,57,88.0,7,2.0,0,-2.0957237996798885,1.0254784372902475
9289,1979,36781.0,1,0.0,16,0,29,1,17,0.0,3,13.0,1,2,1,2,8,0,0,0,0,0,1,False,False,True,False,False,False,False,False,True,False,False,False,False,46,63.0,5,1.0,0,-1.7273469213798893,-1.2903802401973383
10913,1984,31385.0,1,0.0,56,0,3,2,12,0.0,1,9.0,1,1,0,2,8,0,0,1,0,0,1,False,False,False,True,False,False,False,False,False,True,False,False,False,41,27.0,3,1.0,0,-2.0356914913901187,-1.5333693757388753
3032,1984,24570.0,1,0.0,97,0,28,34,62,11.0,14,44.0,3,4,0,4,9,0,0,0,0,0,0,False,False,True,False,False,False,False,False,True,False,False,False,False,41,193.0,8,1.0,0,-2.1243062193957893,-0.2806826407567782
8524,1974,25509.0,1,0.0,15,0,40,3,30,10.0,7,11.0,3,3,0,3,9,0,0,0,0,0,1,False,False,False,False,True,False,False,True,False,False,False,False,False,51,101.0,6,1.0,0,-2.242815664821661,-0.18897746039555105
3334,1951,94642.0,0,0.0,35,0,879,81,556,106.0,81,126.5,0,5,7,9,1,1,0,0,0,1,0,False,False,True,False,False,False,False,False,True,False,False,False,False,74,2211.0,21,0.0,1,4.414338012924807,-0.19458897748712708
4470,1962,58646.0,0,1.0,3,0,62,1,44,6.0,5,22.0,1,2,1,4,4,0,0,0,0,0,0,False,False,False,True,False,False,False,False,True,False,False,False,False,63,140.0,7,1.0,0,-0.19430865830106583,-0.7661250167057547
1406,1975,53201.0,1,1.0,49,0,280,7,81,20.0,0,27.0,6,6,3,5,7,0,0,0,0,0,0,False,False,True,False,False,False,False,False,False,True,False,False,False,50,415.0,14,2.0,0,-1.3049587084886818,2.2821861537747097
8619,1957,21994.0,0,1.0,4,0,9,0,6,3.0,1,3.0,1,0,0,3,5,0,0,0,0,0,0,False,False,True,False,False,False,False,False,False,False,True,False,False,68,22.0,3,1.0,0,-1.5234632331802713,-1.0229745324926764
10821,1978,57113.0,1,1.0,45,0,182,4,33,0.0,2,42.0,6,4,1,5,7,0,0,0,0,0,0,False,False,True,False,False,False,False,False,True,False,False,False,False,47,263.0,10,2.0,0,-1.6118682062448493,1.9875827103694443
4552,1991,51373.0,0,0.0,37,0,83,2,101,64.0,26,117.0,1,3,5,3,4,0,0,0,0,0,0,False,False,True,False,False,False,False,False,True,False,False,False,False,34,393.0,11,0.0,0,0.3475859474847112,-2.082904676769675
898,1986,23477.0,1,0.0,39,0,38,15,54,3.0,8,29.0,3,3,0,4,8,0,0,0,0,0,0,False,False,True,False,False,False,False,False,True,False,False,False,False,39,147.0,7,1.0,0,-2.1089177889071693,-0.5824437832817724
9797,1956,58116.0,0,1.0,38,0,228,19,130,4.0,11,51.0,2,3,3,8,2,0,0,0,0,0,0,False,False,True,False,False,False,False,False,True,False,False,False,False,69,443.0,14,1.0,1,0.7779644377042343,0.17632904230400598
10949,1963,72968.0,0,0.0,8,0,1092,37,556,120.5,37,55.0,1,5,5,8,3,1,0,0,0,0,1,False,False,False,False,True,False,False,True,False,False,False,False,False,62,1958.0,18,0.0,1,2.953794019232932,-0.4075284034799312
8212,1971,39791.0,0,1.0,89,0,85,15,27,13.0,13,21.0,2,3,1,4,7,0,0,0,0,0,0,False,False,False,True,False,False,False,False,True,False,False,False,False,54,174.0,8,1.0,0,-1.2230727330893565,-0.3453500079931859
6248,1947,91712.0,0,0.0,47,0,1225,24,556,94.0,29,48.0,0,9,7,11,3,0,0,0,0,1,1,False,False,False,True,False,False,False,False,False,True,False,False,False,78,2217.0,27,0.0,1,4.410937147927721,0.3602289974959927
10164,1958,94472.0,0,1.0,75,0,1017,33,417,108.0,81,16.0,1,5,5,5,5,0,0,0,1,1,0,False,False,True,False,False,False,False,False,False,True,False,False,False,67,1691.0,15,1.0,1,2.2740819821886085,0.5824599823752458
4547,1960,13672.0,1,1.0,86,0,6,2,9,2.0,1,5.0,2,1,0,3,8,0,0,0,0,0,0,False,False,True,False,False,False,False,False,False,False,True,False,False,65,25.0,4,2.0,0,-2.7733758877784136,0.26218831299009093
6815,1980,96547.0,0,0.0,4,0,448,21,125,52.0,81,62.0,0,7,6,8,2,1,0,1,0,1,1,True,False,False,False,False,False,False,False,True,False,False,False,False,45,809.0,21,0.0,1,2.894448168022733,-1.4574290128444645
4122,1975,79205.0,0,0.0,73,0,504,23,117,120.5,28,44.0,1,6,5,4,4,1,0,0,0,0,1,False,False,True,False,False,False,False,False,True,False,False,False,False,50,895.0,15,0.0,1,1.795431087413021,-0.9697489893216842
10841,1975,56559.0,0,1.0,46,0,226,22,133,41.0,31,31.0,3,4,3,8,4,0,0,0,0,0,0,False,False,False,False,True,False,False,False,False,False,True,False,False,50,484.0,15,1.0,0,0.2241982953905226,0.2003824005301573
5370,1973,32644.0,1,0.5063752276867031,38,0,239,3,141,0.0,7,23.0,4,7,1,6,8,0,0,1,0,0,0,False,False,False,False,True,False,False,False,True,False,False,False,False,52,413.0,14,1.506375227686703,0,-1.49150140320363,1.0532290858697368
176,1980,67506.0,0,1.0,73,0,90,38,67,33.0,36,67.0,1,4,1,6,3,0,0,0,0,0,0,True,False,False,False,False,False,False,False,False,True,False,False,False,45,331.0,11,1.0,1,0.4606918799154162,-1.025785140952931
4860,1970,24206.0,1,0.0,66,0,7,2,8,3.0,2,3.0,1,1,0,3,6,0,0,0,0,0,0,False,False,True,False,False,False,False,False,False,True,False,False,False,55,25.0,4,1.0,0,-1.6720979946259706,-1.214135047124971
10757,1967,28420.0,1,0.0,36,0,4,2,5,2.0,0,0.0,1,1,0,2,6,0,0,0,0,0,0,False,False,False,False,True,False,False,True,False,False,False,False,False,58,13.0,3,1.0,0,-1.6300381720965045,-1.178955565787195
4023,1970,22979.0,1,0.0,29,0,16,17,19,20.0,21,22.0,3,3,2,2,8,0,0,0,0,0,1,False,False,True,False,False,False,False,False,True,False,False,False,False,55,115.0,7,1.0,0,-2.0155215021298027,-0.07943201692031625
6679,1966,33279.0,0,0.0,29,0,10,3,3,0.0,0,0.0,1,0,0,3,3,0,0,0,0,0,0,False,False,True,False,False,False,False,False,False,True,False,False,False,59,16.0,3,0.0,0,-0.4937147611102028,-1.9401681386637295
9923,1972,46423.0,1,1.0,6,0,68,0,16,0.0,0,8.0,3,2,0,4,7,0,0,0,0,0,0,False,False,False,True,False,False,False,False,False,True,False,False,False,53,92.0,6,2.0,0,-1.8899623729662978,0.4711625275933957
7181,1977,30368.0,0,1.0,97,0,35,0,13,2.0,0,2.0,2,2,0,3,8,0,0,0,0,0,0,False,False,True,False,False,False,False,False,True,False,False,False,False,48,52.0,5,1.0,0,-1.9500448813049562,-0.6968204055876676
3599,1970,63684.0,0,1.0,61,0,575,80,428,120.5,81,80.0,3,8,4,8,5,0,0,0,0,0,0,False,False,True,False,False,False,False,False,True,False,False,False,False,55,1464.0,20,1.0,1,1.3665530122515528,0.9877524498216209
405,1964,41638.0,0,1.0,68,0,315,0,31,4.0,0,91.0,4,5,5,3,8,0,0,1,0,0,0,False,False,True,False,False,False,False,True,False,False,False,False,False,61,441.0,13,1.0,0,-0.988869266760753,1.1309827259622671
6870,1959,68805.0,0,1.0,73,0,182,2,49,17.0,13,20.0,1,3,1,7,2,0,0,0,0,0,0,False,False,False,False,True,False,False,True,False,False,False,False,False,66,283.0,11,1.0,1,0.8027675239031133,-0.4053944783601408
832,1966,65814.0,0,1.0,90,0,561,14,113,10.0,14,35.0,3,8,2,10,5,0,0,0,0,0,0,False,False,False,False,True,False,False,False,False,False,True,False,False,59,747.0,20,1.0,1,0.8771934414947671,1.0108958519726596
2002,1958,71964.0,0,0.0,81,0,587,51,556,120.5,34,86.0,1,5,6,5,3,0,0,0,0,0,0,False,False,True,False,False,False,False,True,False,False,False,False,False,67,1870.0,16,0.0,1,2.7994141861151176,-0.2426924681347807
3657,1986,39146.0,1,0.5063752276867031,1,0,94,1,33,13.0,12,12.0,3,4,0,4,8,0,0,0,0,0,0,False,False,True,False,False,False,False,False,False,True,False,False,False,39,165.0,8,1.506375227686703,0,-1.927694569911933,-0.16923936619907728
500,1977,96876.0,0,0.0,79,0,908,43,556,40.0,81,21.0,1,7,7,9,2,1,0,0,1,1,1,False,False,True,False,False,False,False,False,False,False,True,False,False,48,1941.0,23,0.0,1,3.8860294850701096,-0.41912328436262725
1951,1981,34445.0,0,0.0,92,0,228,81,122,120.5,81,30.0,6,11,2,8,9,0,0,0,0,0,0,False,True,False,False,False,False,False,False,True,False,False,False,False,44,839.0,21,0.0,0,-0.36958009754555277,1.3853721699824468
3262,1958,68281.0,0,0.0,31,0,995,81,417,42.0,48,41.0,1,2,9,13,5,0,0,0,0,0,1,False,False,True,False,False,False,False,False,False,True,False,False,False,67,1655.0,24,0.0,1,2.6707533992182664,0.109729558584145
4102,1975,37284.0,1,1.0,46,0,11,1,2,2.0,1,6.0,1,0,0,3,6,0,0,0,0,0,0,True,False,False,False,False,False,False,False,True,False,False,False,False,50,23.0,3,2.0,0,-1.969698033779899,-0.7595399105938023
7042,1983,36790.0,0,0.0,14,0,3,3,14,15.0,21,10.0,1,2,1,2,9,0,0,0,0,0,1,False,False,True,False,False,False,False,False,True,False,False,False,False,42,66.0,5,0.0,0,-1.4436864651822632,-1.94679557297837
10598,1967,27943.0,1,1.0,89,0,12,1,16,4.0,1,3.0,3,2,0,3,8,0,0,0,0,0,0,False,False,True,False,False,False,False,False,False,False,True,False,False,58,37.0,5,2.0,0,-2.533779107336315,0.6435554565717877
255,1951,22263.0,1,1.0,31,1,17,0,2,0.0,0,2.0,2,1,0,3,6,0,0,0,0,0,0,False,False,True,False,False,False,False,True,False,False,False,False,False,74,21.0,4,2.0,0,-2.1686695271573515,0.38726899498904216
2375,1972,30261.0,1,0.5063752276867031,75,0,8,0,5,0.0,3,6.0,1,0,0,3,8,0,0,0,0,0,0,False,False,True,False,False,False,False,False,False,False,True,False,False,53,22.0,3,1.506375227686703,0,-2.207629935258974,-0.8121005251200951
9829,1978,28587.0,1,0.0,42,0,22,4,17,12.0,10,13.0,3,2,0,4,6,0,0,0,0,0,0,False,False,True,False,False,False,False,False,False,False,True,False,False,47,78.0,6,1.0,0,-1.6903832357396333,-0.48450429126380334
6214,1982,43815.0,1,0.0,53,0,14,10,29,4.0,7,15.0,1,2,0,3,6,0,0,0,0,0,0,False,False,False,False,False,False,False,False,True,False,False,False,False,43,79.0,5,1.0,0,-1.214687043445799,-1.4205788548661655
4954,1956,48195.0,1,1.0,53,0,106,27,68,52.0,7,5.0,6,4,2,5,6,0,0,0,0,0,0,False,False,True,False,False,False,False,False,True,False,False,False,False,69,265.0,11,2.0,0,-1.3939678662624737,2.631533754262262
7861,1952,77027.0,0,1.0,23,0,820,57,242,45.0,0,11.0,2,8,3,6,4,0,0,0,0,0,0,False,False,False,True,False,False,False,False,True,False,False,False,False,73,1175.0,17,1.0,1,1.6766812669678763,0.8981065969756269
4837,1965,71322.0,0,1.0,57,0,753,43,226,69.0,10,126.5,2,8,5,13,4,0,0,0,0,0,0,False,False,False,False,True,False,False,False,True,False,False,False,False,60,1305.0,26,1.0,1,2.1096648054558957,0.9193317836657757
9423,1979,32765.0,1,0.0,49,0,13,3,17,7.0,3,3.0,2,2,0,4,5,0,0,0,0,0,0,False,False,False,True,False,False,False,False,True,False,False,False,False,46,46.0,6,1.0,0,-1.3440507258937084,-1.0042128119114395
4198,1965,29672.0,1,1.0,6,0,9,1,3,0.0,4,8.0,1,0,0,3,6,0,0,0,0,0,0,False,False,True,False,False,False,False,False,False,False,True,False,False,60,25.0,3,2.0,0,-2.0737402032786436,-0.5524830925129272
153,1953,23272.0,0,0.0,29,0,19,3,6,4.0,2,12.0,1,1,0,3,4,0,0,0,0,0,0,False,False,True,False,False,False,False,True,False,False,False,False,False,72,46.0,4,0.0,0,-0.7060625366042886,-1.459413380116459
9323,1949,49912.0,0,1.0,5,0,520,8,223,32.0,49,42.0,4,10,5,7,8,0,0,1,0,0,1,False,False,False,True,False,False,False,False,False,False,True,False,False,76,874.0,22,1.0,1,0.2194669231316457,2.1064464715826725
10001,1985,7500.0,1,0.0,98,0,5,17,17,13.0,14,34.0,4,2,1,3,9,0,0,0,0,0,0,True,False,False,False,False,False,False,False,False,False,True,False,False,40,100.0,6,1.0,0,-2.8353934257615627,-0.11249065956739723
3945,1947,68117.0,0,1.0,80,0,618,44,215,0.0,17,36.0,2,11,8,4,6,0,0,1,0,0,1,False,False,False,False,True,False,False,False,False,False,False,True,False,78,930.0,23,1.0,1,1.3529662767772925,1.4517611513393143
3799,1955,67225.0,0,1.0,4,0,315,35,322,46.0,7,126.5,3,7,2,11,5,0,0,0,0,0,0,False,False,True,False,False,False,False,False,True,False,False,False,False,70,868.0,20,1.0,1,1.0736543408823362,1.275822981414431
8625,1976,17649.0,1,0.0,70,0,15,1,23,0.0,5,1.0,3,3,0,3,8,0,0,0,0,0,0,False,False,True,False,False,False,False,False,True,False,False,False,False,49,45.0,6,1.0,0,-2.295895795729865,-0.316085452766565
3491,1975,55914.0,0,1.0,32,0,384,60,364,119.0,81,126.5,4,11,6,8,7,0,0,0,0,0,0,False,False,True,False,False,False,False,False,False,False,True,False,False,50,1260.0,25,1.0,1,0.8237216715538467,1.4901198182020219
983,1984,40059.0,1,0.0,82,0,110,29,92,28.0,10,126.5,1,6,2,3,8,0,0,1,0,0,0,False,False,True,False,False,False,False,False,True,False,False,False,False,41,414.0,11,1.0,0,-1.015527652077907,-0.9638620081771084
9119,1950,60905.0,0,1.0,27,0,208,17,76,36.0,17,38.0,2,3,3,7,2,0,0,0,0,0,0,False,False,True,False,False,False,False,False,False,False,True,False,False,75,392.0,13,1.0,1,0.7862644770785845,0.3214683217011415
4786,1977,75330.0,1,1.0,94,0,555,81,257,93.0,61,61.0,4,10,3,12,6,0,0,0,0,0,0,False,False,True,False,False,False,False,False,True,False,False,False,False,48,1109.0,25,2.0,1,0.8401752229203617,2.1625526020969312
5872,1951,60689.0,0,1.0,23,0,240,81,216,63.0,6,24.0,4,4,4,10,3,0,0,0,0,0,0,False,False,True,False,False,False,False,False,False,True,False,False,False,74,639.0,18,1.0,1,0.8945166627907598,1.5389846670793268
6568,1984,38680.0,1,0.0,97,0,11,0,36,15.0,5,12.0,1,2,0,3,7,0,0,0,0,0,0,False,False,True,False,False,False,False,False,True,False,False,False,False,41,79.0,5,1.0,0,-1.5121418805832811,-1.3802631278239417
5628,1982,61416.0,0,0.0,25,0,848,81,323,120.5,61,78.0,1,10,3,10,6,0,0,1,0,0,0,False,False,True,False,False,False,False,False,False,False,True,False,False,43,1665.0,23,0.0,1,2.0793475285983445,-0.7186862276494093
5631,1991,52266.03129314312,0,0.0,92,0,202,47,197,55.0,42,126.5,1,5,4,8,4,0,0,0,0,0,0,False,False,True,False,False,False,False,False,False,True,False,False,False,34,692.0,17,0.0,1,1.000246052029478,-1.639802866309292
4974,1970,83273.0,1,2.0,98,0,433,81,556,16.0,81,102.0,6,4,6,9,7,0,0,0,0,0,0,False,False,True,False,False,False,False,False,False,True,False,False,False,55,1392.0,19,2.5,1,0.309084434486028,3.5280801537212945
8416,1981,29009.0,1,0.0,19,0,6,6,15,10.0,5,2.0,2,2,0,3,6,0,0,0,0,0,0,False,False,True,False,False,False,False,False,True,False,False,False,False,44,44.0,5,1.0,0,-1.6960209698242714,-1.1201192489624985
5454,1979,45057.0,1,0.0,80,0,37,0,7,3.0,0,3.0,1,2,0,3,5,0,0,0,0,0,0,False,False,False,True,False,False,False,False,True,False,False,False,False,46,50.0,5,1.0,0,-1.0009500986601978,-1.3493073701648206
4095,1971,37150.0,1,0.0,80,0,167,37,64,49.0,34,116.0,6,4,3,6,7,0,0,0,0,0,0,False,False,True,False,False,False,False,False,True,False,False,False,False,54,467.0,13,1.0,0,-1.1650807164410855,1.7098725157098906
5474,1970,43020.0,1,0.0,79,0,45,7,99,4.0,25,43.0,3,4,1,4,6,0,0,0,0,0,0,False,False,True,False,False,False,False,False,False,True,False,False,False,55,223.0,9,1.0,0,-0.972435805281551,0.1271255189497707
4268,1959,53154.0,0,1.0,50,0,129,0,21,0.0,1,7.0,1,3,1,4,4,0,0,0,0,0,0,False,False,True,False,False,False,False,False,True,False,False,False,False,66,158.0,8,1.0,0,-0.20571075633906175,-0.5829796174110845
10701,1973,65308.0,0,0.0,60,0,713,0,264,120.0,80,34.0,1,7,8,12,4,1,0,0,0,1,0,False,False,True,False,False,False,False,False,True,False,False,False,False,52,1211.0,27,0.0,1,2.486007246459628,-0.41008976569128036
3507,1970,76467.0,1,0.0,44,0,676,81,426,120.5,44,58.0,2,2,5,5,6,0,0,0,0,0,1,False,False,False,False,False,False,False,False,False,True,False,False,False,55,1575.0,12,1.0,1,1.1836056096563474,0.34988684428924344
2079,1947,81044.0,0,0.0,0,0,450,26,535,73.0,81,26.0,1,5,6,10,1,0,0,0,0,0,0,True,False,False,False,False,False,False,False,True,False,False,False,False,78,1208.0,21,0.0,1,3.2010167101231315,-0.02132321604240483
626,1951,32871.0,1,1.0,28,0,22,2,12,0.0,2,5.0,1,1,0,3,4,0,0,0,0,0,0,False,False,True,False,False,False,False,False,True,False,False,False,False,74,43.0,4,2.0,0,-1.4488312886428838,-0.1270735435982401
4426,1975,55801.0,1,1.0,35,0,367,4,51,6.0,4,95.0,6,7,2,6,7,1,0,0,0,0,0,False,False,True,False,False,False,False,False,False,True,False,False,False,50,527.0,15,2.0,0,-1.095930034512532,2.352529013729788
2591,1959,76320.0,0,1.0,49,0,526,35,214,69.0,53,35.0,2,6,3,4,2,0,0,0,0,0,0,False,False,True,False,False,False,False,False,False,False,False,True,False,66,932.0,13,1.0,1,1.5140873246847986,0.310987029187738
10509,1955,36927.0,1,1.0,46,0,51,0,16,0.0,0,4.0,2,3,0,3,8,0,0,0,0,0,0,False,False,False,True,False,False,False,False,False,True,False,False,False,70,71.0,6,2.0,0,-2.041534457945223,0.6482097775336753
6382,1953,48794.0,1,1.0,97,0,25,0,11,3.0,0,15.0,1,1,0,3,4,0,0,0,0,0,0,False,False,True,False,False,False,False,False,False,False,True,False,False,72,54.0,4,2.0,0,-1.0649560411691625,0.047386375817873395
6673,1965,23478.0,0,0.0,51,0,28,6,27,12.0,17,39.0,1,3,0,3,8,0,0,0,0,0,0,False,False,True,False,False,False,False,False,False,True,False,False,False,60,129.0,6,0.0,0,-1.3030576305259969,-1.4080010988245382
7441,1973,52266.03129314312,1,0.0,80,0,958,81,447,20.0,0,31.0,3,2,10,12,7,0,0,0,0,0,0,False,False,True,False,False,False,False,True,False,False,False,False,False,52,1615.0,24,1.0,1,1.1026909790342765,1.1987799217294586
1071,1976,70179.0,0,1.0,10,0,532,81,168,69.0,44,126.5,3,7,3,13,5,0,0,0,0,0,0,False,False,False,False,False,False,False,True,False,False,False,False,False,49,1034.0,23,1.0,1,1.289130797092781,0.788977583243548
10061,1950,59462.0,0,1.0,29,0,724,17,143,0.0,8,126.5,2,9,2,12,7,0,0,0,0,0,0,False,False,True,False,False,False,False,False,True,False,False,False,False,75,1088.0,23,1.0,1,1.063981599504461,1.31415695296127
7187,1969,52266.03129314312,1,1.0,52,0,375,42,48,94.0,66,96.0,6,4,10,4,3,0,0,0,0,0,0,False,False,False,True,False,False,False,False,False,False,True,False,False,56,721.0,18,2.0,0,-0.07959405704605636,2.4347348087217116
8775,1969,38361.0,1,0.0,74,0,39,0,56,20.0,8,14.0,3,3,1,3,7,0,0,0,0,0,0,False,False,False,False,False,False,False,False,False,False,True,False,False,56,137.0,7,1.0,0,-1.4427272267959717,0.07857770973871608
1612,1981,52266.03129314312,1,0.0,82,0,23,0,15,0.0,2,7.0,2,3,0,3,6,0,0,0,0,0,0,False,False,False,False,True,False,False,False,False,True,False,False,False,44,47.0,6,1.0,0,-1.0710808258780313,-0.7876728798560789
2345,1982,70038.0,0,0.0,54,0,587,54,348,71.0,54,126.5,1,4,4,8,2,0,0,0,0,0,0,False,False,False,False,True,False,False,False,False,False,True,False,False,43,1244.0,16,0.0,1,2.212518155115398,-1.3254852047484658
322,1978,42554.0,1,1.0,93,0,29,1,11,0.0,0,0.0,2,2,0,3,4,0,0,0,0,0,0,False,False,True,False,False,False,False,False,False,False,True,False,False,47,41.0,5,2.0,0,-1.475642117346651,-0.3476568880387435
10897,1974,67445.0,0,1.0,63,0,757,80,217,29.0,80,11.0,5,9,6,12,6,0,0,0,0,0,0,False,False,True,False,False,False,False,False,True,False,False,False,False,51,1174.0,27,1.0,1,1.2327499545286464,2.1078787078049768
123,1951,67046.0,0,1.0,92,0,544,35,133,23.0,81,107.0,2,4,5,4,2,0,0,0,0,0,0,False,False,True,False,False,False,False,False,False,False,False,True,False,74,993.0,13,1.0,1,1.4281579058809442,0.5885761828318348
6103,1948,42192.0,0,0.0,40,0,40,15,15,17.0,6,7.0,1,2,1,3,4,0,0,0,0,0,0,False,False,True,False,False,False,False,False,True,False,False,False,False,77,100.0,6,0.0,0,-0.05278289445034577,-1.0222037630494367
7899,1952,77610.0,0,1.0,70,0,1225,33,332,21.0,33,16.0,2,4,7,4,7,0,0,0,0,0,0,False,False,False,False,True,False,False,False,True,False,False,False,False,73,1680.0,15,1.0,1,1.4654817237026316,1.2362897777711193
10500,1984,31761.0,1,0.0,96,0,19,1,20,16.0,14,28.0,2,3,0,4,5,0,0,0,0,0,0,False,False,True,False,False,False,False,False,True,False,False,False,False,41,98.0,7,1.0,0,-1.2905064659085972,-1.0430099215847966
1655,1979,34350.0,1,0.0,81,0,16,3,15,2.0,1,11.0,1,1,0,3,7,0,0,0,0,0,0,False,False,True,False,False,False,False,False,False,False,True,False,False,46,48.0,4,1.0,0,-1.6631313959037355,-1.3276899429232578
2406,1949,54591.0,0,1.0,63,0,376,4,94,12.0,9,24.0,3,6,2,8,5,0,0,0,0,0,0,False,False,True,False,False,False,False,False,False,False,True,False,False,76,519.0,16,1.0,1,0.31703870386197397,1.2049039450114507
2712,1956,71866.0,0,1.0,85,0,184,81,178,103.0,39,33.0,1,6,3,10,3,0,0,0,0,0,0,False,False,True,False,False,False,False,False,True,False,False,False,False,69,715.0,19,1.0,1,1.5747818607158675,0.28269871530665724
5517,1969,25293.0,1,0.0,51,0,15,0,11,0.0,2,9.0,1,1,1,2,8,0,0,0,0,0,0,False,False,True,False,False,False,False,False,True,False,False,False,False,56,37.0,4,1.0,0,-1.9831103282460534,-1.0436228227482989
10643,1987,42000.0,0,0.0,23,0,124,81,267,85.0,59,35.0,2,5,2,11,5,0,0,0,0,0,1,False,False,False,False,True,False,False,False,False,True,False,False,False,38,653.0,18,0.0,1,0.5227552401110525,-1.1414181994899235
2254,1983,69520.0,0,0.0,95,0,627,81,414,120.5,80,93.0,1,9,6,5,5,0,0,0,0,0,0,False,False,True,False,False,False,False,False,True,False,False,False,False,42,1455.0,20,0.0,1,2.0995128852894185,-0.8365589956225641
10281,1970,64713.0,1,0.0,11,0,180,60,241,13.0,54,54.0,2,5,5,7,4,0,0,0,0,0,1,False,False,True,False,False,False,False,True,False,False,False,False,False,55,602.0,17,1.0,1,0.7711614486472638,0.04522564430689328
6958,1977,27889.0,1,0.0,42,0,14,0,4,0.0,0,8.0,1,1,1,2,6,0,0,0,0,0,0,False,False,False,True,False,False,False,False,True,False,False,False,False,48,26.0,4,1.0,0,-1.6516833447884973,-1.456462127273804
954,1960,22123.0,0,0.0,77,0,3,3,24,34.0,7,31.0,1,2,1,3,5,0,0,0,0,0,0,False,True,False,False,False,False,False,False,False,False,False,True,False,65,102.0,6,0.0,0,-0.7818998712558406,-1.442325508415524
5079,1971,52266.03129314312,1,1.0,82,0,71,1,16,0.0,0,9.0,4,2,1,3,8,0,0,0,0,0,0,False,False,True,False,False,False,False,False,True,False,False,False,False,54,97.0,6,2.0,0,-1.9994232760387056,1.1989205158598206
10339,1954,52266.03129314312,0,1.0,83,0,161,0,22,0.0,0,24.0,2,4,1,4,6,0,0,0,0,0,0,False,False,False,True,False,False,False,False,False,False,True,False,False,71,207.0,9,1.0,0,-0.5286619207295418,0.2857100473239495
4643,1973,27803.0,1,0.0,40,0,8,26,46,38.0,9,49.0,2,3,0,4,8,0,0,0,0,0,0,False,False,True,False,False,False,False,False,True,False,False,False,False,52,176.0,7,1.0,0,-1.7691494061680104,-0.5561624108418702
3117,1955,52266.03129314312,0,1.0,95,0,264,0,21,12.0,6,126.5,3,6,1,5,7,0,0,0,0,0,0,False,False,True,False,False,False,False,False,False,True,False,False,False,70,450.0,12,1.0,0,-0.43138791006589594,0.9909793791128431
6497,1960,51651.0,0,1.0,32,0,293,6,23,13.0,6,92.0,4,6,2,5,8,0,0,0,0,0,0,False,False,True,False,False,False,False,False,True,False,False,False,False,65,433.0,13,1.0,0,-0.7400944349489705,1.2817818359830648
5396,1988,68487.0,0,0.0,48,0,758,12,385,33.0,81,89.0,1,9,7,13,4,0,0,0,0,0,0,False,False,True,False,False,False,False,False,True,False,False,False,False,37,1366.0,29,0.0,1,2.6804149161772317,-0.7737312972494187
5250,1943,52266.03129314312,0,0.0,75,0,532,81,490,120.5,81,126.0,1,5,5,11,1,0,0,0,0,1,1,False,False,False,True,False,False,False,False,False,False,False,True,False,82,1564.0,21,0.0,1,2.877035556180953,0.09377019612529208
1052,1969,56796.0,0,1.0,24,0,656,38,161,62.0,47,37.0,3,8,9,7,7,0,0,0,0,0,0,False,False,True,False,False,False,False,False,True,False,False,False,False,56,1001.0,24,1.0,1,0.726369778338023,1.1268198163976144
2802,1992,87000.0,0,0.0,61,0,196,25,556,67.0,17,49.0,1,4,6,7,2,0,0,0,0,0,0,True,False,False,False,False,False,False,False,True,False,False,False,False,33,961.0,17,0.0,1,2.358045827018081,-1.5353793873403214
6343,1959,79823.0,0,1.0,6,0,835,73,380,114.0,73,43.0,1,6,9,7,2,0,0,0,1,0,0,False,False,True,False,False,False,False,False,True,False,False,False,False,66,1518.0,22,1.0,1,2.722489809566122,0.3729123456369907
6507,1980,30828.0,1,0.0,16,0,16,11,15,2.0,0,12.0,2,1,1,4,3,0,0,0,0,0,0,False,False,True,False,False,False,False,False,False,True,False,False,False,45,56.0,6,1.0,0,-1.0498224107699066,-1.2545594254207304
7901,1971,34109.0,0,1.0,39,0,9,1,5,2.0,1,4.0,1,0,0,3,4,0,0,0,0,0,0,False,False,False,True,False,False,False,False,True,False,False,False,False,54,22.0,3,1.0,0,-1.1732347506842935,-1.4102167122927007
4865,1974,53367.0,1,1.0,2,0,229,7,140,10.0,3,11.0,6,5,1,8,7,0,0,0,0,0,1,False,False,False,True,False,False,False,True,False,False,False,False,False,51,400.0,14,2.0,0,-1.3194270204332847,2.236207110538333
2686,1969,22390.0,0,0.0,49,0,0,1,4,15.0,1,5.0,1,1,0,2,7,0,0,0,0,0,0,False,True,False,False,False,False,False,False,False,False,True,False,False,56,26.0,3,0.0,0,-1.4573383225505765,-1.7895903224144216
3107,1976,71322.0,0,1.0,31,0,121,24,124,24.0,15,42.0,1,4,1,7,2,0,0,0,0,0,0,False,False,True,False,False,False,False,False,False,False,True,False,False,49,350.0,12,1.0,1,0.822316291081679,-0.9566180571478339
7734,1993,79244.0,0,0.5063752276867031,58,0,471,81,125,120.5,61,126.5,1,4,10,7,1,1,0,0,0,1,1,False,False,True,False,False,True,False,False,False,False,False,False,False,32,1216.0,21,0.5063752276867031,1,2.550137739403223,-1.1634783721345672
1146,1949,49912.0,0,1.0,5,0,520,8,223,32.0,49,42.0,4,10,5,7,8,0,0,1,0,0,1,False,False,False,True,False,False,False,False,False,False,True,False,False,76,874.0,22,1.0,1,0.2194669231316457,2.1064464715826725
11031,1950,48699.0,1,1.0,90,0,26,1,10,2.0,0,1.0,1,1,0,3,5,0,0,0,0,0,0,False,False,False,False,True,False,False,False,True,False,False,False,False,75,40.0,4,2.0,0,-1.2304348380473689,0.20655966688763144
7428,1975,80144.0,0,0.0,47,0,240,81,445,120.5,81,108.0,1,3,7,8,1,0,0,0,0,0,0,False,False,True,False,False,False,False,False,False,False,True,False,False,50,1367.0,18,0.0,1,2.9028020147912312,-0.9791827318447871
975,1956,54252.0,1,1.0,25,0,178,4,26,8.0,4,44.0,5,4,1,5,6,0,0,0,0,0,0,False,False,True,False,False,False,False,False,False,True,False,False,False,69,264.0,10,2.0,0,-1.2181993850562514,2.1396788417859223
1103,1976,81929.0,1,0.0,60,0,1225,55,278,49.0,0,126.5,2,4,4,10,6,0,0,1,0,1,1,False,False,False,True,False,False,False,False,True,False,False,False,False,49,2053.0,18,1.0,1,2.025353904916254,0.60945005089649
3422,1975,76068.0,0,1.0,67,0,1115,12,128,33.0,12,76.0,1,2,3,4,6,0,1,0,1,0,0,False,False,True,False,False,False,False,False,True,False,False,False,False,50,1376.0,9,1.0,1,0.8984203647172981,-0.41458721259009584
1055,1976,53204.0,1,1.0,40,0,29,0,8,2.0,0,6.0,1,1,0,3,4,0,0,0,0,0,0,False,False,False,True,False,False,False,False,True,False,False,False,False,49,45.0,4,2.0,0,-1.1799722533614285,-0.7766305165215499
6544,1949,67911.0,0,1.0,63,0,529,0,356,63.0,28,0.0,3,6,7,11,3,0,0,0,0,0,0,False,False,False,False,True,False,False,False,False,False,True,False,False,76,976.0,24,1.0,1,1.8437403705741962,1.6350722117936802
1241,1984,14796.0,1,0.0,1,0,13,3,8,7.0,4,16.0,2,1,0,3,9,0,0,0,0,0,1,True,False,False,False,False,False,False,False,True,False,False,False,False,41,51.0,4,1.0,0,-2.6383399724508085,-1.1793671270845054
2909,1974,78128.0,0,1.0,89,0,934,24,230,16.0,24,36.0,2,8,4,6,3,0,0,0,1,1,0,False,False,False,False,True,False,False,False,True,False,False,False,False,51,1264.0,18,1.0,1,1.8475499395299584,0.2764967839619255
5802,1972,14188.0,0,0.0,40,0,2,7,11,16.0,12,27.0,1,2,0,4,6,0,0,0,0,0,0,False,True,False,False,False,False,False,False,True,False,False,False,False,53,75.0,6,0.0,0,-1.27520017388869,-1.8949247804250473
1407,1986,20425.0,1,0.0,5,0,4,12,5,3.0,16,17.0,2,2,0,3,7,0,0,0,0,0,0,False,True,False,False,False,False,False,False,True,False,False,False,False,39,57.0,5,1.0,0,-2.10623163639029,-1.2982006499972083
6183,1962,58646.0,0,1.0,3,0,62,1,44,6.0,5,22.0,1,2,1,4,4,0,0,0,0,0,0,False,False,False,True,False,False,False,False,True,False,False,False,False,63,140.0,7,1.0,0,-0.19430865830106583,-0.7661250167057547
340,1970,72967.0,0,1.0,1,0,158,35,179,0.0,0,125.0,2,7,2,8,5,0,0,1,0,0,1,False,False,True,False,False,False,False,True,False,False,False,False,False,55,497.0,17,1.0,1,0.700030117791501,0.14360029518842302
5991,1949,48150.0,0,1.0,24,0,173,2,39,3.0,2,47.0,3,5,1,4,7,0,0,0,0,0,0,False,False,False,True,False,False,False,False,True,False,False,False,False,76,266.0,10,1.0,0,-0.7721738868802518,0.9058088425318561
3104,1961,82332.0,0,0.0,89,0,830,59,556,51.0,79,19.0,1,5,3,12,2,0,0,0,0,1,1,False,False,True,False,False,False,False,False,False,True,False,False,False,64,2006.0,20,0.0,1,3.551353321928978,-0.107326503081675
9729,1955,58275.0,1,1.0,48,0,189,10,253,56.0,43,64.0,6,8,2,7,7,0,0,0,0,0,0,False,False,True,False,False,False,False,False,False,False,False,True,False,70,615.0,17,2.0,0,-0.6713409103375548,3.1696147788554594
1008,1981,44953.0,0,0.0,31,0,728,17,133,11.0,8,124.0,1,7,3,13,6,0,0,1,0,0,0,False,False,False,False,True,False,False,False,False,False,True,False,False,44,1021.0,23,0.0,1,1.1844737588485483,-0.9614074367647835
11091,1953,34587.0,1,1.0,68,0,7,2,9,2.0,0,2.0,2,1,0,3,4,0,0,0,0,0,0,False,False,True,False,False,False,False,False,False,False,True,False,False,72,22.0,4,2.0,0,-1.5367542658965099,0.3282738191661086
3969,1974,43018.0,0,1.0,46,0,35,4,17,7.0,6,64.0,1,2,2,2,5,0,0,0,0,0,0,False,False,False,True,False,False,False,False,False,False,True,False,False,51,133.0,6,1.0,0,-0.8876430715976164,-1.1892664038179457
1916,1954,45736.0,0,1.0,92,0,188,3,180,20.0,3,43.0,5,7,1,6,7,0,0,0,0,0,0,False,False,False,True,False,False,False,False,True,False,False,False,False,71,437.0,14,1.0,0,-0.6750879509570574,1.9517484708066515
9907,1969,66476.0,0,1.0,80,0,742,28,152,25.0,9,57.0,2,6,8,10,4,0,0,0,0,0,0,False,False,False,True,False,False,False,False,False,False,True,False,False,56,1013.0,24,1.0,1,1.6096510213018016,0.6240162285445241
87,1981,27733.0,1,0.0,16,0,0,7,5,26.0,2,17.0,2,2,0,3,7,0,0,0,0,0,0,True,False,False,False,False,False,False,False,True,False,False,False,False,44,57.0,5,1.0,0,-1.8909672734069745,-1.0567296701008082
8659,1952,52266.03129314312,0,1.0,50,0,750,71,174,13.0,10,20.0,2,6,8,11,2,0,0,0,0,0,0,False,False,False,False,True,False,False,False,False,False,True,False,False,73,1038.0,25,1.0,1,1.8443538827700727,0.928612650747571
6262,1962,72217.0,0,0.0,93,0,816,42,450,55.0,56,126.5,1,3,10,8,2,0,0,0,0,0,0,False,False,False,True,False,False,False,False,False,True,False,False,False,63,1573.0,21,0.0,1,3.019918942520129,-0.27295975998496497
6147,1971,25818.0,1,0.0,51,0,5,2,8,2.0,2,9.0,1,0,1,2,7,0,0,0,0,0,0,False,False,True,False,False,False,False,True,False,False,False,False,False,54,28.0,3,1.0,0,-1.8821402499209097,-1.2288526196796146
8832,1976,37509.0,1,0.0,24,0,37,5,56,12.0,8,5.0,2,3,0,4,7,0,0,0,0,0,0,False,False,False,True,False,False,False,False,False,False,True,False,False,49,123.0,7,1.0,0,-1.4415689835227454,-0.6935089721085964
10067,1976,25176.0,1,1.0,79,0,4,0,4,0.0,0,5.0,1,1,0,2,7,0,0,0,0,0,0,True,False,False,False,False,False,False,False,False,False,True,False,False,49,13.0,3,2.0,0,-2.432476031501822,-0.7613422435286218
7532,1980,43586.0,0,1.0,26,0,99,2,11,4.0,0,16.0,3,3,0,4,8,0,0,0,0,0,0,False,False,True,False,False,False,False,False,True,False,False,False,False,45,132.0,7,1.0,0,-1.6071233868913823,-0.24987080721697755
4915,1956,53230.0,0,1.0,86,0,176,72,98,120.5,21,126.5,4,5,2,12,5,0,0,0,0,0,0,True,False,False,False,False,False,False,False,True,False,False,False,False,69,732.0,19,1.0,1,0.48635724092507016,1.635841000556944
2115,1957,50116.0,1,1.0,68,0,54,0,10,0.0,0,2.0,2,1,0,4,5,0,0,0,1,0,0,False,False,True,False,False,False,False,False,False,False,True,False,False,68,66.0,5,2.0,0,-1.2861971287483311,0.4492452908673876
2088,1972,84906.0,0,0.0,98,0,997,15,414,99.0,30,76.0,1,5,6,12,2,0,1,0,1,1,0,False,False,True,False,False,False,False,False,False,False,True,False,False,53,1631.0,23,0.0,1,3.4040119718277158,-0.3914964904973349
2493,1966,61286.0,0,1.0,34,0,356,0,107,19.0,9,117.0,2,7,1,8,5,0,0,0,0,0,0,False,False,True,False,False,False,False,False,True,False,False,False,False,59,608.0,16,1.0,1,0.49998761262334274,0.21963732482400738
6292,1986,82333.0,0,0.0,60,0,1225,0,359,46.0,81,17.0,1,4,3,10,2,0,0,0,0,1,1,False,False,False,False,True,False,False,False,True,False,False,False,False,39,1822.0,17,0.0,1,2.9975860033225694,-1.165916276192983
1631,1965,65220.0,0,0.0,3,0,890,63,292,0.0,25,12.0,4,8,4,7,6,0,0,0,0,0,1,False,False,False,False,True,False,False,False,False,False,True,False,False,60,1282.0,19,0.0,1,1.425278595160946,0.9079700371735876
10104,1974,33590.0,2,1.0,65,0,4,0,2,0.0,0,2.0,1,1,0,2,7,0,0,0,0,0,0,False,False,True,False,False,False,False,False,False,False,True,False,False,51,8.0,3,2.5,0,-2.4734170325369327,-0.3546307128813035
3006,1976,30992.0,1,0.5063752276867031,83,0,17,0,14,7.0,3,2.0,1,1,0,3,7,0,0,0,0,0,0,False,False,True,False,False,False,False,True,False,False,False,False,False,49,43.0,4,1.506375227686703,0,-1.9676781379215935,-0.9505121204693938
3919,1976,72309.0,0,0.0,64,0,960,0,556,50.0,38,0.0,1,5,6,8,3,1,0,0,0,0,1,False,False,False,True,False,False,False,False,False,True,False,False,False,49,1931.0,19,0.0,1,2.887079842931283,-0.7135636318893753
11181,1949,116059.5,0,0.0,85,0,2,1,2,1.0,1,1.0,0,0,0,0,0,0,0,0,0,0,0,False,False,False,False,True,False,False,False,True,False,False,False,False,76,8.0,0,0.0,1,2.029802232649003,-1.4448906192845876
642,1980,16005.0,1,0.0,69,0,1,3,2,20.0,30,47.0,3,2,1,2,8,0,0,0,0,0,0,False,True,False,False,False,False,False,False,True,False,False,False,False,45,103.0,5,1.0,0,-2.3829903934536185,-0.4949770846685598
4369,1957,65487.0,0,0.0,48,0,240,67,500,120.5,0,126.5,3,3,5,6,2,0,0,0,0,0,0,False,False,False,True,False,True,False,False,False,False,False,False,False,68,1169.0,14,0.0,1,1.9163953962983997,0.2450392916461348
10127,1965,58692.0,0,1.0,21,0,301,11,61,4.0,7,11.0,1,8,2,4,7,0,0,0,0,0,0,False,False,True,False,False,False,False,False,True,False,False,False,False,60,395.0,14,1.0,0,-0.0961745819442818,-0.22923757185394028
271,1969,40590.0,1,1.0,30,0,154,0,50,6.0,11,37.0,5,3,4,3,6,0,0,1,0,0,0,False,False,True,False,False,False,False,False,False,False,False,True,False,56,258.0,10,2.0,0,-1.6481783107498162,1.607366012730192
4973,1970,20587.0,1,0.0,39,0,2,3,6,4.0,1,9.0,1,1,1,2,7,0,0,0,0,0,0,False,False,True,False,False,False,False,False,False,True,False,False,False,55,25.0,4,1.0,0,-1.9395081326177661,-1.2115810643247704
2948,1954,62637.0,0,1.0,76,0,104,12,48,4.0,12,5.0,1,2,2,5,2,0,0,0,0,0,0,False,False,False,True,False,False,False,True,False,False,False,False,False,71,185.0,9,1.0,1,0.4985083719086044,-0.3980824458811582
2715,1966,29435.0,1,1.0,11,0,70,3,37,4.0,2,64.0,4,3,2,2,9,0,0,0,0,0,1,False,False,False,True,False,False,False,True,False,False,False,False,False,59,180.0,7,2.0,0,-2.5560537948004596,1.2099589752014057
10432,1974,19346.0,1,0.0,26,0,2,0,9,3.0,6,2.0,1,1,0,3,8,0,0,0,0,0,0,False,False,True,False,False,False,False,True,False,False,False,False,False,51,22.0,4,1.0,0,-2.1832134427013417,-1.3009027484198776
9216,1971,35788.0,1,1.0,34,0,23,2,11,3.0,1,4.0,2,2,0,3,6,0,0,0,0,0,0,False,False,True,False,False,False,False,False,True,False,False,False,False,54,44.0,5,2.0,0,-1.9399644046887254,-0.1139507891597361
7124,1968,36997.0,1,1.0,72,0,43,4,12,8.0,0,27.0,5,2,1,4,5,0,0,0,0,0,0,False,False,False,False,False,False,False,True,False,False,False,False,False,57,94.0,7,2.0,0,-1.8546893941021545,1.429152856451072
9727,1957,23539.0,0,0.0,13,0,4,24,11,16.0,1,25.0,1,2,0,4,6,0,0,0,0,0,0,False,False,True,False,False,False,False,False,True,False,False,False,False,68,81.0,6,0.0,0,-0.9355469124618692,-1.3661413863228111
5136,1973,65333.0,0,1.0,58,0,654,7,92,0.0,15,30.0,6,9,4,8,6,0,0,0,1,1,0,False,False,True,False,False,False,False,False,False,True,False,False,False,52,798.0,21,1.0,1,0.40671694799353053,2.1993609291995004
9790,1957,78499.0,0,0.0,12,0,912,72,170,47.0,36,97.0,1,11,3,4,4,0,0,0,0,1,1,False,False,True,False,False,False,False,False,False,True,False,False,False,68,1334.0,18,0.0,1,2.45308543526035,-0.23436839377455151
1818,1971,29732.0,1,0.0,23,0,25,0,8,0.0,1,4.0,1,2,0,2,9,0,0,0,0,0,0,False,False,False,False,True,False,False,False,False,False,True,False,False,54,38.0,4,1.0,0,-2.079347983658189,-1.0453984709495252
1100,1960,41275.0,1,2.0,33,0,24,4,22,0.0,2,9.0,4,3,1,3,5,0,0,0,0,0,0,False,False,False,True,False,False,False,False,False,False,True,False,False,65,61.0,7,2.5,0,-1.865580133114764,1.506869297303168
7873,1973,63516.0,1,1.0,30,0,141,11,114,15.0,14,5.0,4,4,1,7,5,0,0,0,0,0,0,False,False,False,False,True,False,False,False,False,False,True,False,False,52,300.0,12,2.0,0,-0.7089298104503289,1.233413643653414
10609,1962,42769.0,0,1.0,15,0,71,0,13,3.0,1,0.0,2,1,1,4,4,0,0,0,0,0,0,False,False,False,False,True,False,False,False,True,False,False,False,False,63,88.0,6,1.0,0,-0.7705516240801017,-0.48181576266623805
6950,1958,49572.0,1,1.0,25,0,35,1,16,0.0,1,1.0,2,2,0,3,7,0,0,0,0,0,0,False,False,False,True,False,False,False,False,True,False,False,False,False,67,54.0,5,2.0,0,-1.6800223272817763,0.48894196364999
7233,1972,69209.0,0,0.5063752276867031,4,0,496,32,556,120.5,48,126.5,2,5,3,6,4,1,0,0,0,0,0,False,False,True,False,False,False,False,False,True,False,False,False,False,53,1782.0,14,0.5063752276867031,1,1.8692958874506944,-0.14239504044571616
9481,1976,17148.0,1,0.0,80,0,9,9,11,13.0,10,16.0,4,3,1,3,8,0,0,0,0,0,0,False,False,True,False,False,False,False,False,True,False,False,False,False,49,68.0,7,1.0,0,-2.330166337766185,0.19541788527613868
7699,1969,40590.0,1,1.0,30,0,154,0,50,6.0,11,37.0,5,3,4,3,6,0,0,1,0,0,0,False,False,True,False,False,False,False,False,False,False,False,True,False,56,258.0,10,2.0,0,-1.6481783107498162,1.607366012730192
2711,1976,30560.0,1,0.0,6,0,9,1,5,4.0,5,7.0,1,1,0,3,7,0,0,0,0,0,0,False,False,False,True,False,False,False,False,False,False,True,False,False,49,31.0,4,1.0,0,-1.763146553288423,-1.384697565200409
8933,1983,32146.0,1,0.0,16,0,26,3,23,4.0,7,3.0,2,2,0,4,6,0,0,0,0,0,0,True,False,False,False,False,False,False,False,True,False,False,False,False,42,66.0,6,1.0,0,-1.560827618423521,-1.1157600736005708
8726,1964,41713.0,1,1.0,57,0,77,8,44,10.0,10,25.0,5,3,1,4,6,0,0,0,0,0,0,True,False,False,False,False,False,False,True,False,False,False,False,False,61,174.0,8,2.0,0,-1.7640756200087997,1.714712877177976
1515,1975,34176.0,0,1.0,9,0,11,2,7,4.0,2,2.0,1,1,0,3,3,0,0,0,0,0,0,False,False,False,True,False,False,False,False,False,False,True,False,False,50,28.0,4,1.0,0,-0.9726480047672214,-1.619618005628143
5186,1955,58482.0,0,1.0,59,0,576,7,115,19.0,7,7.0,2,7,4,9,6,0,0,0,1,0,0,False,False,False,False,True,False,False,False,True,False,False,False,False,70,731.0,20,1.0,1,0.7077819023984652,0.8909760802691605
10157,1965,59686.0,0,1.0,78,0,89,15,89,34.0,42,5.0,1,4,1,6,4,0,0,0,0,0,0,False,False,True,False,False,False,False,False,False,True,False,False,False,60,274.0,11,1.0,0,0.18489692395832144,-0.5199583431848236
5667,1964,60896.0,0,1.0,90,0,1013,30,399,60.0,46,126.5,3,9,10,4,6,0,0,0,0,0,1,False,False,False,False,True,False,False,False,True,False,False,False,False,61,1701.0,23,1.0,1,1.564441676890776,1.4818279267031582
902,1980,62994.0,1,0.0,74,0,224,12,48,4.0,12,12.0,1,6,2,4,6,0,0,0,0,0,0,False,False,True,False,False,False,False,False,False,False,True,False,False,45,312.0,12,1.0,0,-0.12192056715873868,-0.7930992268918539
977,1957,47320.0,0,1.0,10,0,200,19,111,50.0,15,19.0,6,5,1,8,6,0,0,0,0,0,0,False,False,True,False,False,False,False,False,False,False,True,False,False,68,414.0,14,1.0,0,-0.6389486169507684,2.097735616377743
7313,1949,52266.03129314312,0,0.0,63,0,570,73,556,120.5,81,73.0,1,6,5,11,3,1,0,0,0,0,0,True,False,False,False,False,False,False,False,False,False,False,True,False,76,1565.0,22,0.0,1,2.536186080627715,0.07124581754598097
7600,1992,15253.0,1,0.0,13,0,1,3,3,8.0,1,13.0,2,1,0,3,7,0,0,0,0,0,0,False,True,False,False,False,False,False,False,False,True,False,False,False,33,29.0,4,1.0,0,-2.3590861677626744,-1.577380927066103
9706,1974,31560.0,1,0.0,98,0,62,1,20,4.0,0,7.0,2,2,1,3,8,0,0,0,0,0,0,False,False,False,False,True,False,False,False,False,True,False,False,False,51,94.0,6,1.0,0,-1.8007546682140403,-0.5304377543763211
2429,1954,72071.0,0,1.0,4,0,531,69,300,120.5,81,126.5,3,5,4,8,2,0,0,0,0,0,0,False,False,True,False,False,False,False,True,False,False,False,False,False,71,1338.0,17,1.0,1,1.9142731264355966,1.0986871291799583
3520,1990,91172.0,0,0.0,94,0,162,28,556,0.0,28,56.0,0,4,3,7,3,1,1,1,0,1,1,False,False,False,True,False,False,False,False,False,True,False,False,False,35,1092.0,14,0.0,1,2.333608112712015,-1.8600065458451598
10394,1984,90000.0,0,0.0,91,0,675,81,133,94.0,81,126.5,1,4,8,5,1,1,0,1,0,1,0,False,False,True,False,False,False,False,False,True,False,False,False,False,41,1479.0,17,0.0,1,3.099018184088512,-1.146821884938188
4548,1981,41967.0,1,1.0,66,0,23,4,10,0.0,2,15.0,1,1,0,3,4,0,0,0,0,0,0,False,False,True,False,False,False,False,False,False,True,False,False,False,44,54.0,4,2.0,0,-1.4678761919322125,-0.9863629041784882
9362,1965,69263.0,0,1.0,14,0,492,5,32,13.0,5,21.0,1,9,1,7,6,0,0,0,1,0,0,False,False,True,False,False,False,False,False,False,True,False,False,False,60,568.0,17,1.0,1,0.6489042780841654,-0.05387092857793255
3968,1970,65706.0,0,0.0,77,0,918,10,129,13.0,0,126.5,1,11,3,12,7,0,1,0,1,1,1,True,False,False,False,False,False,False,True,False,False,False,False,False,55,1199.0,26,0.0,1,1.9292117726034241,-0.10254653660547176
4084,1975,60934.0,0,1.0,41,0,224,81,155,120.5,81,54.0,2,6,4,11,4,0,0,0,0,0,0,False,False,True,False,False,False,False,False,False,False,True,False,False,50,873.0,21,1.0,1,1.1186903037013178,0.1467094586356613
6721,1951,71965.0,0,1.0,21,0,572,19,286,50.0,38,126.5,3,6,3,5,3,0,0,0,0,0,0,False,False,True,False,False,False,False,False,True,False,False,False,False,74,1213.0,14,1.0,1,1.4797471586454176,1.1332676586120158
2829,1955,65210.0,0,1.0,25,0,626,0,70,0.0,7,28.0,2,9,3,8,6,1,0,0,1,0,0,False,False,True,False,False,False,False,False,True,False,False,False,False,70,731.0,20,1.0,1,0.8537502706595457,0.8883609574255461
1772,1975,79174.0,0,0.0,2,0,1074,37,518,120.5,81,126.5,1,5,6,7,2,1,0,0,0,1,1,False,False,False,False,True,False,False,False,True,False,False,False,False,50,2043.0,18,0.0,1,3.2395717552731202,-0.8213407540889198
1544,1967,81380.0,0,0.0,51,0,741,68,556,120.5,68,103.0,1,4,2,10,2,0,0,0,0,0,0,False,False,False,True,False,False,False,True,False,False,False,False,False,58,1893.0,16,0.0,1,3.12728434104219,-0.5859280005975811
492,1973,48432.0,0,1.0,3,0,322,3,50,4.0,3,42.0,5,7,1,6,8,0,0,0,0,0,0,False,False,False,False,True,False,False,False,False,False,False,False,True,52,424.0,14,1.0,0,-0.9844905752312189,1.2688996165517386
4377,1971,52914.0,0,1.0,32,0,254,10,44,30.0,10,126.5,2,7,3,3,7,0,0,1,0,0,0,False,False,True,False,False,False,False,False,True,False,False,False,False,54,575.0,13,1.0,0,-0.2999713330211314,-0.009954688950106793
4541,1955,38946.0,0,1.0,84,0,116,6,82,6.0,6,41.0,2,3,1,6,5,0,0,0,0,0,0,False,False,True,False,False,False,False,False,False,False,True,False,False,70,257.0,10,1.0,0,-0.5690500271147414,0.1318260865378821
1321,1974,26067.0,1,0.0,49,0,22,2,18,0.0,2,12.0,3,3,0,3,8,0,0,0,0,0,0,False,False,True,False,False,False,False,False,True,False,False,False,False,51,56.0,6,1.0,0,-2.0809246801653853,-0.21509504114211023
8858,1972,44325.0,0,1.0,69,0,516,0,21,0.0,0,5.0,4,8,2,7,8,0,0,0,1,0,0,False,False,False,False,True,False,False,False,True,False,False,False,False,53,542.0,17,1.0,0,-0.6628925272180963,1.0951860654475862
3266,1964,42523.0,0,0.0,96,0,14,36,11,3.0,26,35.0,1,1,1,4,2,0,0,0,0,0,0,False,False,True,False,False,False,False,False,True,False,False,False,False,61,125.0,6,0.0,0,0.2082544215777715,-1.6034008231508243
11187,1978,26487.0,1,0.0,23,0,2,8,10,12.0,14,23.0,3,2,1,3,5,0,0,0,0,0,0,False,True,False,False,False,False,False,False,False,True,False,False,False,47,69.0,6,1.0,0,-1.5775243325699528,-0.6094720128647404
8207,1957,53233.0,0,1.0,18,0,28,0,9,3.0,0,0.0,1,1,0,3,4,0,0,0,0,0,0,True,False,False,False,False,False,False,False,True,False,False,False,False,68,40.0,4,1.0,0,-0.5409866315907086,-0.7793472958383311
9723,1960,67716.0,0,1.0,8,0,530,81,217,62.0,9,56.0,4,7,4,13,5,0,0,0,1,0,0,False,False,True,False,False,False,False,False,True,False,False,False,False,65,1016.0,24,1.0,1,1.3062883759091306,1.7865148992184199
2666,1972,76234.0,0,1.0,21,0,519,50,167,120.5,0,41.0,1,8,3,11,3,0,0,0,1,0,0,False,False,False,True,False,False,False,False,True,False,False,False,False,53,907.0,22,1.0,1,1.8644510445882638,-0.1352046335887613
5721,1956,84117.0,0,0.0,60,0,611,76,556,59.0,45,26.0,1,7,10,6,2,0,0,0,0,1,0,False,False,False,False,True,False,False,False,True,False,False,False,False,69,1566.0,23,0.0,1,3.455217845021513,0.05544809428168084
10652,1957,65487.0,0,0.0,48,0,240,67,500,120.5,0,126.5,3,3,5,6,2,0,0,0,0,0,0,False,False,False,True,False,False,False,False,False,False,True,False,False,68,1169.0,14,0.0,1,1.9163953962983997,0.2450392916461348
1646,1972,25224.0,1,0.0,36,0,4,9,12,11.0,2,8.0,2,1,1,3,3,0,0,0,0,0,0,False,True,False,False,False,False,False,False,True,False,False,False,False,53,46.0,5,1.0,0,-1.1771482708298873,-1.048500636969851
4418,1983,89616.0,0,0.0,36,0,671,47,556,120.5,81,15.0,1,7,5,12,2,0,0,0,0,0,1,False,False,False,True,False,False,False,False,False,True,False,False,False,42,1644.0,24,0.0,1,3.4748518459493067,-0.7721019348175507
2656,1971,40851.0,1,1.0,63,0,23,1,7,0.0,4,24.0,1,1,1,2,7,0,0,0,0,0,0,False,False,True,False,False,False,False,True,False,False,False,False,False,54,59.0,4,2.0,0,-1.9315851424660109,-0.4413751240740628
7990,1947,27469.0,0,0.0,2,0,9,1,2,3.0,2,0.0,1,0,0,3,6,0,0,0,0,0,0,False,False,True,False,False,False,False,False,True,False,False,False,False,78,17.0,3,0.0,0,-1.0018858027702695,-1.1736353843874057
8722,1957,82347.0,0,0.0,38,0,556,54,556,120.5,81,63.0,1,7,7,10,3,1,0,1,0,0,1,True,False,False,False,False,False,False,False,True,False,False,False,False,68,1853.0,24,0.0,1,3.5187703544702083,0.16272452738432136
7118,1957,52266.03129314312,0,1.0,61,0,833,80,363,52.0,26,126.5,2,9,5,6,6,0,0,1,0,0,1,False,False,True,False,False,False,False,False,True,False,False,False,False,68,1528.0,20,1.0,1,1.1933174330970104,0.9721159714849003
2980,1952,8820.0,1,1.0,52,0,12,0,13,4.0,2,4.0,4,3,0,3,8,0,0,0,0,0,0,False,False,False,True,False,False,False,False,False,True,False,False,False,73,35.0,6,2.0,0,-2.9103544409725908,1.4233916406635623
1839,1974,43322.0,0,0.0,25,0,56,7,48,10.0,2,18.0,1,3,0,4,7,0,0,0,0,0,0,False,False,True,False,False,False,False,False,False,True,False,False,False,51,141.0,7,0.0,0,-0.6782498795102243,-1.6196486372612682
10722,1973,55593.0,0,1.0,63,0,293,8,124,11.0,4,106.0,2,6,6,3,6,0,0,1,0,0,0,False,False,True,False,False,False,False,False,False,False,True,False,False,52,546.0,15,1.0,0,0.03068740848910733,0.004445840339606665
2632,1954,50501.0,1,1.0,10,0,297,0,38,13.0,0,126.5,6,5,4,4,6,0,0,1,0,0,1,False,False,True,False,False,False,False,False,True,False,False,False,False,71,500.0,13,2.0,0,-1.0221923856611421,2.793957040093964
9014,1975,37085.0,1,1.0,65,0,39,1,16,2.0,0,3.0,4,3,0,3,8,0,0,0,0,0,0,False,False,True,False,False,False,False,False,True,False,False,False,False,50,61.0,6,2.0,0,-2.4204799424315233,0.9101174667842035
7620,1990,16185.0,1,0.0,71,0,5,11,16,21.0,8,45.0,2,2,2,2,8,0,0,0,0,0,0,False,True,False,False,False,False,False,False,False,True,False,False,False,35,106.0,6,1.0,0,-2.2910119657013586,-1.2237605624138563
10968,1969,57731.0,0,1.0,0,0,266,21,300,65.0,8,44.0,4,8,8,6,6,0,0,0,0,0,0,False,False,True,False,False,False,False,False,False,True,False,False,False,56,704.0,22,1.0,1,0.44417401915557286,1.3044490406941895
11133,1973,48432.0,0,1.0,3,0,322,3,50,4.0,3,42.0,5,7,1,6,8,0,0,0,0,0,1,False,False,False,False,True,False,False,False,False,False,False,False,True,52,424.0,14,1.0,0,-0.9844905752312189,1.2688996165517386
2736,1978,73807.0,0,1.0,88,0,366,81,156,71.0,78,54.0,2,5,5,11,2,0,0,0,0,0,0,False,False,True,False,False,False,False,False,True,False,False,False,False,47,849.0,21,1.0,1,1.7378215780149227,0.06913582733972216
1876,1990,18929.0,0,0.0,15,0,32,0,8,23.0,4,18.0,1,1,0,4,6,0,0,0,0,0,0,False,False,True,False,False,False,False,False,True,False,False,False,False,35,85.0,5,0.0,0,-1.3773992825099242,-2.539076618493061
5959,1968,35893.0,1,1.0,80,0,158,0,23,0.0,0,18.0,6,3,1,5,8,0,0,0,0,0,0,False,False,True,False,False,False,False,False,False,True,False,False,False,57,199.0,9,2.0,0,-2.2996839484079277,2.223695979008983
1092,1980,61014.0,0,1.0,17,0,269,81,495,120.5,43,29.0,4,9,3,4,7,0,0,0,0,0,0,False,False,True,False,False,False,False,False,True,False,False,False,False,45,1147.0,16,1.0,1,0.24555623248122593,0.9018969798929837
4333,1954,32144.0,1,1.0,76,0,41,0,10,0.0,0,3.0,4,2,1,3,7,0,0,0,1,0,0,False,False,True,False,False,False,False,False,False,False,True,False,False,71,54.0,6,2.0,0,-2.186893944186102,1.5093011128441114
3850,1963,14918.0,0,1.0,52,0,3,3,3,15.0,4,15.0,1,1,0,3,6,0,0,0,0,0,0,False,True,False,False,False,False,False,False,False,False,True,False,False,62,43.0,4,1.0,0,-1.8192330903730933,-1.07345792157162
6168,1963,45146.0,1,1.0,28,0,33,0,5,0.0,0,15.0,2,1,1,2,4,0,0,0,0,0,0,False,False,True,False,False,False,False,True,False,False,False,False,False,62,53.0,4,2.0,0,-1.362162626267243,0.02162713729935006
607,1955,41769.0,0,1.0,31,0,302,29,131,32.0,0,27.0,6,8,1,7,8,0,0,0,0,0,0,True,False,False,False,False,False,False,True,False,False,False,False,False,70,521.0,16,1.0,0,-0.8836679611289632,2.4222839365664366
10469,1981,88325.0,0,0.0,42,0,519,71,556,93.0,27,53.0,1,6,2,9,2,0,0,0,0,0,0,False,False,True,False,False,False,False,False,False,False,True,False,False,44,1623.0,17,0.0,1,3.0119083875683517,-1.0304552184904558
6983,1950,38054.0,1,1.0,24,0,23,2,17,2.0,1,0.0,2,2,0,3,7,0,0,0,0,0,0,False,False,False,True,False,False,False,True,False,False,False,False,False,75,45.0,5,2.0,0,-1.888519902640512,0.659960539052915
3661,1995,80617.0,0,0.0,42,0,594,51,556,72.0,55,32.0,1,4,6,8,2,0,0,0,0,0,0,True,False,False,False,False,False,False,False,False,True,False,False,False,30,1435.0,18,0.0,1,2.6249881186932575,-1.5557586444412728
9303,1976,5305.0,0,1.0,12,0,12,4,7,1.0,3,5.0,0,1,0,0,13,0,0,0,0,0,0,False,False,True,False,False,False,False,False,True,False,False,False,False,49,32.0,1,1.0,0,-3.4769552413632328,-1.7070973644620562
692,1954,36807.0,1,1.0,88,0,4,2,5,0.0,0,5.0,1,1,0,2,6,0,0,0,0,0,0,False,False,True,False,False,False,False,False,False,False,True,False,False,71,16.0,3,2.0,0,-1.7975704688741725,0.0006609645137228802
736,1983,28427.0,1,0.0,67,0,18,3,19,3.0,3,6.0,2,2,0,3,8,0,0,0,0,0,0,False,False,True,False,False,False,False,False,False,False,True,False,False,42,52.0,5,1.0,0,-2.0547317789021573,-0.960288503318918
9589,1948,82032.0,0,0.0,54,0,332,81,377,120.5,81,57.0,0,4,6,7,1,0,0,0,0,0,0,False,False,False,False,True,False,False,False,False,False,False,True,False,77,1234.0,17,0.0,1,3.1115600750256145,-0.5825092354564093
4838,1978,22775.0,1,0.0,40,0,5,1,8,0.0,0,1.0,1,1,0,2,8,0,0,0,0,0,0,False,False,True,False,False,False,False,False,False,False,True,False,False,47,15.0,3,1.0,0,-2.2003774576202964,-1.4310857481199504
9246,1985,40101.0,1,0.0,73,0,171,3,129,26.0,24,62.0,4,6,1,6,7,0,0,0,0,0,0,False,False,False,True,False,False,False,False,False,False,True,False,False,40,415.0,13,1.0,0,-1.0451761197255587,0.3485766293233186
6261,1979,58025.0,0,1.0,81,0,270,31,88,11.0,48,22.0,3,3,2,10,4,0,0,0,0,0,0,False,False,True,False,False,False,False,False,True,False,False,False,False,46,470.0,15,1.0,0,0.22426914048019275,0.1329927156113877
7366,1982,75777.0,0,0.0,12,0,712,26,538,69.0,13,80.0,1,3,6,11,1,0,0,0,1,1,1,False,False,False,True,False,False,False,False,False,True,False,False,False,43,1438.0,20,0.0,1,2.913476994286861,-1.1946804904236428
10659,1979,7500.0,1,0.0,7,0,2,8,11,3.0,8,21.0,4,3,2,2,7,0,0,0,0,0,0,True,False,False,False,False,False,False,False,False,False,True,False,False,46,53.0,7,1.0,0,-2.439571734177659,-0.17828537239964526
1448,1963,33562.0,1,2.0,33,0,21,12,12,0.0,3,3.0,3,2,0,4,4,0,0,0,0,0,0,False,False,False,True,False,False,False,False,True,False,False,False,False,62,51.0,6,2.5,0,-1.8589751352987756,0.775436117588327
4286,1970,57642.0,0,1.0,24,0,580,6,58,8.0,0,27.0,3,7,6,6,4,0,0,1,0,0,0,False,False,False,False,True,False,False,False,False,True,False,False,False,55,679.0,19,1.0,1,0.6908623553120333,0.5686083368743058
4749,1968,58554.0,1,1.0,55,0,368,24,68,38.0,0,88.0,6,8,2,6,7,0,0,0,0,0,0,False,False,True,False,False,False,False,False,False,False,True,False,False,57,586.0,16,2.0,0,-0.8571632654278822,2.6991450637290333
4478,1979,63777.0,1,1.0,87,0,457,5,106,15.0,17,53.0,6,11,1,6,8,0,0,0,0,0,0,False,False,True,False,False,False,False,False,True,False,False,False,False,46,653.0,18,2.0,0,-0.8143287950275663,2.6101497977655788
4201,1962,57967.0,0,1.0,39,0,229,7,137,4.0,0,91.0,5,4,2,8,5,0,0,0,0,0,0,False,False,True,False,False,False,False,False,False,True,False,False,False,63,468.0,14,1.0,0,-0.09911620662888687,1.5530132946767201
8720,1978,52266.03129314312,0,0.0,53,0,32,2,556,12.0,4,22.0,0,0,0,1,0,0,0,0,1,0,0,True,False,False,False,False,False,False,False,False,False,True,False,False,47,1679.0,1,0.0,1,1.7101982068374393,-2.5113193551358672
10084,1972,24434.0,2,0.0,9,0,3,2,8,20.0,0,17.0,2,2,1,2,7,0,0,0,0,0,0,False,False,True,False,False,False,False,False,True,False,False,False,False,53,50.0,5,2.0,0,-2.390177799773691,-0.20076212138351918
7004,1984,11012.0,1,0.0,82,0,24,3,26,7.0,1,23.0,3,3,1,2,9,0,0,1,0,0,0,False,False,True,False,False,False,False,False,False,True,False,False,False,41,84.0,6,1.0,0,-2.6568223278709584,-0.529597800644539
9817,1970,44802.0,0,0.0,71,0,853,10,143,13.0,10,20.0,2,9,4,12,8,0,0,0,0,0,0,False,False,False,True,False,False,False,False,False,True,False,False,False,55,1049.0,25,0.0,1,0.9761309085079202,0.16419037131581485
8080,1986,26816.0,0,0.0,50,0,5,1,6,3.0,4,3.0,1,0,0,3,4,0,0,0,0,0,0,False,False,True,False,False,False,False,False,False,True,False,False,False,39,22.0,3,0.0,0,-0.9750831384030961,-2.5438742684601885
9432,1977,116059.5,1,0.0,23,0,9,14,18,8.0,1,12.0,4,3,1,3,6,0,0,0,0,0,0,False,False,True,False,False,False,False,False,False,False,True,False,False,48,62.0,7,1.0,1,0.28933057571925636,0.6959609378279504
8372,1974,34421.0,1,0.0,81,0,3,3,7,6.0,2,9.0,1,1,0,2,7,0,0,0,0,0,0,False,False,True,False,False,False,False,False,True,False,False,False,False,51,30.0,3,1.0,0,-1.6962647656049377,-1.21115715448831
10870,1967,61223.0,0,1.0,46,0,709,43,182,42.0,81,126.5,2,9,3,4,5,0,0,0,0,0,0,False,False,True,False,False,False,False,False,True,False,False,False,False,58,1341.0,16,1.0,1,1.0882131145544744,0.3832465354826351
4001,1946,64014.0,2,1.0,56,0,406,0,30,0.0,0,8.0,6,8,2,5,7,1,0,0,0,0,0,False,False,False,False,True,False,False,False,False,False,True,False,False,79,444.0,15,2.5,0,-0.9678024665274942,3.6920994023208618
7270,1981,56981.0,0,0.0,91,0,908,48,217,32.0,12,24.0,1,2,3,13,6,0,0,0,1,0,0,False,False,True,False,False,False,False,True,False,False,False,False,False,44,1241.0,18,0.0,1,1.3508347086512449,-0.9433499416658198
8235,1956,69245.0,0,1.0,8,0,428,30,214,80.0,30,61.0,2,6,5,10,3,0,0,0,0,0,0,False,False,False,True,False,False,False,False,False,False,True,False,False,69,843.0,21,1.0,1,1.6114920997590474,0.7063392441992462
9405,1954,52869.0,1,1.0,40,0,84,3,61,2.0,1,21.0,3,3,1,4,7,0,0,0,0,0,1,False,False,False,False,True,False,False,False,True,False,False,False,False,71,172.0,8,2.0,0,-1.3897287312782474,1.2855346339512868
